{"stats":{"strings":812,"translated":785},"strings":{"deleteCommentPrompt":"Сигурни ли сте, че искате да изтриете този коментар?","downloadDemoHeader":"Сваляне на __gamename__ демото","deckCompat_header":"Steam Deck съвместимост","deckCompat_unknown":"Неизвестно","deckCompat_unsupported":"Неподдържано","deckCompat_playable":"Годно за пускане","deckCompat_verified":"Потвърдено","featureHint_desc":"Бихте ли искали да включите следната характеристика?","featureHint_reminder":"Можете да промените своите предпочитания по-късно посредством страницата с опциите.","thewordyes":"Да","thewordno":"Не","theworderror":"Грешка","noData":"Няма данни","toomanyrequests":"Прекалено много заявки","showComments":"Показване на коментари","hideComments":"Скриване на коментари","thewordunknown":"Неизвестно","calcWorkshopSize_fileSize":"Файлов размер __size__","calcWorkshopSize_calcSize":"Изчисляване на общия размер","calcWorkshopSize_calcLoading":"Изчисляване на __i__/__count__ артикула от работилницата, моля, изчакайте…","calcWorkshopSize_calcFinished":"Приключено! Успешно са изчислени __success__/__total__ артикула.","calcWorkshopSize_totalSize":"Общ размер: __size__","cart":"Кошница","inCart":"В кошницата","steamidOfUser":"Steam № на __user__","copied":"Копирано в клипборда Ви!","viewSteamid":"Преглед на Steam №","moreOnSteampeek":"Вижте още в SteamPeek","date":"Дата","rating":"Оценка","helpful":"Полезно","funny":"Забавно","length":"Дължина","visibility":"Видимост","processing":"Обработване…","wait":"Моля, изчакайте","inviteFriends":"Канене на приятели","inviteToGroup":"Канене към група","inverse":"Обратно","transactionStatus":"__failed__ неуспешна(ни) заявка(ки). Възвърнати __size__ of __total__ транзакции.","customTags":"Персонализирани тагове","addTag":"Добавяне на таг","enterTag":"Въведете персонализирания таг, който бихте искали да добавите","status":"Статус:","connect":"Свързване","connected":"Свързано","disconnect":"Разкачване","disconnected":"Разкачено","oneclickgoo":"Превръщане в скъпоценни камъни с 1 кликване…","viewInLibrary":"Преглед в библиотеката","support":"Поддръжка","email":"Е-поща","contact":"Свързване","favEmoticonsDragging":"Провлечете емотикони тук, за да ги добавите към любими","favEmoticonsNoAccess":"Нямате достъп до тази емотикона","postHistory":"Преглед на историята за публикациите","addNickname":"Добавяне на прякор","totalSize":"Общ размер","dlcDetails":"Подробности за сваляемо съдържание","badgeNotUnlocked":"Не е отключено","badgeLevel":"Ниво __level__","each":"Всяко","viewInMarket":"Преглед в обществения пазар","remove":"Премахване","getHelp":"Получаване на помощ","addSelectedDlcToCart":"Добавяне на избраното сваляемо съдържание в кошницата","close":"Затваряне","error":"Възникна грешка","go":"Напред","activate":"Активиране на продукт","activateMultipleHeader":"Въвеждане на продуктови кодове по-долу, по един на ред","activateMultiple":"Активиране на множество продукти","activateProducts":"Активиране на продукти","couponApplicationNote":"От инвентара Ви автоматично ще бъде приложен ваучер при разплащането.","hide":"Скриване","filters":"Филтри на Augmented Steam","cardsOwned":"Притежавани __owned__ от __possible__ карти","libraryMenu":"Библиотека","clearCache":"Изчистване на кешираните данни","translation":"Превод","helpTranslate":"Помогнете ни да преведем Augmented Steam чрез POEditor","lowest":"Най-ниска","lowestPrice":"Текуща най-ниска цена:","viewBadgeProgress":"Преглед на напредъка за значката","badgeProgress":"Напредък за значката","salesTotal":"Общо продажби:","viewNormalBadge":"Преглед на напредъка за нормалната значка","apppageSections":"Изберете секциите, които бихте искали да виждате на тази страница","website":"Уебсайт","games":"Игри","badgeCompletionCost":"Цена за завършване на значката: __cost__","loading":"Зареждане…","selling":"Продажба…","quickSell":"Бърза продажба за __amount__","quickSellDesc":"Ценова разлика от __modifier__ в сравнение с тази на най-евтината оферта, понастоящем обявена на Steam пазара","instantSell":"Незабавна продажба за __amount__","instantSellDesc":"Цената на най-скъпата заявка за покупка, понастоящем обявена на Steam пазара","quickSellVerify":"Нужно е Steam Guard потвърждение","startingAt":"Започва от: __price__","homepageTabs":"Раздели на началната страница","store":"Магазин","viewInStore":"Преглед в магазина","communityHub":"Обществен център","viewOnWebsite":"Преглед в __website__","drmThirdParty":"Предупреждение: Това заглавие използва DRM от трета стана __drmlist__.","hoursShort":"__hours__ ч.","spamCommentShow":"__num__ спам коментара са скрити на тази страница. Кликнете тук, за да ги покажете.","addToWishlist":"Добавяне към списъка Ви с желания","addFullgameToWishlist":"Add full game to your wishlist","addToWaitlist":"Добавяне към списъка Ви за изчакване","addFullgameToWaitlist":"Add full game to your Waitlist","removeFromWaitlistTooltip":"Премахване от списъка за изчакване","removeFullgameFromWaitlistTooltip":"Remove full game from your Waitlist","removeFromWishlistAndWaitlistTooltip":"Премахване от списъка Ви с желания и този за изчакване","removeFullgameFromWishlistAndWaitlistTooltip":"Remove full game from both your wishlist and Waitlist","language":"Език","theworddefault":"По подразбиране","thewordclear":"Изчистване","couponLearnMore_linkText":"Научете още","couponLearnMore_fullText":"__linkdesc__ относно Steam ваучери","show":"Показване","showAll":"Показване на всички","badgesAll":"Всички значки","esSupporter":"Поддръжник на Enhanced Steam","community":"Общност","ownedCollection":"__gametitle__ is already in your IsThereAnyDeal Collection","viewBadge":"Преглед на значката","purchaseTotal":"Общата сума от покупка:","viewFoilBadge":"Преглед на напредъка за ламинираната значка","viewAstats":"Преглед на AStats страница","contribute":"Допринасяне (GitHub)","reviews":"Рецензии","readReviews":"Прочетете рецензии","readMoreReviews":"Прочетете още рецензии на","youtubeGameplay":"YouTube игрално преживяване","youtubeReviews":"YouTube рецензии","packageInfo":"Инф. за пакета","badgeCompletionAvg":"Средна цена за завършване: __cost__","volumeSoldLast_24":"Количество: __sold__ продадени през последните 24 часа","soldLast_24":"__sold__ продадени през последните 24 часа","homepageCurators":"Препоръки от Steam куратор","homepageTopnewreleases":"Най-популярни новоизлезли в Steam","homepageSidebar":"Странична лента","dropCalc":"Кликнете тук за изчисляване на оставащите падания","price":"Цена","marketTransactions":"Пазарни транзакции","loadMarketStats":"Зареждане на пазарни статистики","cardDropsRemaining":"__drops__ оставащи падания на карти","badgesDrops":"Значки с оставащи падания на карти","usingLanguageReturn":"Кликнете тук, за да преглеждате Steam в __base__.","guides":"Ръководства","highlight":"Отличено","save":"Запазване","view":"Преглед","gameName":"Име на играта","notinterested":"Артикули, маркирани с „Не се интересувам“","ignoredOwned":"Игри, които сте игнорирали като пускани на различна платформа","searchFilters_reviewsScore_between":"Между __lower__% и __upper__% рецензии","searchFilters_reviewsScore_any":"Някакъв брой рецензии","searchFilters_reviewsScore_upTo":"До __score__% резултат от рецензии","searchFilters_reviewsScore_from":"От __score__% резултат от рецензии","searchFilters_reviewsCount_count":"Брой рецензии:","searchFilters_reviewsCount_minCount":"Мин. брой","searchFilters_reviewsCount_maxCount":"Макс. брой","searchFilters_discountPercent_count":"Процент отстъпка:","searchFilters_discountPercent_minCount":"Мин. %","searchFilters_discountPercent_maxCount":"Макс. %","searchFilters_hideCart":"Скриване на артикули в кошницата Ви","searchFilters_hideEa":"Скриване на артикули от „Ранен достъп“","searchFilters_hideMixed":"Скриване на артикули със смесени оценки","searchFilters_hideNegative":"Скриване на артикули с отрицателни оценки","news":"Новини","viewinclient":"Преглед в клиента","customBackground":"Персонализиран фон","customStyle":"Персонализирана тема","customStyleHelp":"Всички потребители на Augmented Steam ще виждат тази тема на профила Ви. Потребителите без Augmented Steam няма да виждат никакви промени на темата, направени тук.","noneselected":"Няма избрано | Няма промяна","mostDrops":"Още падания","netGain":"Нетна печалба:","apppageRecentupdates":"Скорошни събития и анонси","apppageEaheader":"Информационно поле за „Ранен достъп“","apppageEabanner":"Банер за дискусиите на „Ранен достъп“","apppageWorkshop":"Банер за Steam работилницата","apppageGreenlight":"Банер за Steam „Зелена светлина“","apppageLegal":"Юридическа информация","apppageFranchise":"Поредица","apppageMorefromfranchise":"Още от поредицата","bugFeature":"Докладване на грешка | Предлагане на характеристика","always":"Винаги","ratingDetails":"Вижте подробности за оценката","dropsWorthAvg":"Приблизителна стойност","familySharingNotice_notice":"Известие:","familySharingNotice_desc":"Тази игра е изключена от Steam услугата „Семейно споделяне“.","visitStore":"Посещаване на страницата в магазина","all":"Всичко","externalFunds":"Използвани външни средства","shoppingCartHistory":"Преглед на историята на кошницата за пазаруване","manageWebapiKey":"Управляване на моя Steam уеб API ключ","steamCloudHeader":"Steam облак","steamCloudSaves":"Преглед на запазеното в облака","gamesWithDrops":"__dropsgames__ игри с оставащи падания","binderView":"Изглед в класьор","usingLanguage":"Преглеждате Steam в __current__.","loginWarning":"Уверете се, че сте влезли в __link__, с цел да сте способни да използвате всички характеристики на Augmented Steam.","visitTradeForum":"Посещаване на форума за търговия","purchaseDate":"(Закупено на __date__)","customBackgroundHelp":"Всички потребители на Augmented Steam ще виждат този фон на профила Ви. Потребителите без Augmented Steam ще виждат обичайния Ви профилен фон.","dateUnlocked":"Дата на отключване","netSpent":"Общо похарчено:","buy":"Купуване","buyPackage":"Купуване на __package__","moreInformation":"Още информация","regionUnavailable":"Не е достъпно в този регион","avgPrice_3cards":"Средна цена на три карти за размяна: __price__","groups_leaveGroupsConfirm":"Сигурни ли сте, искате да напуснете избраните __n__ групи?","groups_manageGroups":"Управляване на групи","groups_actionGroups":"По-долу изберете групите, над които желаете да предприемете действие.","groups_select":"Избиране:","groups_leave":"Напускане","groups_selected":"__n__ избрани.","groups_leaveAdminConfirm_currentlyAdmin":"Понастоящем сте администратори  на __name__.","groups_leaveAdminConfirm_wantToLeave":"Сигурни ли сте, че искате да напуснете тази група?","export_wishlist":"Изнасяне на списъка с желания","export_type":"Тип на изнасяне","export_format":"Текстов формат","export_text":"Текст","export_download":"Сваляне","export_copyClipboard":"Копиране в клипборда","none":"Никакво","emptyWishlist_title":"Изпразване на списъка с желания","emptyWishlist_confirm":"Сигурни ли сте, че искате да изпразните своя списък с желания? Това действие не може да бъде отменено!","emptyWishlist_removing":"Премахване на приложение __cur__ от __total__…","about":"Относно","never":"Никога","couponAvailable":"Разполагате с достъпен ваучер!","launchRandom":"Пускане на произволна игра","playGame":"Пускане на __gamename__?","dropsValue":"Най-висока стойност на падане","cardsRemain":"Най-малко оставащи карти за завършване на колода","wishlist":"Списък с желания","onWishlist":"В списъка с желания","onWaitlist":"В списъка за изчакване","onWishlistAndWaitlist":"В списъка с желания и този за изчакване","cancel":"Отказване","wikiArticle":"Преглед на __pcgw__ статията","viewAll":"ПРЕГЛЕД НА ВСИЧКО","gamesWithBooster":"__boostergames__ игри, приемливи за допълнителни пакети","sortBy":"Сортиране по:","playtime":"Изиграно време","awards":"Награди","year":"Година","lastonline":"Последно на линия","members":"Членове","name":"Име","drmThirdPartySub":"Предупреждение: Едно или повече заглавия в този пакет използва(т) DRM от трета страна __drmlist__.","customize":"Персонализиране","bundleSavingText":"Ето какво спестявате при закупуването на този комплект","thewordoptions":"Опции","discussions":"Дискусии","pricing_lowestPrice":"Текуща най-добра:","pricing_historicalLow":"Исторически най-ниска:","pricing_bundled":"В комплект:","pricing_withVoucher":"С ваучер __voucher__","pricing_store":"В __store__","pricing_bundleCount":"__count__ пъти","webBrowserChat":"Чат в уеб браузър","steamClientChat":"Чат в Steam клиента","equipOnProfile":"Екипиране на профила","previewBackground":"Преглед на фона","expandSlider":"Разширяване на плъзгача","contractSlider":"Съкращаване на плъзгача","earlyAccess":"Ранен достъп","tagShort":"Използване на кратки тагове, за да се пести място","noPriceData":"Няма достъпни ценови данни","userScore":"Потребителска оценка","marketPopularItemsToggle":"Превключване на обновяването в реално време за популярни артикули","showProgressbar":"Показване на лента за напредъка и статуса на Augmented Steam","achievements_option":"Показване на завършека за постижения на страниците в магазина","achievements_summary":"__unlocked__ от __total__ (__percentage__%) достигнати постижения:","bundle_offerEnds":"Офертата приключва","bundle_includes":"Включва __num__ артикула","bundle_tierIncludes":"__tier__ (__price__) включва __num__ артикула","bundle_tier":"Ред __num__","bundle_header":"Комплекти, които включват тази игра","bundle_info":"Инф. за комплекта","charts_peakall":"пик за целия период","charts_current":"Текущи играчи","charts_playingNow":"играещи сега","charts_peaktoday":"днешен пик","hltb_title":"Колко време отнема завършването ѝ","hltb_mainE":"Основна история и екстри","hltb_compl":"Завършеност","hltb_main":"Основна история","options_friendsAndGroups":"Friends and Groups","options_friendsAppendNickname":"Append nicknames to friends' names","options_settingsMngmt_import":"Внасяне","options_settingsMngmt_importSuccess":"Успешно внесени настройки","options_settingsMngmt_importFail":"Неуспешно внасяне на настройки","options_settingsMngmt_export":"Изнасяне","options_settingsMngmt_reset":"Нулиране","options_showCustomThemes":"Показване на персонализирани теми","options_communityDefaultTab":"Начален раздел за общността по подразбиране","options_videos":"Видеа","options_broadcasts":"Предавания","options_artwork":"Художествено творчество","options_screenshots":"Снимки","options_showBacktotop":"Показване на бутон „Обратно към началото“ при дълги страници","options_contextMenu":"Контекстуално меню","options_contextSteamStore":"Търсене в Steam магазина за „__query__“","options_contextSteamMarket":"Търсене в Steam пазара за „__query__“","options_contextItad":"Търсене в IsThereAnyDeal за „__query__“","options_contextBartervg":"Търсене в Barter.vg за „__query__“","options_contextSteamdb":"Търсене в SteamDB за „__query__“","options_contextSteamdbInstant":"Незабавно търсене в SteamDB за „__query__“","options_contextSteamKeys":"Активиране на Steam продуктови ключове в избраното.","options_wsgf":"Показване на WSGF (широкоекранна) информация","options_versionShow":"Показване на хронология за промените, когато Augmented Steam се обновява","options_steamcardexchange":"Показване на SteamCardExchange връзки върху значките","options_regionalPrice":"Сравняване на регионални цени","options_excludef2p":"Изключване на безплатните игри от отличаване","options_profileLinkImagesNone":"Няма","options_profileLinks":"Показване на профилни връзки към","options_tag":"Таг","options_icon":"Икона","options_name":"Име","options_showAlternativeLinuxIcon":"Показване на алтернативна Linux икона","options_replacecommunityhublinks":"Подмяна на връзките за обществени центрове с такива за страниците в магазина","options_hideannouncementcomments":"Скриване на коментарите под всички групови анонси по подразбиране","options_hidetmsymbols":"Hide trademark and copyright symbols in game titles","options_metacritic":"Показване на потребителски оценки от Metacritic","options_opencritic":"Показване на оценки и рецензии от Opencritic.com","options_hideactivelistings":"Скриване на всички активни обяви в началната страница на пазара по подразбиране","options_showlowestmarketprice":"Показване на най-ниската пазарна цена за обявите Ви","options_clear":"Сигурни ли сте, че желаете да нулирате всички опции? Това не може да бъде отменено.","options_coupon":"Артикули, за които разполагате с ваучер","options_showPackageInfo":"Показване на бутон „Инф. за пакета“ за всички пакети","options_wlbuttoncommunityapp":"Показване на бутон „Добавяне към списъка с желания“ в обществените центрове за приложения","options_removeguideslanguagefilter":"Ръководствата да не се филтрират автоматично по потребителския език","options_confirmdeletecomment":"Показване на потвърждение, когато се трият коментари","options_disablelinkfilter":"Преустановяване на потвърждението при достъп към външни сайтове","options_regionalPriceOn":"Показване на сравнение за регионалните цени","options_horizontalscrolling":"Включване на хоризонтално превъртане в страниците на приложения със скрола на мишката","options_supportinfo":"Показване на информация за поддръжка","options_drm":"Показване на предупреждения за DRM от трети страни","options_profileLinkImages":"Стил на изображения за профилни и групови връзки","options_show1clickgoo":"Прескачане на потвърждението, когато артикули се превръщат в скъпоценни камъни","options_hltb":"Показване на информация от HowLongToBeat.com","options_hidespamcomments":"Скриване на спам коментарите от артикулите и профилите в работилницата","options_gift":"Артикули, за които разполагате с подаръчно копие","options_regionalPriceMouse":"при задържане на мишката върху цената","options_lowestpriceHeader":"Информация за историята на цената","options_storesAll":"Сравняване на всички магазини","options_viewInCurrency":"Преглед в:","options_showEarlyAccess":"Показване на банери с изображение за „Ранен достъп“","options_profileLinkImagesGray":"Сиви","options_quickinv":"Показване на бутони за бърза продажба на обществени Steam артикули в инвентара","options_quickinvDiff":"Модификатор за бърза продажба:","options_sendAgeInfo":"Автоматично изпращане на потвърждение за възрастта и прескачане на предупреждения относно съдържание за възрастни","options_showdeckcompat":"Показване на оценки за съвместимост със Steam Deck в списъка с характеристики (и извличане на данните, когато липсват)","options_removebroadcasts":"Напълно премахване на всякакви излъчвания на живо","options_exfgls":"Показване на известие, ако приложението е изключено от „Семейно споделяне“","options_mp4video":"Принудително задаване на видеата да бъдат в MP4 формат","options_youtube":"Показване на YouTube връзки","options_twitch":"Показване на Twitch връзки","options_pcgw":"Показване на PCGamingWiki връзки","options_completionistme":"Показване на Completionist.me връзки","options_protondb":"Показване на ProtonDB връзки","options_storeSteamcards":"Показване на SteamCardExchange връзки","options_spamcommentregex":"Низ за обичаен израз:","options_regionalHideworld":"Скриване на показателя за глобуса","options_showAstatslink":"Показване на AStats връзки","options_showYoutubegameplay":"Показване на YouTube видеа с игрално преживяване","options_showYoutubereviews":"Показване на YouTube видео рецензии","options_openinnewtab":"Отваряне на външни връзки в нов раздел","options_showbartervg":"Показване на Barter.vg връзки","options_guest":"Артикули, за които разполагате с временен пропуск","options_collection":"Артикули в ITAD колекцията Ви","options_waitlist":"Артикули в ITAD списъка Ви за изчакване","options_showPlayersInfo":"Показване на информация за броя на играчите","options_showallstats":"Показване на статистики за игралното време на страницата „Всички игри“","options_lowestpriceOnwishlist":"Показване, когато мишката се задържа върху артикули от списъка с желания","options_steamrepapi":"Показване на SteamRep статус","options_profileSteamid":"Показване на Steam № в профилите","options_profilePinnedBg":"Закачане на позицията за профилния фон, докато се скролира","options_lowestprice":"Показване на страниците за приложения","options_owned":"Артикули, които притежавате","options_itadlinks":"Показване на IsThereAnyDeal връзки","options_steamdb":"Показване на SteamDB връзки","options_profileLinkImagesColor":"Цветни","options_showViewInLibrary":"Показване на бутон „Преглед в библиотеката“","options_installSteamButton":"Бутона „Инсталиране на Steam“","options_replaceViewClient":"Подменяне с „Преглед в клиента“","options_showEmptyWishlist":"Показване на бутон „Изпразване на списъка с желания“","options_showWishlistStats":"Показване на статистики за списъка с желания","options_oneclickremovewl":"Прескачане на потвърждаването, когато се премахват артикули","options_userNotes_userNotes":"Потребителски бележки","options_userNotes_app":"В страниците на приложения","options_userNotes_wishlist":"В списъка ми с желания","options_userNotes_loc":"Местонахождение за съхраняване","options_userNotes_syncedStorage":"Синхронизирано/Локално съхраняване","options_userNotes_local":"Локална база данни","options_inventoryNavText":"Показване на разширена навигация в страницата за инвентара","options_marketTotal":"Автоматично зареждане на извлечение за транзакциите в пазара","options_lowestpriceCoupon":"Включване на кодове от ваучери при ценово сравняване","options_general":"Общи","options_apppage":"Страница на приложение","options_market":"Пазар","options_inventory":"Инвентар","options_profile":"Профил","options_group":"Група","options_friendActivity":"Емисия с приятелска активност","options_groupLinks":"Опции за връзки към сайтове от трети страни","options_showLanguagewarning":"Показване на предупреждение, ако преглеждате в език, различен от","options_homepage":"Начална страница","options_homepageDefaultTab":"Раздел по подразбиране за начална страница","options_homepageDefaultTabRemember":"Запомняне на предходното","options_homepageDefaultTabNewreleases":"Нови и тенденциозни","options_homepageDefaultTabTopsellers":"Най-продавани","options_homepageDefaultTabUpcoming":"Популярни предстоящи","options_homepageDefaultTabSpecials":"Намаления","options_wishlist":"Артикули в списъка Ви с желания","options_addAnotherRegion":"Добавяне","options_skipGotSteam":"Прескачане на прозореца „Имате ли Steam?“","options_storeGeneralThirdparty":"Опции за информация от сайтове на трети страни","options_purchaseDates":"Показване на датата за покупката","options_showBadgeProgress":"Показване на напредъка за значките","options_showCoupon":"Показване на приложими ваучери","options_showWishlistLink":"Показване на връзка към списъка с желания в колоната отдясно","options_showWishlistCount":"Показване на броя пожелани артикули","options_profileShowcaseTwitch":"Добавяне на зона за изложение за Twitch.tv, ако има връзка","options_profileShowcaseOwnTwitch":"… включително и собствения Ви профил","options_profileShowcaseTwitchProfileonly":"… само ако връзката е в обзорната профилна инф.","options_lang_english":"English","options_lang_brazilian":"Português — Brasil","options_lang_bulgarian":"български","options_lang_czech":"čeština","options_lang_danish":"Dansk","options_lang_dutch":"Nederlands","options_lang_finnish":"Suomi","options_lang_french":"Français","options_lang_greek":"Ελληνικά","options_lang_german":"Deutsch","options_lang_hungarian":"Magyar","options_lang_italian":"Italiano","options_lang_japanese":"日本語","options_lang_koreana":"한국어","options_lang_norwegian":"Norsk","options_lang_polish":"Polski","options_lang_portuguese":"Português","options_lang_russian":"Русский","options_lang_romanian":"Română","options_lang_schinese":"简体中文","options_lang_spanish":"Español","options_lang_latam":"Español — Latinoamérica","options_lang_swedish":"Svenska","options_lang_tchinese":"繁體中文","options_lang_thai":"ไทย","options_lang_turkish":"Türkçe","options_lang_ukrainian":"Українська","options_lang_vietnamese":"Tiếng Việt","options_addCustomLink":"Добавяне на персонализирана връзка","options_autoDetect":"Авт. засичане","options_addToWaitlist":"Показване на падащо меню „Добавяне към списъка за изчакване“ на страниците за приложения","options_collectionBannerNotOwned":"Only show In Collection banner when I don't own the game on Steam","options_maintainers":"Поддържащи проекта","options_withHelpOf":"с доста помощ от нашите __contributors__","options_contributors":"чудесни сътрудници","options_aboutDesc":"Augmented Steam е разклонение на добавката Enhanced Steam.","options_aboutDescLinks":"Посетете __website__ на добавката или нашия __discord__ за още информация.","options_footerFork":"разклонение от IsThereAnyDeal","options_footerAuthor":"оригинален автор jshackles","ready_loading":"Зареждане на данните за Augmented Steam…","ready_ready":"Augmented Steam e готов","ready_failed":"__amount__ неуспешна(ни) заявка(ки), проверете конзолата на браузъра за още информация","ready_serverOutage":"Понастоящем Augmented Steam сървърите са претоварени","twitch_nowStreaming":"__username__ излъчва на живо в Twitch","twitch_viewers":"Зрители","dlcSelect_wishlistedDlc":"Избиране на пожелано","dlcSelect_none":"Да не се избира нищо","dlcSelect_unownedDlc":"Избиране на непритежавано","tag_wishlist":"Списък с желания","tag_coupon":"Ваучер","tag_invGift":"Подарък","tag_invGuestpass":"Временен пропуск","tag_owned":"Притежавано","tag_notinterested":"Не се интересувам","tag_ignoredOwned":"Игнорирано (притежавано)","tag_collection":"Събрани","tag_waitlist":"В списъка за изчакване","wallet_customAmount":"Добавяне на персонализирана сума","wallet_customAmountText":"Всякаква сума над __minamount__","wallet_customGiftcard":"Избиране на __input__ персонализирана подаръчна карта","wsgf_incomplete":"Непълна","wsgf_unsupported":"Този резултат се присъжда на игри, които не разполагат с „__type__“ поддръжка. Възможно е играта да не може да се пуска в „__type__“ или изображението е разтеглено, така че да пасва в прозореца. Правилното съотношение не се запазва.","wsgf_gold":"Този медал се присъжда на игри, които са постигнали перфектна оценка от WSGF за тяхната „__type__“ поддръжка и са „__type__“ сертифицирани.","wsgf_silver":"Този медал се присъжда на игри, които са получили изчислена оценка от „B“ за тяхната „__type__“ поддръжка. Всички тези игри са без големи дефекти, но разполагат с поне един недостатък, който предотвратява перфектна оценка.","wsgf_limited":"Тази оценка се присъжда на игри, които са получили изчислена оценка от „C“ за тяхната „__type__“ поддръжка. Всички тези игри разполагат с някакво ниво на „__type__“ поддръжка, но са налични значителни проблеми.","wsgf_certifications":"WSGF сертификации за широкоекранни дисплеи","itad_enableSyncLibrary":"Enable library sync","itad_enableSyncWishlist":"Enable wishlist sync","itad_import":"Периодично внасяне:","itad_lastImport":"Last import","itad_from":"from ITAD","itad_to":"to ITAD","itad_syncNow":"Синхронизиране сега","itad_info_itadSteam":"Свързването на Augmented Steam с IsThereAnyDeal Ви позволява да прилагате отличаването и таговете на Augmented Steam към игрите в списъка Ви за изчакване и колекции, дори ако не разполагате с тях в Steam.","itad_info_steamItad":"Нещо повече, позволява Ви да внасяте игри от своята Steam библиотека и/или списъка с желания в IsThereAnyDeal, за подобрена точност (напр. сваляемо съдържание или невписани заглавия). Понастоящем тази характеристика може само да добавя заглавия, но не и да ги премахва. Ето защо не може да замести вградената синхронизация на IsThereAnyDeal, а по-скоро е допълнение към нея.","tradeoffer_numItem":"__num__ артикул","tradeoffer_numItems":"__num__ артикула","tradeoffer_back":"Назад към офертите за търговия","update_dontShow":"Да не се показва отново","update_updated":"Augmented Steam беше обновен до __version__","update_changes":"Преглед на всички промени в GitHub","register_success":"Успешно активиране на __gamename__","register_owned":"Този Steam акаунт вече притежава продукта(тите), съдържащ(и) се в тази оферта.","register_notavail":"Съжаляваме, но даденият продукт не е достъпен за покупка в тази държава. Продуктовият Ви ключ не беше употребен.","register_invalid":"Продуктовият код, който въведохте, не е валиден. Моля, проверете повторно, за да видите дали не сте го набрали погрешно.","register_already":"Продуктовият код, който въведохте, вече е бил активиран от различен Steam акаунт.","register_dlc":"Продуктовият код, който въведохте, изисква притежаването на друг артикул преди активацията.","register_wallet":"Кодът, който въведохте, е от подаръчна Steam карта или код за Steam портфейла.","register_toomany":"Направени са прекалено много скорошни опити за активация от този акаунт. Моля, изчакайте и опитайте отново по-късно.","register_default":"Възникна неочаквана грешка. Продуктовият Ви код не беше употребен. Моля, изчакайте 30 минути и опитайте отново да употребите кода.","wl_label":"статистики","wl_totalPrice":"текуща стойност","wl_inWishlist":"в списъка с желания","wl_onSale":"на разпродажба","wl_noPrice":"без цена","wl_hidden":"скрити приложения","wl_hiddenTooltip":"Приложения, които са били премахнати/невписани и не са видими в списъците с желания. Кликнете за подробности.","wl_removeTitle":"Премахване на този артикул от списъка Ви с желания?","wl_removeConfirm":"Сигурни ли сте, че искате да премахнете „appid __appid__“ от списъка Ви с желания?","wl_removeConfirmWarn":"Впоследствие не може да бъде добавено пак!","coll_totalTime":"общо време","coll_inCollection":"в колекция","coll_played":"пускано","coll_neverPlayed":"никога не е пускано","userNote_add":"Добавяне на бележка","userNote_update":"Обновяване на бележка","userNote_addForGame":"Бележка за __gamename__","userNote_notEnoughSpace":"Няма достатъчно място за запазване на бележката","userNote_notEnoughSpaceDesc":"Augmented Steam не може да запазва повече потребителски бележки. Това е така, тъй като използваният адаптер за съхраняване не позволява да се запазват повече данни (опитване да се използва ~__perc__% от капацитета за съхраняване).","userNote_closeOnStorage":"Мястото Ви за съхраняване намалява","userNote_closeOnStorageDesc":"Augmented Steam почти няма способност да запазва повече потребителските бележки (~__perc__% използвано съхранение) с текущия Ви адаптер за съхраняване.","userNote_storageWarningDesc":"Можете да изберете да съхранявате своите потребителски бележки в локална база данни (без синхронизация) или продължете да използвате текущия метод, предоставен от браузъра Ви (където нови бележки могат да бъдат добавяни само ако изтриете няколко стари).","userNote_saveSyncedStorage":"Продължете да използвате синхронизирано съхраняване","userNote_saveLocal":"Локално съхраняване на бележки","userNote_syncOption":"Sync notes automatically","userNote_syncInfo_1":"You can sync your notes between Augmented Steam and IsThereAnyDeal. If you enable automatic sync, notes will be periodically fetched from ITAD. Edits via Augmented Steam will be mirrored to ITAD immediately.","userNote_syncInfo_2":"You can also manually push or pull notes between Augmented Steam and IsThereAnyDeal. We advise you to do so before enabling automatic sync, to ensure the correct version of the note is used, in case you have different notes stored for the same game.","userNote_syncInfo_3":"You can see all your notes stored in the Notes and Tags section on IsThereAnyDeal.","userNote_syncButtonPush":"Push notes to\nIsThereAnyDeal","userNote_syncButtonPull":"Pull notes from\nIsThereAnyDeal","userNote_syncPulled":"__n__ note(s) were pulled from IsThereAnyDeal","userNote_syncPushed":"__n__ note(s) were pushed to IsThereAnyDeal","userNote_syncFailed":"__n__ note(s) failed to sync","userNote_syncError":"Your note failed to sync","userNote_syncErrorEmpty":"Note is empty","userNote_syncErrorUnknown":"ITAD does not know this game","userNote_syncErrorLength":"Note is too long (__length__, max: __max__)","queue_new":"Нова опашка","queue_newTooltip":"Премахване на този продукт от опашката Ви и стартиране на нова такава.","workshop_workshop":"Работилница","workshop_subscriptions":"Абонаменти","workshop_subscribeAll":"Абониране към всички","workshop_subscribeConfirm":"Сигурни ли сте, че искате да се абонирате за всичките __count__ артикула от работилницата с тези филтри?","workshop_subscribeLoading":"Абониране към __i__/__count__ артикула от работилницата, моля, изчаквайте…","workshop_unsubscribeAll":"Премахване на абонамента към всички","workshop_unsubscribeConfirm":"Сигурни ли сте, че искате да се премахнете абонамента за всичките __count__ артикула от работилницата с тези филтри?","workshop_unsubscribeLoading":"Премахване на абонамента към __i__/__count__ артикула от работилницата, моля, изчаквайте…","workshop_finished":"Приключено! __success__ успешно, __fail__ неуспешно. Кликнете върху „Добре“, за да опресните страницата","workshop_failed":"__n__ неуспешно","originalAuthors":"Оригинални автори","acknowledgements":"Признания","countries_ad":"Андора","countries_ae":"Обединени арабски емирства","countries_af":"Афганистан","countries_ag":"Антигуа и Барбуда","countries_ai":"Ангуила","countries_al":"Албания","countries_am":"Армения","countries_an":"Нидерландски Антили","countries_ao":"Ангола","countries_ar":"Аржентина","countries_as":"Американска Самоа","countries_at":"Австрия","countries_au":"Австралия","countries_aw":"Аруба","countries_az":"Азербайджан","countries_ba":"Босна и Херцеговина","countries_bb":"Барбадос","countries_bd":"Бангладеш","countries_be":"Белгия","countries_bf":"Буркина Фасо","countries_bg":"България","countries_bh":"Бахрейн","countries_bi":"Бурунди","countries_bj":"Бенин","countries_bm":"Бермуда","countries_bn":"Бруней","countries_bo":"Боливия","countries_br":"Бразилия","countries_bs":"Бахами","countries_bt":"Бутан","countries_bv":"Остров Буве","countries_bw":"Ботсвана","countries_by":"Беларус","countries_bz":"Белиз","countries_ca":"Канада","countries_cd":"Конго — Киншаса","countries_cf":"Централноафриканска република","countries_cg":"Конго — Бразавил","countries_ch":"Швейцария","countries_ci":"Кот д’Ивоар","countries_ck":"Островите Кук","countries_cl":"Чили","countries_cm":"Камерун","countries_cn":"Китай","countries_co":"Колумбия","countries_cr":"Коста Рика","countries_cu":"Куба","countries_cv":"Коста Рика","countries_cy":"Кипър","countries_cz":"Чехия","countries_de":"Германия","countries_dj":"Джибути","countries_dk":"Дания","countries_dm":"Доминика","countries_do":"Доминиканска република","countries_dz":"Алжир","countries_ec":"Еквадор","countries_ee":"Естония","countries_eg":"Египет","countries_eh":"Западна Сахара","countries_er":"Еритрея","countries_es":"Испания","countries_et":"Етиопия","countries_fi":"Финландия","countries_fj":"Фиджи","countries_fk":"Фолкландски острови","countries_fm":"Микронезия","countries_fo":"Фарьорски острови","countries_fr":"Франция","countries_ga":"Габон","countries_gb":"Обединено кралство","countries_gd":"Гренада","countries_ge":"Грузия","countries_gf":"Френска Гвиана","countries_gg":"Гърнси","countries_gh":"Гана","countries_gi":"Гибралтар","countries_gl":"Гренландия","countries_gm":"Гамбия","countries_gn":"Гвинея","countries_gp":"Гваделупа","countries_gq":"Екваториална Гвинея","countries_gr":"Гърция","countries_gs":"Южна Джорджия","countries_gt":"Гватемала","countries_gu":"Гуам","countries_gw":"Гвинея-Бисау","countries_gy":"Гвиана","countries_hk":"Специален административен район Хонконг","countries_hm":"Островите Хърд и Макдоналд","countries_hn":"Хондурас","countries_hr":"Хърватия","countries_ht":"Хаити","countries_hu":"Унгария","countries_id":"Индонезия","countries_ie":"Ирландия","countries_il":"Израел","countries_im":"Остров Ман","countries_in":"Индия","countries_io":"Британска индоокеанска територия","countries_iq":"Ирак","countries_ir":"Иран","countries_is":"Исландия","countries_it":"Италия","countries_je":"Джърси","countries_jm":"Ямайка","countries_jo":"Йордания","countries_jp":"Япония","countries_ke":"Кения","countries_kg":"Киргизстан","countries_kh":"Камбоджа","countries_ki":"Кирибати","countries_km":"Коморос","countries_kn":"Сейнт Китс и Невис","countries_kp":"Северна Корея","countries_kr":"Южна Корея","countries_kw":"Кувейт","countries_ky":"Кайманови острови","countries_kz":"Казахстан","countries_la":"Лаос","countries_lb":"Ливан","countries_lc":"Сейнт Лусия","countries_li":"Лихтенщайн","countries_lk":"Шри Ланка","countries_lr":"Либерия","countries_ls":"Лесото","countries_lt":"Литва","countries_lu":"Люксембург","countries_lv":"Латвия","countries_ly":"Либия","countries_ma":"Мароко","countries_mc":"Монако","countries_md":"Молдова","countries_me":"Черна Гора","countries_mg":"Мадагаскар","countries_mh":"Маршалови острови","countries_mk":"Северна Македония","countries_ml":"Мали","countries_mm":"Мианмар (Бирма)","countries_mn":"Монголия","countries_mo":"Специален административен район Макао","countries_mp":"Северни Мариански острови","countries_mq":"Мартиника","countries_mr":"Мавритания","countries_ms":"Монсерат","countries_mt":"Малта","countries_mu":"Мавриций","countries_mv":"Малдиви","countries_mw":"Малави","countries_mx":"Мексико","countries_my":"Малайзия","countries_mz":"Мозамбик","countries_na":"Намибия","countries_nc":"Нова Каледония","countries_ne":"Нигер","countries_nf":"Остров Норфолк","countries_ng":"Нигерия","countries_ni":"Никарагуа","countries_nl":"Нидерландия","countries_no":"Норвегия","countries_np":"Непал","countries_nr":"Науру","countries_nu":"Ниуе","countries_nz":"Нова Зеландия","countries_om":"Оман","countries_pa":"Панама","countries_pe":"Перу","countries_pf":"Френска Полинезия","countries_pg":"Папуа Нова Гвинея","countries_ph":"Филипини","countries_pk":"Пакистан","countries_pl":"Полша","countries_pm":"Сен Пиер и Микелон","countries_pn":"Островите Питкерн","countries_pr":"Пуерто Рико","countries_ps":"Палестина (автономни територии)","countries_pt":"Португалия","countries_pw":"Палау","countries_py":"Парагвай","countries_qa":"Катар","countries_re":"Реюнион","countries_ro":"Румъния","countries_rs":"Сърбия","countries_ru":"Русия","countries_rw":"Руанда","countries_sa":"Саудитска Арабия","countries_sb":"Соломонови острови","countries_sc":"Сейшелски острови","countries_sd":"Судан","countries_se":"Швеция","countries_sg":"Сингапур","countries_sh":"Света Елена","countries_si":"Словения","countries_sk":"Словакия","countries_sl":"Сиера Леоне","countries_sm":"Сан Марино","countries_sn":"Сенегал","countries_so":"Сомалия","countries_sr":"Суринам","countries_st":"Сао Томе и Принсипи","countries_sv":"Ел Салвадор","countries_sy":"Сирия","countries_sz":"Есватини","countries_tc":"Търкс и Кайкоски острови","countries_td":"Чад","countries_tf":"Френски южни територии","countries_tg":"Того","countries_th":"Тайланд","countries_tj":"Таджикистан","countries_tk":"Токелау","countries_tl":"Източен Тимор","countries_tm":"Туркменистан","countries_tn":"Тунис","countries_to":"Тонга","countries_tr":"Турция","countries_tt":"Тринидад и Тобаго","countries_tv":"Тувалу","countries_tw":"Тайван","countries_tz":"Танзания","countries_ua":"Украйна","countries_ug":"Уганда","countries_um":"Малки далечни острови на САЩ","countries_us":"Съединени Щати","countries_uy":"Уругвай","countries_uz":"Узбекистан","countries_va":"Ватикана","countries_vc":"Сейнт Винсент и Гренадини","countries_ve":"Венецуела","countries_vg":"Британски Вирджински острови","countries_vi":"Американски Вирджински острови","countries_vn":"Виетнам","countries_vu":"Вануату","countries_wf":"Уолис и Футуна","countries_ws":"Самоа","countries_ye":"Йемен","countries_yt":"Майот","countries_za":"Южна Африка","countries_zm":"Замбия","countries_zw":"Зимбабве"}}