{"stats":{"strings":812,"translated":403},"strings":{"deleteCommentPrompt":"Jste si jisti smazáním tohoto komentáře?","downloadDemoHeader":"Stáhnout demoverzi __gamename__","deckCompat_header":"Steam Deck Compatibility","deckCompat_unknown":"Unknown","deckCompat_unsupported":"Unsupported","deckCompat_playable":"Playable","deckCompat_verified":"Verified","featureHint_desc":"Would you like to enable the following feature?","featureHint_reminder":"You can change your preferences through the options page later.","thewordyes":"Ano","thewordno":"Ne","theworderror":"Error","noData":"No data","toomanyrequests":"Too Many Requests","showComments":"Zobrazit komentáře","hideComments":"Skrýt komentáře","thewordunknown":"Unknown","calcWorkshopSize_fileSize":"File size __size__","calcWorkshopSize_calcSize":"Calculate Total Size","calcWorkshopSize_calcLoading":"Calculating __i__/__count__ workshop items, please wait...","calcWorkshopSize_calcFinished":"Finished! Successfully calculated __success__/__total__ items.","calcWorkshopSize_totalSize":"Total size: __size__","cart":"Košík","inCart":"In Cart","steamidOfUser":"SteamID uživatele __user__","copied":"Zkopírováno do schránky!","viewSteamid":"Zobrazit SteamID","moreOnSteampeek":"See more on SteamPeek","date":"Datum","rating":"Hodnocení","helpful":"Užitečné","funny":"Vtipné","length":"Délka","visibility":"Viditelnost","processing":"Zpracovávání...","wait":"Čekejte prosím","inviteFriends":"Pozvat přátele","inviteToGroup":"Pozvat do skupiny","inverse":"Inverse","transactionStatus":"__failed__ request(s) failed. Retrieved __size__ of __total__ transactions.","customTags":"Custom Tags","addTag":"Add tag","enterTag":"Enter the custom tag you'd like to add","status":"Status:","connect":"Připojit","connected":"Připojeno","disconnect":"Odpojit","disconnected":"Odpojeno","oneclickgoo":"Vyměnit za drahokamy 1 kliknutím...","viewInLibrary":"Zobrazit v knihovně","support":"Podpora","email":"E-mail","contact":"Contact","favEmoticonsDragging":"Přetáhněte sem emotikon pro přidání do oblíbených","favEmoticonsNoAccess":"Nemáte přístup k tomuto emotikonu","postHistory":"Zobrazit historii příspěvků","addNickname":"Přidat přezdívku","totalSize":"Celková velikost","dlcDetails":"Detaily DLC","badgeNotUnlocked":"Neodemknuto","badgeLevel":"Level __level__","each":"Každý","viewInMarket":"Zobrazit na Komunitním tržišti","remove":"Odebrat","getHelp":"Získat pomoc","addSelectedDlcToCart":"Přidat vybraná DLC do košíku","close":"Zavřít","error":"Došlo k chybě","go":"Přejít","activate":"Aktivovat produkt","activateMultipleHeader":"Vložte aktivační kódy, jeden na řádek","activateMultiple":"Aktivovat více produktů","activateProducts":"Aktivovat produkty","couponApplicationNote":"Kupón ve vašem inventáři bude automaticky aplikován při nákupu.","hide":"Schovat","filters":"Augmented Steam filters","cardsOwned":"Vlastněno __owned__ z __possible__ karet","libraryMenu":"Knihovna","clearCache":"Vyčistit data uložená v mezipaměti","translation":"Překlad","helpTranslate":"Pomozte nám přeložit Augmented Steam pomocí POEditoru","lowest":"Nejnižší","lowestPrice":"Aktuálně nejnižší cena:","viewBadgeProgress":"Zobrazit postup odznaku","badgeProgress":"Postup odznaku","salesTotal":"Prodeje celkem:","viewNormalBadge":"Zobrazit postup normálního odznaku","apppageSections":"Vyber sekce, které chceš vidět na této stránce","website":"Webová stránka","games":"Hry","badgeCompletionCost":"Cena dokončení odznaku: __cost__","loading":"Načítání...","selling":"Prodávání...","quickSell":"Rychle prodat za __amount__","quickSellDesc":"Price difference of __modifier__ compared to the price of the cheapest offer currently listed on the Steam Market","instantSell":"Běžně prodat za __amount__","instantSellDesc":"The price of the highest buy order currently listed on the Steam Market","quickSellVerify":"Steam Guard confirmation needed","startingAt":"Začínají na: __price__","homepageTabs":"Záložky na hlavní stránce","store":"Obchod","viewInStore":"Ukázat v obchodě","communityHub":"Community Hub","viewOnWebsite":"View on __website__","drmThirdParty":"Upozornění: Tento titul používá DRM třetí strany __drmlist__.","hoursShort":"__hours__ hod","spamCommentShow":"__num__ spam komentářů skryto na této stránce.  Klikněte sem pro jejich zobrazení.","addToWishlist":"Přidat do Seznamu přání","addFullgameToWishlist":"Add full game to your wishlist","addToWaitlist":"Add to your Waitlist","addFullgameToWaitlist":"Add full game to your Waitlist","removeFromWaitlistTooltip":"Remove from your Waitlist","removeFullgameFromWaitlistTooltip":"Remove full game from your Waitlist","removeFromWishlistAndWaitlistTooltip":"Remove from both your wishlist and Waitlist","removeFullgameFromWishlistAndWaitlistTooltip":"Remove full game from both your wishlist and Waitlist","language":"Jazyk","theworddefault":"Výchozí","thewordclear":"Clear","couponLearnMore_linkText":"Learn more","couponLearnMore_fullText":"__linkdesc__ about Steam Coupons","show":"Ukázat","showAll":"Show All","badgesAll":"Všechny odznaky","esSupporter":"Podporovatel Enhanced Steamu","community":"Komunita","ownedCollection":"__gametitle__ is already in your IsThereAnyDeal Collection","viewBadge":"Zobrazit odznak","purchaseTotal":"Nákupy celkem:","viewFoilBadge":"Zobrazit postup foil odznaku","viewAstats":"Zobrazit stránku AStats","contribute":"Pomoci s kódem (GitHub)","reviews":"Recenze","readReviews":"Číst recenze","readMoreReviews":"Více recenzí na","youtubeGameplay":"YouTube Gameplay","youtubeReviews":"YouTube recenze","packageInfo":"Informace o balíčku","badgeCompletionAvg":"Prům. cena dokončení: __cost__","volumeSoldLast_24":"Množství: __sold__ kusů prodáno za posledních 24 hodin","soldLast_24":"__sold__ kusů prodáno za posledních 24 hodin","homepageCurators":"Doporučení kurátorů Steamu","homepageTopnewreleases":"Top Steam Releases","homepageSidebar":"Postranní panel","dropCalc":"Klikněte zde pro spočítání zbývajících přídělů karet","price":"Cena","marketTransactions":"Transakce na Tržišti","loadMarketStats":"Load Market Stats","cardDropsRemaining":"Zbývá __drops__ přídělů karet","badgesDrops":"Odznaky se zbývajícími příděly karet","usingLanguageReturn":"Klikněte sem pro prohlížení Steamu v jazyce __base__.","guides":"Návody","highlight":"Zvýraznění","save":"Uložit","view":"Zobrazit","gameName":"Název hry","notinterested":"Položky označené jako nezajímavé","ignoredOwned":"Games you ignored as played on different platform","searchFilters_reviewsScore_between":"Between __lower__% and __upper__% review score","searchFilters_reviewsScore_any":"Any review score","searchFilters_reviewsScore_upTo":"Up to __score__% review score","searchFilters_reviewsScore_from":"From __score__% review score","searchFilters_reviewsCount_count":"Počet recenzí:","searchFilters_reviewsCount_minCount":"Min. počet","searchFilters_reviewsCount_maxCount":"Max. počet","searchFilters_discountPercent_count":"Procentuální sleva:","searchFilters_discountPercent_minCount":"Min. %","searchFilters_discountPercent_maxCount":"Max. %","searchFilters_hideCart":"Skrýt položky ve vašem košíku","searchFilters_hideEa":"Skrýt položky v předběžném přístupu","searchFilters_hideMixed":"Hide mixed rating items","searchFilters_hideNegative":"Hide negative rating items","news":"Novinky","viewinclient":"Zobrazit ve Steam aplikaci","customBackground":"Vlastní pozadí","customStyle":"Vlastní motiv","customStyleHelp":"Všichni uživatelé Augmented Steam uvidí toto téma na vašem profilu. Uživatelé bez Augmented Steam neuvidí žádné změny.","noneselected":"Nevybrané / Beze Změny","mostDrops":"Nejvíce zbývajících přídělů karet","netGain":"Zisk:","apppageRecentupdates":"Recent Events & Announcements","apppageEaheader":"Early Access Info Box","apppageEabanner":"Early Access Discussions Banner","apppageWorkshop":"Steam Workshop Banner","apppageGreenlight":"Steam Greenlight Banner","apppageLegal":"Právní informace","apppageFranchise":"Franchise","apppageMorefromfranchise":"More From Franchise","bugFeature":"Nahlásit chybu/Navrhnout funkci","always":"Vždy","ratingDetails":"Zobrazit detaily hodnocení","dropsWorthAvg":"Přibližná hodnota","familySharingNotice_notice":"Notice:","familySharingNotice_desc":"This game is excluded from Steam's Family Sharing service.","visitStore":"Navštívit stránku Obchodu","all":"Vše","externalFunds":"External Funds Used","shoppingCartHistory":"Zobrazit historii nákupního košíku","manageWebapiKey":"Manage my Steam Web API key","steamCloudHeader":"Steam Cloud","steamCloudSaves":"Zobrazit uložené pozice Steam Cloud","gamesWithDrops":"Zbývá __dropsgames__ her se zbývajícími příděly karet","binderView":"Tabulkové zobrazení","usingLanguage":"Prohlížíte Steam v jazyce __current__.","loginWarning":"Make sure that you are logged into __link__ in order to be able to use all features of Augmented Steam.","visitTradeForum":"Navštívit fórum Obchodování","purchaseDate":"(Zakoupeno __date__)","customBackgroundHelp":"Všichni uživatelé Augmented Steam uvidí toto pozadí na vašem profilu. Uživatelé bez Augmented Steam uvidí vaše normální pozadí profilu.","dateUnlocked":"Datum odemknutí","netSpent":"Utraceno:","buy":"Koupit","buyPackage":"Koupit __package__","moreInformation":"Více informací","regionUnavailable":"Nedostupné v tomto regionu","avgPrice_3cards":"Průměrná cena 3 sběratelských karet: __price__","groups_leaveGroupsConfirm":"Are you sure you want to leave __n__ selected groups?","groups_manageGroups":"Manage groups","groups_actionGroups":"Select the groups below that you wish to take action on.","groups_select":"Select:","groups_leave":"Leave Groups","groups_selected":"__n__ selected.","groups_leaveAdminConfirm_currentlyAdmin":"You are currently admin of __name__.","groups_leaveAdminConfirm_wantToLeave":"Are you sure you want to leave this group?","export_wishlist":"Exportovat seznam přání","export_type":"Export type","export_format":"Text format","export_text":"Text","export_download":"Stáhnout","export_copyClipboard":"Zkopírovat do schránky","none":"None","emptyWishlist_title":"Vyprázdnit Seznam přání","emptyWishlist_confirm":"Are you sure you want to empty your wishlist? This action cannot be undone!","emptyWishlist_removing":"Removing app __cur__ from __total__...","about":"O rozšíření","never":"Nikdy","couponAvailable":"Máte dostupný kupón!","launchRandom":"Spustit Náhodnou Hru","playGame":"Hrát __gamename__?","dropsValue":"Nejvyšší hodnota zbývajících přídělů karet","cardsRemain":"Least cards remaining to complete set","wishlist":"Seznam přání","onWishlist":"On wishlist","onWaitlist":"In Waitlist","onWishlistAndWaitlist":"On wishlist and Waitlist","cancel":"Zrušit","wikiArticle":"Ukázat článek __pcgw__","viewAll":"ZOBRAZIT VŠE","gamesWithBooster":"__boostergames__ her s nárokem na přídavné balíčky","sortBy":"Seřadit podle:","playtime":"Playtime","awards":"Awards","year":"Rok","lastonline":"Naposledy Online","members":"Members","name":"Name","drmThirdPartySub":"Upozornění: Jeden nebo více titulů z tohoto balíčku používá DRM třetí strany __drmlist__.","customize":"Upravit","bundleSavingText":"Zakoupením tohoto balíčku ušetříte","thewordoptions":"Nastavení","discussions":"Diskuze","pricing_lowestPrice":"Současná nejlepší:","pricing_historicalLow":"Historicky nejnižší:","pricing_bundled":"V balíčku:","pricing_withVoucher":"s kuponem __voucher__","pricing_store":"at&nbsp;__store__","pricing_bundleCount":"__count__ times","webBrowserChat":"Webový chat","steamClientChat":"Chat v klientovi Steamu","equipOnProfile":"Equip on Profile","previewBackground":"Náhled pozadí","expandSlider":"Rozšířit posuvník","contractSlider":"Zmenšit posuvník","earlyAccess":"Předběžný přístup","tagShort":"Použít zkrácené značky, aby se ušetřilo místo","noPriceData":"Údaje o ceně nejsou dostupné","userScore":"Hodnocení uživatele","marketPopularItemsToggle":"Povolit automatické aktualizace pro oblíbené položky","showProgressbar":"Zobrazit ukazatele průběhu a stavu Augmented Steam","achievements_option":"Ukázat achievementy na stránce obchodu","achievements_summary":"__unlocked__ of __total__ (__percentage__%) achievements earned:","bundle_offerEnds":"Nabídka končí","bundle_includes":"Obsahuje __num__ předmětů","bundle_tierIncludes":"__tier__ (__price__) obsahuje __num__ předmětů","bundle_tier":"Trída __num__","bundle_header":"Balíčky obsahující tuto hru","bundle_info":"Informace o balíčku","charts_peakall":"rekord","charts_current":"Aktuální hráči","charts_playingNow":"právě hraje","charts_peaktoday":"dnešní rekord","hltb_title":"Jak dlouho na překonání","hltb_mainE":"Hlavní příběh a úkoly/medaile apod.","hltb_compl":"Vše dokončeno","hltb_main":"Hlavní příběh","options_friendsAndGroups":"Friends and Groups","options_friendsAppendNickname":"Append nicknames to friends' names","options_settingsMngmt_import":"Importovat","options_settingsMngmt_importSuccess":"Nastavení úspěšně importována","options_settingsMngmt_importFail":"Selhal import nastavení","options_settingsMngmt_export":"Exportovat","options_settingsMngmt_reset":"Resetovat","options_showCustomThemes":"Show custom themes","options_communityDefaultTab":"Default community home page tab","options_videos":"Videa","options_broadcasts":"Přenosy","options_artwork":"Artwork","options_screenshots":"Snímky obrazovky","options_showBacktotop":"Show back to top button on long pages","options_contextMenu":"Context Menu","options_contextSteamStore":"Search Steam Store for '__query__'","options_contextSteamMarket":"Search Steam Market for '__query__'","options_contextItad":"Search IsThereAnyDeal for '__query__'","options_contextBartervg":"Search Barter.vg for '__query__'","options_contextSteamdb":"Search SteamDB for '__query__'","options_contextSteamdbInstant":"Instant Search SteamDB for '__query__'","options_contextSteamKeys":"Activate steam product keys within selection","options_wsgf":"Ukázat informace z WSGF (širokoúhlé hraní)","options_versionShow":"Ukázat seznam změn při aktualizacích Augmented Steamu","options_steamcardexchange":"Ukázat odkazy na SteamCardExchange u odznaků","options_regionalPrice":"Srovnání cen v regionech","options_excludef2p":"Vynechat Free To Play hry ze zvýrazňování","options_profileLinkImagesNone":"Žádné","options_profileLinks":"Ukázat odkazy na profil na","options_tag":"Popisek","options_icon":"Ikona","options_name":"Název","options_showAlternativeLinuxIcon":"Zobrazit alternativní ikonu Linuxu","options_replacecommunityhublinks":"Replace community hub links with store page links","options_hideannouncementcomments":"Hide comments under all group announcements by default","options_hidetmsymbols":"Hide trademark and copyright symbols in game titles","options_metacritic":"Ukázat uživatelská hodnocení Metacritic","options_opencritic":"Ukázat informace z Opencritic.com","options_hideactivelistings":"Schovat všechny aktivní prodávané položky z hlavní stránky Tržiště při načtení","options_showlowestmarketprice":"Show the lowest market price for your listings","options_clear":"Jste si jisti, že chcete resetovat všechna nastavení? Nelze to vrátit zpět.","options_coupon":"Položky s kupóny","options_showPackageInfo":"Ukázat Informace o balíčku pro všechny aplikace","options_wlbuttoncommunityapp":"Ukázat tlačítko \"Přidat do Seznamu přání\" na komunitních hubech aplikací","options_removeguideslanguagefilter":"Nefiltrovat automaticky uživatelské návody podle jazyka","options_confirmdeletecomment":"Show confirmation when deleting comments","options_disablelinkfilter":"Zakázat potvrzení, když přecházím na jiné stránky","options_regionalPriceOn":"Ukázat srovnání cen v regionech","options_horizontalscrolling":"Enable horizontal scrolling with the mouse wheel","options_supportinfo":"Show support information","options_drm":"Ukázat upozornění na DRM třetí strany","options_profileLinkImages":"Profile and Group links image style","options_show1clickgoo":"Ukázat tlačítko \"1-Click Vyměnit za drahokamy...\" u vyhovujících položek v inventáři","options_hltb":"Ukázat informace z HowLongToBeat.com","options_hidespamcomments":"Schovat spamové komentáře z Workshopu & profilů","options_gift":"Položky, které vlastníte jako dárek","options_regionalPriceMouse":"při najetí myší","options_lowestpriceHeader":"Informace o historii ceny","options_storesAll":"Porovnat všechny obchody","options_viewInCurrency":"View in:","options_showEarlyAccess":"Ukázat banner u her s Předběžným přístupem","options_profileLinkImagesGray":"Šedé","options_quickinv":"Zobrazit tlačítka pro rychlý prodej ve Steam komunitě (v inventáři)","options_quickinvDiff":"Modifikátor rychlého prodeje:","options_sendAgeInfo":"Automaticky odeslat potvrzení věku, pokud je vyžádováno","options_showdeckcompat":"Show Steam Deck compatibility ratings in the features list (and fetch the data when it's missing)","options_removebroadcasts":"Completely remove any live broadcast","options_exfgls":"Show a notice if app is excluded from Family Sharing","options_mp4video":"Vynutit formát videí MP4","options_youtube":"Zobrazit odkazy YouTube","options_twitch":"Show Twitch links","options_pcgw":"Ukázat odkazy na PCGamingWiki","options_completionistme":"Show Completionist.me links","options_protondb":"Show ProtonDB links","options_storeSteamcards":"Zobrazit SteamCardExchange odkazy v obchodě","options_spamcommentregex":"Regulární výraz:","options_regionalHideworld":"Schovat indikátor země","options_showAstatslink":"Ukázat odkaz na AStats na stránkách aplikací","options_showYoutubegameplay":"Show \"YouTube Gameplay\" links","options_showYoutubereviews":"Show \"YouTube Reviews\" links","options_openinnewtab":"Open external links in a new tab","options_showbartervg":"Show Barter.vg links","options_guest":"Položky, na které máte Guest Pass","options_collection":"Items in your ITAD Collection","options_waitlist":"Items in your ITAD Waitlist","options_showPlayersInfo":"Show player count information","options_showallstats":"Show playtime stats on \"All Games\" page","options_lowestpriceOnwishlist":"Ukázat v Seznamu přání","options_steamrepapi":"Ukázat SteamRep status na profilových stránkách","options_profileSteamid":"Show a link to view SteamIDs","options_profilePinnedBg":"Pin the profile background position while scrolling","options_lowestprice":"Ukázat","options_owned":"Položky, které vlastníte","options_itadlinks":"Show IsThereAnyDeal links","options_steamdb":"Ukázat odkazy na SteamDB","options_profileLinkImagesColor":"Barevné","options_showViewInLibrary":"Show \"View in Library\" button","options_installSteamButton":"Tlačítko \"Nainstalovat Steam\"","options_replaceViewClient":"Nahradit \"Zobrazit ve Steam aplikaci\"","options_showEmptyWishlist":"Zobrazit tlačítko \"Vyprázdnit Seznam přání\"","options_showWishlistStats":"Zobrazit statistiky seznamu přání","options_oneclickremovewl":"Skip confirmation when removing items","options_userNotes_userNotes":"User notes","options_userNotes_app":"On app pages","options_userNotes_wishlist":"On my wishlist","options_userNotes_loc":"Umístění úložiště","options_userNotes_syncedStorage":"Synced/Local storage","options_userNotes_local":"Local database","options_inventoryNavText":"Ukázat pokročilou navigaci na stránce Inventář","options_marketTotal":"Ukázat shrnutí transakcí na Tržišti","options_lowestpriceCoupon":"Zahrnout kupóny při porovnávání cen","options_general":"Obecné","options_apppage":"App page","options_market":"Tržiště","options_inventory":"Inventář","options_profile":"Profil","options_group":"Group","options_friendActivity":"Friend Activity Feed","options_groupLinks":"Options for links to 3rd party sites","options_showLanguagewarning":"Ukázat varování, pokud je aktivní jiný jazyk, než","options_homepage":"Domů","options_homepageDefaultTab":"Výchozí domovská stránka","options_homepageDefaultTabRemember":"Zapamatovat předchozí","options_homepageDefaultTabNewreleases":"Populární nově vydané","options_homepageDefaultTabTopsellers":"Nejprodávanější","options_homepageDefaultTabUpcoming":"Nadcházející","options_homepageDefaultTabSpecials":"Slevněné","options_wishlist":"Položky, které máte na Seznamu přání","options_addAnotherRegion":"Přidat","options_skipGotSteam":"Přeskočit okno \"Máte klienta služby Steam?\"","options_storeGeneralThirdparty":"Nastavení pro informace ze stránek třetích stran","options_purchaseDates":"Zobrazit datumy nákupu aplikací v obchodě","options_showBadgeProgress":"Zobrazit průběh odznaku na stránkách obchodu","options_showCoupon":"Show applicable Steam coupon","options_showWishlistLink":"Zobrazit odkaz na seznam přání na profilech","options_showWishlistCount":"Zobrazit počet položek na seznamu přání","options_profileShowcaseTwitch":"Add a showcase for Twitch.tv if there is a link","options_profileShowcaseOwnTwitch":"... including your own profile","options_profileShowcaseTwitchProfileonly":"... only if the link is in the Profile Summary","options_lang_english":"Angličtina","options_lang_brazilian":"Portugalská-Brazilština","options_lang_bulgarian":"Bulgarština","options_lang_czech":"Čeština","options_lang_danish":"Dánština","options_lang_dutch":"Holandština","options_lang_finnish":"Finština","options_lang_french":"Francouzština","options_lang_greek":"Řečtina","options_lang_german":"Němčina","options_lang_hungarian":"Maďarština","options_lang_italian":"Italština","options_lang_japanese":"Japonština","options_lang_koreana":"Korejtina","options_lang_norwegian":"Norština","options_lang_polish":"Polština","options_lang_portuguese":"Portugalština","options_lang_russian":"Ruština","options_lang_romanian":"Rumunština","options_lang_schinese":"Čínština (zjednodušená)","options_lang_spanish":"Španělština","options_lang_latam":"Latin American Spanish","options_lang_swedish":"Švédština","options_lang_tchinese":"Tradiční čínština","options_lang_thai":"Thaiština","options_lang_turkish":"Turečtina","options_lang_ukrainian":"Ukrajinština","options_lang_vietnamese":"Vietnamese","options_addCustomLink":"Přidat vlastní odkaz","options_autoDetect":"Automaticky detekovat","options_addToWaitlist":"Show \"Add to Waitlist\" dropdown on app pages","options_collectionBannerNotOwned":"Only show In Collection banner when I don't own the game on Steam","options_maintainers":"Project Maintainers","options_withHelpOf":"with a lot of help by our __contributors__","options_contributors":"wonderful contributors","options_aboutDesc":"Augmented Steam is a fork of the Enhanced Steam extension.","options_aboutDescLinks":"Visit the extension's __website__ or our __discord__ for more info.","options_footerFork":"a fork by IsThereAnyDeal","options_footerAuthor":"original author jshackles","ready_loading":"Augmented Steam načítá data...","ready_ready":"Augmented Steam je připravený.","ready_failed":"Selhalo __amount__ požadavků, zkontrolujte konzoli prohlížeče pro více informací","ready_serverOutage":"Servery Augmented Steam jsou nyní přetížené","twitch_nowStreaming":"__username__ živě steamuje na Twitch","twitch_viewers":"Diváci","dlcSelect_wishlistedDlc":"Vybrat DLC na Seznamu přání","dlcSelect_none":"Zrušit výběr","dlcSelect_unownedDlc":"Vybrat nevlastněná DLC","tag_wishlist":"Na Seznamu přání","tag_coupon":"S kupónem","tag_invGift":"Vlastněný dárek","tag_invGuestpass":"Vlastněný Guest Pass","tag_owned":"Vlastněné","tag_notinterested":"Nezajímá mě","tag_ignoredOwned":"Ignored (owned)","tag_collection":"Collected","tag_waitlist":"Waitlisted","wallet_customAmount":"Přidat vlastní částku","wallet_customAmountText":"Any amount over __minamount__","wallet_customGiftcard":"Select __input__ Custom Gift Card","wsgf_incomplete":"Nekompletní","wsgf_unsupported":"Toto skóre je udělováno hrám, které nemají podporu __type__.  Tato hra může být nehratelná v __type__, nebo může být obrázek roztažen na šířku okna.  Správný poměr stran není zachován.","wsgf_gold":"Tato medaile je udělována hrám, které mají perfektní skóre od WSGF za podporu __type__, and jsou certifikovány __type__.","wsgf_silver":"Tato medaile je udělována hrám, které obdržely známku B za podporu __type__.  Všechny tyto hry jsou bez výraznějších problémů, ale mají minimálně jeden problém, který zabraňuje perfektnímu skóre","wsgf_limited":"Toto skóre je udělováno hrám, které obdržely známku C za podporu __type__.  Všechny tyto hry do nějaké úrovně podporují __type__, ale mají výraznější problémy.","wsgf_certifications":"Optimalizováno pro širokoúhlé monitory","itad_enableSyncLibrary":"Enable library sync","itad_enableSyncWishlist":"Enable wishlist sync","itad_import":"Periodically import:","itad_lastImport":"Last import","itad_from":"from ITAD","itad_to":"to ITAD","itad_syncNow":"Synchronizovat nyní","itad_info_itadSteam":"Connecting Augmented Steam with IsThereAnyDeal allows you to apply Augmented Steam's highlighting and tagging to games in your Waitlist and Collection even if you don't have them on Steam.","itad_info_steamItad":"Furthermore, it allows you to import games from your Steam Library and/or Wishlist to IsThereAnyDeal, for improved accuracy (e.g. DLCs or unlisted games). Currently this feature can only add titles, not remove them, so it's not the replacement for IsThereAnyDeal's integrated sync, but an addition to it.","tradeoffer_numItem":"__num__ položka","tradeoffer_numItems":"__num__ položek","tradeoffer_back":"Back to Trade Offers","update_dontShow":"Příště nezobrazovat","update_updated":"Augmented Steam byl aktualizován na verzi __version__","update_changes":"View all changes on GitHub","register_success":"Hra __gamename__ byla úspěšně aktivována","register_owned":"Tento Steam účet již disponuje produkt(y) obsaženými v této nabídce.","register_notavail":"Omlouváme se, ale tento produkt není ve Vaší zemi dostupný. Váš kód nebyl aktivován.","register_invalid":"Zadaný kód produktu je neplatný. Důkladně zkontrolujte, zda jste kód zadali správně.","register_already":"Zadaný kód produktu byl již aktivován na jiném účtu služby Steam a je proto neplatný.","register_dlc":"Před aktivací zadaného kódu produktu je vyžadováno vlastnictví jiného produktu.","register_wallet":"Zadaný kód produktu patří k dárkovému kupónu nebo jde o kód pro Steam peněženku","register_toomany":"Proběhlo příliš mnoho pokusů o aktivaci z tohoto účtu. Počkejte prosím a zkuste to znovu později.","register_default":"Došlo k neočekávané chybě. Váš klíč nebyl použit. Počkejte prosím 30 minut a zkuste jej aktivovat znovu.","wl_label":"stats","wl_totalPrice":"current value","wl_inWishlist":"on wishlist","wl_onSale":"on sale","wl_noPrice":"without price","wl_hidden":"hidden apps","wl_hiddenTooltip":"Apps that have been removed/unlisted and are not visible on wishlists. Click for details.","wl_removeTitle":"Remove this item from your wishlist?","wl_removeConfirm":"Are you sure you want to remove 'appid __appid__' from your wishlist?","wl_removeConfirmWarn":"It cannot be re-added afterwards!","coll_totalTime":"total time","coll_inCollection":"in collection","coll_played":"played","coll_neverPlayed":"never played","userNote_add":"Přidat poznámku","userNote_update":"Aktualizovat poznámku","userNote_addForGame":"Poznámka pro __gamename__","userNote_notEnoughSpace":"Not enough space to save note","userNote_notEnoughSpaceDesc":"Augmented Steam can't save any more user notes since your used storage adapter doesn't allow more data to be saved (attempting to use ~__perc__% of the storage capacity).","userNote_closeOnStorage":"You are running close on storage","userNote_closeOnStorageDesc":"Augmented Steam is close to not being able to save any more user notes (~__perc__% storage usage) with your current storage adapter.","userNote_storageWarningDesc":"You can choose to store your user notes in a local database (without synchronization) or continue using the storage method provided by your browser (where new notes can only be added if you delete some old).","userNote_saveSyncedStorage":"Continue using synced storage","userNote_saveLocal":"Store notes locally","userNote_syncOption":"Sync notes automatically","userNote_syncInfo_1":"You can sync your notes between Augmented Steam and IsThereAnyDeal. If you enable automatic sync, notes will be periodically fetched from ITAD. Edits via Augmented Steam will be mirrored to ITAD immediately.","userNote_syncInfo_2":"You can also manually push or pull notes between Augmented Steam and IsThereAnyDeal. We advise you to do so before enabling automatic sync, to ensure the correct version of the note is used, in case you have different notes stored for the same game.","userNote_syncInfo_3":"You can see all your notes stored in the Notes and Tags section on IsThereAnyDeal.","userNote_syncButtonPush":"Push notes to\nIsThereAnyDeal","userNote_syncButtonPull":"Pull notes from\nIsThereAnyDeal","userNote_syncPulled":"__n__ note(s) were pulled from IsThereAnyDeal","userNote_syncPushed":"__n__ note(s) were pushed to IsThereAnyDeal","userNote_syncFailed":"__n__ note(s) failed to sync","userNote_syncError":"Your note failed to sync","userNote_syncErrorEmpty":"Note is empty","userNote_syncErrorUnknown":"ITAD does not know this game","userNote_syncErrorLength":"Note is too long (__length__, max: __max__)","queue_new":"New Queue","queue_newTooltip":"Remove this product from your queue and start a new queue.","workshop_workshop":"Workshop","workshop_subscriptions":"Odběry","workshop_subscribeAll":"Odebírat všechny","workshop_subscribeConfirm":"Jste si jisti odběrem všech __count__ položek workshopu s těmito filtry?","workshop_subscribeLoading":"Subscribing to __i__/__count__ workshop items, please wait...","workshop_unsubscribeAll":"Zrušit odběr všech","workshop_unsubscribeConfirm":"Are you sure you want to unsubscribe to all __count__ workshop items with these filters?","workshop_unsubscribeLoading":"Unsubscribing from __i__/__count__ workshop items, please wait...","workshop_finished":"Finished! __success__ successful, __fail__ failed. Click OK to refresh the page","workshop_failed":"__n__ failed","originalAuthors":"Original authors","acknowledgements":"Acknowledgments","countries_ad":"Andorra","countries_ae":"United Arab Emirates","countries_af":"Afghanistan","countries_ag":"Antigua and Barbuda","countries_ai":"Anguilla","countries_al":"Albánie","countries_am":"Armenia","countries_an":"Netherlands Antilles","countries_ao":"Angola","countries_ar":"Argentina","countries_as":"American Samoa","countries_at":"Rakousko","countries_au":"Austrálie","countries_aw":"Aruba","countries_az":"Azerbaijan","countries_ba":"Bosnia and Herzegovina","countries_bb":"Barbados","countries_bd":"Bangladesh","countries_be":"Belgium","countries_bf":"Burkina Faso","countries_bg":"Bulgaria","countries_bh":"Bahrain","countries_bi":"Burundi","countries_bj":"Benin","countries_bm":"Bermuda","countries_bn":"Brunei","countries_bo":"Bolivia","countries_br":"Brazílie","countries_bs":"Bahamas","countries_bt":"Bhutan","countries_bv":"Bouvet Island","countries_bw":"Botswana","countries_by":"Belarus","countries_bz":"Belize","countries_ca":"Kanada","countries_cd":"Congo - Kinshasa","countries_cf":"Central African Republic","countries_cg":"Congo - Brazzaville","countries_ch":"Švýcarsko","countries_ci":"Côte d’Ivoire","countries_ck":"Cook Islands","countries_cl":"Chile","countries_cm":"Cameroon","countries_cn":"Čína","countries_co":"Kolumbie","countries_cr":"Costa Rica","countries_cu":"Kuba","countries_cv":"Cape Verde","countries_cy":"Kypr","countries_cz":"Česká republika","countries_de":"Německo","countries_dj":"Djibouti","countries_dk":"Dánsko","countries_dm":"Dominica","countries_do":"Dominican Republic","countries_dz":"Algeria","countries_ec":"Ecuador","countries_ee":"Estonsko","countries_eg":"Egypt","countries_eh":"Western Sahara","countries_er":"Eritrea","countries_es":"Španělsko","countries_et":"Ethiopia","countries_fi":"Finsko","countries_fj":"Fiji","countries_fk":"Falkland Islands","countries_fm":"Micronesia","countries_fo":"Faroe Islands","countries_fr":"Francie","countries_ga":"Gabon","countries_gb":"Spojené Království","countries_gd":"Grenada","countries_ge":"Georgia","countries_gf":"French Guiana","countries_gg":"Guernsey","countries_gh":"Ghana","countries_gi":"Gibraltar","countries_gl":"Greenland","countries_gm":"Gambia","countries_gn":"Guinea","countries_gp":"Guadeloupe","countries_gq":"Equatorial Guinea","countries_gr":"Řecko","countries_gs":"South Georgia","countries_gt":"Guatemala","countries_gu":"Guam","countries_gw":"Guinea-Bissau","countries_gy":"Guyana","countries_hk":"Hong Kong SAR China","countries_hm":"Heard Island and McDonald Islands","countries_hn":"Honduras","countries_hr":"Chorvatsko","countries_ht":"Haiti","countries_hu":"Maďarsko","countries_id":"Indonesia","countries_ie":"Ireland","countries_il":"Israel","countries_im":"Isle of Man","countries_in":"India","countries_io":"British Indian Ocean Territory","countries_iq":"Iraq","countries_ir":"Iran","countries_is":"Iceland","countries_it":"Italy","countries_je":"Jersey","countries_jm":"Jamaica","countries_jo":"Jordan","countries_jp":"Japan","countries_ke":"Kenya","countries_kg":"Kyrgyzstan","countries_kh":"Cambodia","countries_ki":"Kiribati","countries_km":"Comoros","countries_kn":"Saint Kitts and Nevis","countries_kp":"North Korea","countries_kr":"South Korea","countries_kw":"Kuwait","countries_ky":"Cayman Islands","countries_kz":"Kazakhstan","countries_la":"Laos","countries_lb":"Lebanon","countries_lc":"Saint Lucia","countries_li":"Liechtenstein","countries_lk":"Sri Lanka","countries_lr":"Liberia","countries_ls":"Lesotho","countries_lt":"Lithuania","countries_lu":"Lucembursko","countries_lv":"Latvia","countries_ly":"Libya","countries_ma":"Morocco","countries_mc":"Monako","countries_md":"Moldavsko","countries_me":"Montenegro","countries_mg":"Madagaskar","countries_mh":"Marshall Islands","countries_mk":"Macedonia","countries_ml":"Mali","countries_mm":"Myanmar [Burma]","countries_mn":"Mongolia","countries_mo":"Macau SAR China","countries_mp":"Northern Mariana Islands","countries_mq":"Martinique","countries_mr":"Mauritania","countries_ms":"Montserrat","countries_mt":"Malta","countries_mu":"Mauritius","countries_mv":"Maldives","countries_mw":"Malawi","countries_mx":"Mexiko","countries_my":"Malajsie ","countries_mz":"Mozambique","countries_na":"Namibia","countries_nc":"New Caledonia","countries_ne":"Niger","countries_nf":"Norfolk Island","countries_ng":"Nigeria","countries_ni":"Nicaragua","countries_nl":"Netherlands","countries_no":"Norsko","countries_np":"Nepál","countries_nr":"Nauru","countries_nu":"Niue","countries_nz":"Nový Zéland","countries_om":"Oman","countries_pa":"Panama","countries_pe":"Peru","countries_pf":"French Polynesia","countries_pg":"Papua New Guinea","countries_ph":"Filipíny","countries_pk":"Pákistán","countries_pl":"Polsko","countries_pm":"Saint Pierre and Miquelon","countries_pn":"Pitcairn Islands","countries_pr":"Puerto Rico","countries_ps":"Palestinian Territories","countries_pt":"Portugalsko","countries_pw":"Palau","countries_py":"Paraguay","countries_qa":"Qatar","countries_re":"Réunion","countries_ro":"Rumunsko","countries_rs":"Srbsko","countries_ru":"Rusko","countries_rw":"Rwanda","countries_sa":"Saudi Arabia","countries_sb":"Solomon Islands","countries_sc":"Seychelles","countries_sd":"Sudan","countries_se":"Švédsko","countries_sg":"Singapore","countries_sh":"Saint Helena","countries_si":"Slovinsko","countries_sk":"Slovensko","countries_sl":"Sierra Leone","countries_sm":"San Marino","countries_sn":"Senegal","countries_so":"Somálsko","countries_sr":"Suriname","countries_st":"São Tomé and Príncipe","countries_sv":"El Salvador","countries_sy":"Syria","countries_sz":"Swaziland","countries_tc":"Turks and Caicos Islands","countries_td":"Chad","countries_tf":"French Southern Territories","countries_tg":"Togo","countries_th":"Thailand","countries_tj":"Tajikistan","countries_tk":"Tokelau","countries_tl":"Timor-Leste","countries_tm":"Turkmenistan","countries_tn":"Tunisia","countries_to":"Tonga","countries_tr":"Turecko","countries_tt":"Trinidad and Tobago","countries_tv":"Tuvalu","countries_tw":"Taiwan","countries_tz":"Tanzania","countries_ua":"Ukrajina","countries_ug":"Uganda","countries_um":"U.S. Minor Outlying Islands","countries_us":"Spojené státy","countries_uy":"Uruguay","countries_uz":"Uzbekistan","countries_va":"Vatikán","countries_vc":"Saint Vincent and the Grenadines","countries_ve":"Venezuela","countries_vg":"British Virgin Islands","countries_vi":"U.S. Virgin Islands","countries_vn":"Vietnam","countries_vu":"Vanuatu","countries_wf":"Wallis and Futuna","countries_ws":"Samoa","countries_ye":"Yemen","countries_yt":"Mayotte","countries_za":"South Africa","countries_zm":"Zambia","countries_zw":"Zimbabwe"}}