{"stats":{"strings":812,"translated":274},"strings":{"deleteCommentPrompt":"Are you sure you want to delete this comment?","downloadDemoHeader":"Download __gamename__ Demo","deckCompat_header":"Steam Deck Compatibility","deckCompat_unknown":"Unknown","deckCompat_unsupported":"Unsupported","deckCompat_playable":"Playable","deckCompat_verified":"Verified","featureHint_desc":"Would you like to enable the following feature?","featureHint_reminder":"You can change your preferences through the options page later.","thewordyes":"Yes","thewordno":"No","theworderror":"Error","noData":"No data","toomanyrequests":"Too Many Requests","showComments":"Show Comments","hideComments":"Hide Comments","thewordunknown":"Unknown","calcWorkshopSize_fileSize":"File size __size__","calcWorkshopSize_calcSize":"Calculate Total Size","calcWorkshopSize_calcLoading":"Calculating __i__/__count__ workshop items, please wait...","calcWorkshopSize_calcFinished":"Finished! Successfully calculated __success__/__total__ items.","calcWorkshopSize_totalSize":"Total size: __size__","cart":"Cart","inCart":"In Cart","steamidOfUser":"__user__'s SteamID","copied":"Copied to your clipboard!","viewSteamid":"View SteamID","moreOnSteampeek":"See more on SteamPeek","date":"Date","rating":"Rating","helpful":"Helpful","funny":"Funny","length":"Length","visibility":"Visibility","processing":"Processing...","wait":"Please wait","inviteFriends":"Invite Friends","inviteToGroup":"Invite To Group","inverse":"Inverse","transactionStatus":"__failed__ request(s) failed. Retrieved __size__ of __total__ transactions.","customTags":"Custom Tags","addTag":"Add tag","enterTag":"Enter the custom tag you'd like to add","status":"Status:","connect":"Connect","connected":"Connected","disconnect":"Disconnect","disconnected":"Disconnected","oneclickgoo":"1-Click turn into Gems...","viewInLibrary":"View in Library","support":"Support","email":"E-mail","contact":"Contact","favEmoticonsDragging":"Drag emoticons here to favorite them","favEmoticonsNoAccess":"You don't have access to this emoticon","postHistory":"Se indlæg historie","addNickname":"Tilføj Brugernavn","totalSize":"Samlede størrelse","dlcDetails":"Hentbare indholdsdetaljer","badgeNotUnlocked":"Ikke låst op","badgeLevel":"Level __level__","each":"Hver","viewInMarket":"Vis i Fællesskabs Marked","remove":"Remove","getHelp":"Få hjælp","addSelectedDlcToCart":"tilføj valgte DLC til indkøbskurven","close":"Luk","error":"Der opstod en fejl","go":"Ok","activate":"Aktiver et produkt","activateMultipleHeader":"Angiv produktkoder nedenfor, en per linje","activateMultiple":"Aktiver flere produkter","activateProducts":"Aktiver produkter","couponApplicationNote":"En kupon i din beholdning anvendes automatisk ved kassen.","hide":"Skjul","filters":"Augmented Steam filters","cardsOwned":"__owned__ __possible__ kort ejes","libraryMenu":"Bibliotek","clearCache":"Slet cachede data","translation":"Oversættelse","helpTranslate":"Help us translate Augmented Steam over at POEditor","lowest":"Laveste","lowestPrice":"Aktuel Laveste Pris:","viewBadgeProgress":"Se badge fremskridt","badgeProgress":"Se badge-fremskridt","salesTotal":"salg i alt:","viewNormalBadge":"Se normal skilt-fremskridt","apppageSections":"Vælg den del du gerne vil se på denne side","website":"Hjemmeside","games":"Spil","badgeCompletionCost":"Pris for at fuldføre skilt: __cost__","loading":"Indlæser...","selling":"Sælger...","quickSell":"Quick sælg for __amount__","quickSellDesc":"Price difference of __modifier__ compared to the price of the cheapest offer currently listed on the Steam Market","instantSell":"Sælg med det samme for __amount__","instantSellDesc":"The price of the highest buy order currently listed on the Steam Market","quickSellVerify":"Steam Guard confirmation needed","startingAt":"Starter fra: __price__","homepageTabs":"Forside tabs","store":"Butik","viewInStore":"Vis i Butik","communityHub":"Community Hub","viewOnWebsite":"View on __website__","drmThirdParty":"Advarsel: Dette spil benytter 3. part DRM __drmlist__.","hoursShort":"__hours__ timer","spamCommentShow":"__num__ spam kommentarer skjult på denne side. Klik her for at vise dem.","addToWishlist":"Tilføj til ønskeliste","addFullgameToWishlist":"Add full game to your wishlist","addToWaitlist":"Add to your Waitlist","addFullgameToWaitlist":"Add full game to your Waitlist","removeFromWaitlistTooltip":"Remove from your Waitlist","removeFullgameFromWaitlistTooltip":"Remove full game from your Waitlist","removeFromWishlistAndWaitlistTooltip":"Remove from both your wishlist and Waitlist","removeFullgameFromWishlistAndWaitlistTooltip":"Remove full game from both your wishlist and Waitlist","language":"Sprog","theworddefault":"Standard","thewordclear":"Clear","couponLearnMore_linkText":"Learn more","couponLearnMore_fullText":"__linkdesc__ about Steam Coupons","show":"Vis","showAll":"Show All","badgesAll":"Alle skilte","esSupporter":"Enhanced Steam Supporter","community":"Fællesskab","ownedCollection":"__gametitle__ is already in your IsThereAnyDeal Collection","viewBadge":"Se skilt","purchaseTotal":"Købstotal:","viewFoilBadge":"Se Indpakket Skilt fremskridt","viewAstats":"Se AStats side","contribute":"Bidrag (GitHub)","reviews":"Anmeldelser","readReviews":"Læs anmeldelser","readMoreReviews":"Læs flere anmeldelser på","youtubeGameplay":"YouTube Gameplay","youtubeReviews":"YouTube Reviews","packageInfo":"Pakkeinfo","badgeCompletionAvg":"Gennemsnitlige udgifter til færdiggørelse: __cost__","volumeSoldLast_24":"Volume: __sold__ solgt de sidste 24 timer","soldLast_24":"Volume: __sold__ solgt de sidste 24 timer","homepageCurators":"Steam Curator Recommendations","homepageTopnewreleases":"Top Steam Releases","homepageSidebar":"Sidebar","dropCalc":"Klik her for at udregne manglende drops","price":"Pris","marketTransactions":"Marked transaktioner","loadMarketStats":"Load Market Stats","cardDropsRemaining":"__drops__ card dråber resterende","badgesDrops":"Skilte med kort drops tilbage","usingLanguageReturn":"Click here to browse Steam in __base__.","guides":"Vejledninger","highlight":"Fremhæv","save":"Gem","view":"Se","gameName":"Spille navn","notinterested":"Poste markeret er ikke interesseret","ignoredOwned":"Games you ignored as played on different platform","searchFilters_reviewsScore_between":"Between __lower__% and __upper__% review score","searchFilters_reviewsScore_any":"Any review score","searchFilters_reviewsScore_upTo":"Up to __score__% review score","searchFilters_reviewsScore_from":"From __score__% review score","searchFilters_reviewsCount_count":"Reviews count:","searchFilters_reviewsCount_minCount":"Min count","searchFilters_reviewsCount_maxCount":"Max count","searchFilters_discountPercent_count":"Discount percent:","searchFilters_discountPercent_minCount":"Min %","searchFilters_discountPercent_maxCount":"Max %","searchFilters_hideCart":"Hide items in your Cart","searchFilters_hideEa":"Hide Early Access items","searchFilters_hideMixed":"Hide mixed rating items","searchFilters_hideNegative":"Hide negative rating items","news":"Nyheder","viewinclient":"Vis i Steam klient","customBackground":"Selvlavet baggrund","customStyle":"Selvlavet tema","customStyleHelp":"Alle brugere af Augmented Steam vil se dette tema på din profil. Ikke-Augmented Steam brugere vil ikke se nogen tema forandrig lavet her.","noneselected":"Intet valgt / Ingen forandring","mostDrops":"Flest drops","netGain":"Nettogevinst:","apppageRecentupdates":"Recent Events & Announcements","apppageEaheader":"Early Access Info Box","apppageEabanner":"Early Access Discussions Banner","apppageWorkshop":"Steam Workshop Banner","apppageGreenlight":"Steam Greenlight Banner","apppageLegal":"Juridiske Oplysninger","apppageFranchise":"Franchise","apppageMorefromfranchise":"More From Franchise","bugFeature":"Rapporter Fejl / Foreslå funktioner","always":"Altid","ratingDetails":"Se bedømmelse detaljer","dropsWorthAvg":"Værd ca","familySharingNotice_notice":"Notice:","familySharingNotice_desc":"This game is excluded from Steam's Family Sharing service.","visitStore":"Besøg butik siden","all":"Alle","externalFunds":"External Funds Used","shoppingCartHistory":"View Shopping Cart history","manageWebapiKey":"Manage my Steam Web API key","steamCloudHeader":"Steam Cloud","steamCloudSaves":"View Cloud saves","gamesWithDrops":"__dropsgames__ spil med kort-drops resterende","binderView":"Binder udsigt","usingLanguage":"You are browsing Steam in __current__.","loginWarning":"Make sure that you are logged into __link__ in order to be able to use all features of Augmented Steam.","visitTradeForum":"Besøg Bytte Forum","purchaseDate":"(Købt __date__)","customBackgroundHelp":"Alle brugere af Augmented Steam vil se denne baggrund på din profil.  Dem som ikke bruger Non-Augmented Steam vil se den normale baggrund.","dateUnlocked":"Dato låst op","netSpent":"Net brugt:","buy":"Køb","buyPackage":"Køb __package__","moreInformation":"Mere Information","regionUnavailable":"Ikke tilgængelig i denne region","avgPrice_3cards":"Gennemsnitspris af tre samlekort: __price__","groups_leaveGroupsConfirm":"Are you sure you want to leave __n__ selected groups?","groups_manageGroups":"Manage groups","groups_actionGroups":"Select the groups below that you wish to take action on.","groups_select":"Select:","groups_leave":"Leave Groups","groups_selected":"__n__ selected.","groups_leaveAdminConfirm_currentlyAdmin":"You are currently admin of __name__.","groups_leaveAdminConfirm_wantToLeave":"Are you sure you want to leave this group?","export_wishlist":"Export wishlist","export_type":"Export type","export_format":"Text format","export_text":"Text","export_download":"Download","export_copyClipboard":"Copy to clipboard","none":"None","emptyWishlist_title":"Tøm ønskeliste","emptyWishlist_confirm":"Are you sure you want to empty your wishlist? This action cannot be undone!","emptyWishlist_removing":"Removing app __cur__ from __total__...","about":"Om","never":"Aldrig","couponAvailable":"Du har en kupon til rådighed!","launchRandom":"Start et tilfældigt spil","playGame":"Spil __gamename__?","dropsValue":"Højeste drop pris","cardsRemain":"Least cards remaining to complete set","wishlist":"Ønskeliste","onWishlist":"On wishlist","onWaitlist":"In Waitlist","onWishlistAndWaitlist":"On wishlist and Waitlist","cancel":"Fortryd","wikiArticle":"Se __pcgw__ artikel","viewAll":"SE ALLE","gamesWithBooster":"__boostergames__ spil som er brugbare overfor booster packs","sortBy":"Sorter efter:","playtime":"Playtime","awards":"Awards","year":"Year","lastonline":"Sidst Online","members":"Members","name":"Name","drmThirdPartySub":"Advarsel: Et eller flere titler i denne pakke bruger tredjeparts DRM __drmlist__.","customize":"Tilpasse","bundleSavingText":"Her er hvad du sparer ved at købe dette bundte","thewordoptions":"Indstillinger","discussions":"Diskussioner","pricing_lowestPrice":"Current best:","pricing_historicalLow":"Historical low:","pricing_bundled":"In bundle:","pricing_withVoucher":"with voucher __voucher__","pricing_store":"at&nbsp;__store__","pricing_bundleCount":"__count__ times","webBrowserChat":"Webbrowser chat","steamClientChat":"Steam klient chat","equipOnProfile":"Equip on Profile","previewBackground":"Preview baggrund","expandSlider":"Gør slideren større","contractSlider":"Gør slideren mindre","earlyAccess":"Early Access","tagShort":"Brug korte tags for at bevare plads","noPriceData":"Ingen tilgængelige prisdata","userScore":"Brugerscore","marketPopularItemsToggle":"Slå live opdatering til og fra til populære emner","showProgressbar":"Show Augmented Steam progress and status bar","achievements_option":"Vis præstationer på butik sider","achievements_summary":"__unlocked__ of __total__ (__percentage__%) achievements earned:","bundle_offerEnds":"Tilbud slutter","bundle_includes":"Inkluderer __num__ genstande","bundle_tierIncludes":"__tier__ (__price__) inkluderer __num__ genstande","bundle_tier":"Niveau __num__","bundle_header":"Pakker der indeholder dette spil","bundle_info":"Pakkeinfo","charts_peakall":"Højeste nogensinde","charts_current":"Aktuelle Spillere","charts_playingNow":"Spiller nu","charts_peaktoday":"dagens højdepunkt","hltb_title":"How Long to Beat","hltb_mainE":"Hovedhistorie og ekstra","hltb_compl":"Fuldførnist","hltb_main":"Hovedhistorie","options_friendsAndGroups":"Friends and Groups","options_friendsAppendNickname":"Append nicknames to friends' names","options_settingsMngmt_import":"Import","options_settingsMngmt_importSuccess":"Successfully imported settings","options_settingsMngmt_importFail":"Failed to import settings","options_settingsMngmt_export":"Export","options_settingsMngmt_reset":"Reset","options_showCustomThemes":"Show custom themes","options_communityDefaultTab":"Default community home page tab","options_videos":"Videos","options_broadcasts":"Broadcasts","options_artwork":"Artwork","options_screenshots":"Screenshots","options_showBacktotop":"Show back to top button on long pages","options_contextMenu":"Context Menu","options_contextSteamStore":"Search Steam Store for '__query__'","options_contextSteamMarket":"Search Steam Market for '__query__'","options_contextItad":"Search IsThereAnyDeal for '__query__'","options_contextBartervg":"Search Barter.vg for '__query__'","options_contextSteamdb":"Search SteamDB for '__query__'","options_contextSteamdbInstant":"Instant Search SteamDB for '__query__'","options_contextSteamKeys":"Activate steam product keys within selection","options_wsgf":"Vis WSGF (Widescreen) info ","options_versionShow":"Vis ændringsloggen når \"Augmented Steam\" opdaterer","options_steamcardexchange":"Vis SteamCardExchange links på skilte","options_regionalPrice":"Regional Prissammenligning","options_excludef2p":"Udeluk gratis at spille spil fra fremhævning","options_profileLinkImagesNone":"Ingen","options_profileLinks":"Vis profil links til","options_tag":"Etiket","options_icon":"Ikon","options_name":"Navn","options_showAlternativeLinuxIcon":"Vis alternativt Linux ikon","options_replacecommunityhublinks":"Replace community hub links with store page links","options_hideannouncementcomments":"Hide comments under all group announcements by default","options_hidetmsymbols":"Hide trademark and copyright symbols in game titles","options_metacritic":"Vis Metacritic bruger bedømmelser","options_opencritic":"Vis Opencritic.com information","options_hideactivelistings":"Gem all aktive lister på markedet som standard","options_showlowestmarketprice":"Show the lowest market price for your listings","options_clear":"Er du sikker på du vil nulstille alle indstillinger? Dette kan ikke fortrydes.","options_coupon":"Genstande med kuponer","options_showPackageInfo":"Vis pakke info for alle apps","options_wlbuttoncommunityapp":"Vis \"tilføj til ønskeliste\" knap på fællesskabs sider","options_removeguideslanguagefilter":"Lad vær med at automatisk filtrer guides efter dit sprog","options_confirmdeletecomment":"Show confirmation when deleting comments","options_disablelinkfilter":"Slå bekræftelse af når du går på andre sider","options_regionalPriceOn":"Vis regional prissammenligning","options_horizontalscrolling":"Enable horizontal scrolling with the mouse wheel","options_supportinfo":"Show support information","options_drm":"Vis tredjeparts DRM advarsler","options_profileLinkImages":"Profile and Group links image style","options_show1clickgoo":"Vis \"1-Klick gør til ædelstener...\" knappen på gældende lagervarer","options_hltb":"Vis HowLongToBeat.com oplysninger","options_hidespamcomments":"Skjul spam kommentarer fra værksted & profiler ","options_gift":"Genstande gemt som gave","options_regionalPriceMouse":"på Pris Mouseover","options_lowestpriceHeader":"Pris historik","options_storesAll":"Sammenlign alle butikker","options_viewInCurrency":"View in:","options_showEarlyAccess":"Vis Tidlig Adgang billede-bannere","options_profileLinkImagesGray":"Gråskala","options_quickinv":"Vis quick salg knapper på Steam-Fællesskabet vare i inventory","options_quickinvDiff":"Quick sælg modifier:","options_sendAgeInfo":"Automatisk send verifikation af alder når anmodet.","options_showdeckcompat":"Show Steam Deck compatibility ratings in the features list (and fetch the data when it's missing)","options_removebroadcasts":"Completely remove any live broadcast","options_exfgls":"Show a notice if app is excluded from Family Sharing","options_mp4video":"Force videos to be in MP4 format","options_youtube":"Show YouTube links","options_twitch":"Show Twitch links","options_pcgw":"Vis PCGamingWiki links","options_completionistme":"Show Completionist.me links","options_protondb":"Show ProtonDB links","options_storeSteamcards":"Vis SteamCardExchange links på butik sider","options_spamcommentregex":"Regulære udtryk streng:","options_regionalHideworld":"Skjul globe indikator","options_showAstatslink":"Vis AStats link på app sider","options_showYoutubegameplay":"Show \"YouTube Gameplay\" links","options_showYoutubereviews":"Show \"YouTube Reviews\" links","options_openinnewtab":"Open external links in a new tab","options_showbartervg":"Show Barter.vg links","options_guest":"Elementer, du har et gæstepas til","options_collection":"Items in your ITAD Collection","options_waitlist":"Items in your ITAD Waitlist","options_showPlayersInfo":"Show player count information","options_showallstats":"Show playtime stats on \"All Games\" page","options_lowestpriceOnwishlist":"Vis på ønskeliste","options_steamrepapi":"Vis SteamRep status på profilsider","options_profileSteamid":"Show a link to view SteamIDs","options_profilePinnedBg":"Pin the profile background position while scrolling","options_lowestprice":"Vis","options_owned":"Genstande du ejer","options_itadlinks":"Show IsThereAnyDeal links","options_steamdb":"Vis SteamDB links","options_profileLinkImagesColor":"Farvet","options_showViewInLibrary":"Show \"View in Library\" button","options_installSteamButton":"\"Install Steam\" button","options_replaceViewClient":"Replace with \"View in Client\"","options_showEmptyWishlist":"Vis \"Tøm ønskeseddel\" knappen","options_showWishlistStats":"Show wishlist stats","options_oneclickremovewl":"Skip confirmation when removing items","options_userNotes_userNotes":"User notes","options_userNotes_app":"On app pages","options_userNotes_wishlist":"On my wishlist","options_userNotes_loc":"Storage location","options_userNotes_syncedStorage":"Synced/Local storage","options_userNotes_local":"Local database","options_inventoryNavText":"Vis Avanceret navigation på rygsæk side","options_marketTotal":"Vis transaktion resumé på Market","options_lowestpriceCoupon":"Inkluder kupon kode i pris sammenligningen","options_general":"Generel","options_apppage":"App page","options_market":"Marked","options_inventory":"Inventar","options_profile":"Profil","options_group":"Group","options_friendActivity":"Friend Activity Feed","options_groupLinks":"Options for links to 3rd party sites","options_showLanguagewarning":"Vis advarsel, hvis du søger i et andet sprog end","options_homepage":"Hjemmeside","options_homepageDefaultTab":"Standard hjemmside fane","options_homepageDefaultTabRemember":"Husk tidligere","options_homepageDefaultTabNewreleases":"Populære nye udgivelser","options_homepageDefaultTabTopsellers":"Bedst sælgende","options_homepageDefaultTabUpcoming":"Kommende","options_homepageDefaultTabSpecials":"Tilbud","options_wishlist":"Genstande på din ønskeliste","options_addAnotherRegion":"Tilføj","options_skipGotSteam":"Springe vinduet 'Har du Steam?' over","options_storeGeneralThirdparty":"Muligheder for information fra 3 parts sider","options_purchaseDates":"Vis apps købsdato på butikssider","options_showBadgeProgress":"Vis apps badge fremskridt på butikssider","options_showCoupon":"Show applicable Steam coupon","options_showWishlistLink":"Vis en ønskeliste link på profiler","options_showWishlistCount":"Vis antallet af varer på ønskeliste","options_profileShowcaseTwitch":"Add a showcase for Twitch.tv if there is a link","options_profileShowcaseOwnTwitch":"... including your own profile","options_profileShowcaseTwitchProfileonly":"... only if the link is in the Profile Summary","options_lang_english":"Engelsk","options_lang_brazilian":"Portugisisk-Brasilien","options_lang_bulgarian":"Bulgarsk","options_lang_czech":"Tjekkisk","options_lang_danish":"Dansk","options_lang_dutch":"Hollandsk","options_lang_finnish":"Finsk","options_lang_french":"Fransk","options_lang_greek":"Græsk","options_lang_german":"Tysk","options_lang_hungarian":"Ungarnsk","options_lang_italian":"Italiensk","options_lang_japanese":"Japansk","options_lang_koreana":"Koreansk","options_lang_norwegian":"Norsk","options_lang_polish":"Polsk","options_lang_portuguese":"Portugesisk","options_lang_russian":"Russisk","options_lang_romanian":"Romansk","options_lang_schinese":"Forenklet kinesisk","options_lang_spanish":"Spansk","options_lang_latam":"Latin American Spanish","options_lang_swedish":"Svensk","options_lang_tchinese":"Traditionelt kinesisk","options_lang_thai":"Thailandsk","options_lang_turkish":"Tyrkisk","options_lang_ukrainian":"Ukrainsk","options_lang_vietnamese":"Vietnamese","options_addCustomLink":"Add custom link","options_autoDetect":"Auto-detect","options_addToWaitlist":"Show \"Add to Waitlist\" dropdown on app pages","options_collectionBannerNotOwned":"Only show In Collection banner when I don't own the game on Steam","options_maintainers":"Project Maintainers","options_withHelpOf":"with a lot of help by our __contributors__","options_contributors":"wonderful contributors","options_aboutDesc":"Augmented Steam is a fork of the Enhanced Steam extension.","options_aboutDescLinks":"Visit the extension's __website__ or our __discord__ for more info.","options_footerFork":"a fork by IsThereAnyDeal","options_footerAuthor":"original author jshackles","ready_loading":"Augmented Steam indlæser data...","ready_ready":"Augmented Steam er klar","ready_failed":"__amount__ request(s) failed, check browser console for more information","ready_serverOutage":"Augmented Steam servers are currently overloaded","twitch_nowStreaming":"__username__ live streamer på Twitch","twitch_viewers":"Seere","dlcSelect_wishlistedDlc":"Vælg ønskelistede DLC","dlcSelect_none":"Vælg intet","dlcSelect_unownedDlc":"Vælg ikke-ejet DLC","tag_wishlist":"Ønskeliste","tag_coupon":"Kupon","tag_invGift":"Gave","tag_invGuestpass":"Gæstepas","tag_owned":"Ejet","tag_notinterested":"Ikke interesseret","tag_ignoredOwned":"Ignored (owned)","tag_collection":"Collected","tag_waitlist":"Waitlisted","wallet_customAmount":"Tilføj selvlavet mængde","wallet_customAmountText":"Any amount over __minamount__","wallet_customGiftcard":"Select __input__ Custom Gift Card","wsgf_incomplete":"Ufuldstændig","wsgf_unsupported":"Denne score er tildelt for spil, der ikke har __type__ støtte.  Spillet kan muligvis ikke afspilles i __type__, eller billedet vil blive strukket så det passer til vinduet.  Det korrekte højde-breddeforhold bevares ikke.","wsgf_gold":"Denne medalje tildeles til spil, der har modtaget en perfekt score fra WSGF for deres __type__ support, og er __type__ Certified.","wsgf_silver":"Denne medalje er tildelt til spil, der har modtaget en beregnet kategori b for deres __type__ støtte.  Alle spil af denne slags er uden store fejl, men har mindst én plet, der forhindrer en perfekt score.","wsgf_limited":"Denne score er tildelt til spil, der har modtaget en beregnet kategori c for deres __type__ støtte.  Alle spil af denne slags har en vis grad af __type__ støtte, men har betydelige problemer.","wsgf_certifications":"WSGF Widescreen certificeringer","itad_enableSyncLibrary":"Enable library sync","itad_enableSyncWishlist":"Enable wishlist sync","itad_import":"Periodically import:","itad_lastImport":"Last import","itad_from":"from ITAD","itad_to":"to ITAD","itad_syncNow":"Sync now","itad_info_itadSteam":"Connecting Augmented Steam with IsThereAnyDeal allows you to apply Augmented Steam's highlighting and tagging to games in your Waitlist and Collection even if you don't have them on Steam.","itad_info_steamItad":"Furthermore, it allows you to import games from your Steam Library and/or Wishlist to IsThereAnyDeal, for improved accuracy (e.g. DLCs or unlisted games). Currently this feature can only add titles, not remove them, so it's not the replacement for IsThereAnyDeal's integrated sync, but an addition to it.","tradeoffer_numItem":"__num__ genstand","tradeoffer_numItems":"__num__ genstande","tradeoffer_back":"Back to Trade Offers","update_dontShow":"Vis ikke igen","update_updated":"Augmented Steam er blevet opdateret til __version__","update_changes":"View all changes on GitHub","register_success":"Aktiveringen af __gamename__ lykkedes","register_owned":"Denne Steam-konto ejer allerede det produkt/de produkter, der er omfattet af dette tilbud.","register_notavail":"Beklager, men dette produkt kan ikke købes i dette land. Din produktnøgle er ikke blevet indløst.","register_invalid":"Den indtastede produktkode er ikke gyldig. Se godt efter om du evt. har indtastet koden forkert.","register_already":"Den produktkode, du har angivet, er allerede aktiveret af en anden Steam-konto. Denne kode kan ikke bruges igen.","register_dlc":"Den produktkode, du har indtastet, kræver ejerskab af et andet produkt inden aktivering.","register_wallet":"Den indtastede kode er fra et Steam-gavekort eller en Steam-tegnebogskode","register_toomany":"Der har været for mange nylige aktiveringsforsøg fra denne konto eller internetadresse.  Vent venligst og prøv din produktkode igen senere.","register_default":"Der opstod en uventet fejl.  Din produktkode er ikke blevet indløst.  Vent venligst 30 minutter og prøv at indløse koden igen.","wl_label":"stats","wl_totalPrice":"current value","wl_inWishlist":"on wishlist","wl_onSale":"on sale","wl_noPrice":"without price","wl_hidden":"hidden apps","wl_hiddenTooltip":"Apps that have been removed/unlisted and are not visible on wishlists. Click for details.","wl_removeTitle":"Remove this item from your wishlist?","wl_removeConfirm":"Are you sure you want to remove 'appid __appid__' from your wishlist?","wl_removeConfirmWarn":"It cannot be re-added afterwards!","coll_totalTime":"total time","coll_inCollection":"in collection","coll_played":"played","coll_neverPlayed":"never played","userNote_add":"Add a note","userNote_update":"Update note","userNote_addForGame":"Note for __gamename__","userNote_notEnoughSpace":"Not enough space to save note","userNote_notEnoughSpaceDesc":"Augmented Steam can't save any more user notes since your used storage adapter doesn't allow more data to be saved (attempting to use ~__perc__% of the storage capacity).","userNote_closeOnStorage":"You are running close on storage","userNote_closeOnStorageDesc":"Augmented Steam is close to not being able to save any more user notes (~__perc__% storage usage) with your current storage adapter.","userNote_storageWarningDesc":"You can choose to store your user notes in a local database (without synchronization) or continue using the storage method provided by your browser (where new notes can only be added if you delete some old).","userNote_saveSyncedStorage":"Continue using synced storage","userNote_saveLocal":"Store notes locally","userNote_syncOption":"Sync notes automatically","userNote_syncInfo_1":"You can sync your notes between Augmented Steam and IsThereAnyDeal. If you enable automatic sync, notes will be periodically fetched from ITAD. Edits via Augmented Steam will be mirrored to ITAD immediately.","userNote_syncInfo_2":"You can also manually push or pull notes between Augmented Steam and IsThereAnyDeal. We advise you to do so before enabling automatic sync, to ensure the correct version of the note is used, in case you have different notes stored for the same game.","userNote_syncInfo_3":"You can see all your notes stored in the Notes and Tags section on IsThereAnyDeal.","userNote_syncButtonPush":"Push notes to\nIsThereAnyDeal","userNote_syncButtonPull":"Pull notes from\nIsThereAnyDeal","userNote_syncPulled":"__n__ note(s) were pulled from IsThereAnyDeal","userNote_syncPushed":"__n__ note(s) were pushed to IsThereAnyDeal","userNote_syncFailed":"__n__ note(s) failed to sync","userNote_syncError":"Your note failed to sync","userNote_syncErrorEmpty":"Note is empty","userNote_syncErrorUnknown":"ITAD does not know this game","userNote_syncErrorLength":"Note is too long (__length__, max: __max__)","queue_new":"New Queue","queue_newTooltip":"Remove this product from your queue and start a new queue.","workshop_workshop":"Workshop","workshop_subscriptions":"Subscriptions","workshop_subscribeAll":"Subscribe All","workshop_subscribeConfirm":"Are you sure you want to subscribe to all __count__ workshop items with these filters?","workshop_subscribeLoading":"Subscribing to __i__/__count__ workshop items, please wait...","workshop_unsubscribeAll":"Unsubscribe All","workshop_unsubscribeConfirm":"Are you sure you want to unsubscribe to all __count__ workshop items with these filters?","workshop_unsubscribeLoading":"Unsubscribing from __i__/__count__ workshop items, please wait...","workshop_finished":"Finished! __success__ successful, __fail__ failed. Click OK to refresh the page","workshop_failed":"__n__ failed","originalAuthors":"Original authors","acknowledgements":"Acknowledgments","countries_ad":"Andorra","countries_ae":"United Arab Emirates","countries_af":"Afghanistan","countries_ag":"Antigua and Barbuda","countries_ai":"Anguilla","countries_al":"Albania","countries_am":"Armenia","countries_an":"Netherlands Antilles","countries_ao":"Angola","countries_ar":"Argentina","countries_as":"American Samoa","countries_at":"Austria","countries_au":"Australia","countries_aw":"Aruba","countries_az":"Azerbaijan","countries_ba":"Bosnia and Herzegovina","countries_bb":"Barbados","countries_bd":"Bangladesh","countries_be":"Belgium","countries_bf":"Burkina Faso","countries_bg":"Bulgaria","countries_bh":"Bahrain","countries_bi":"Burundi","countries_bj":"Benin","countries_bm":"Bermuda","countries_bn":"Brunei","countries_bo":"Bolivia","countries_br":"Brazil","countries_bs":"Bahamas","countries_bt":"Bhutan","countries_bv":"Bouvet Island","countries_bw":"Botswana","countries_by":"Belarus","countries_bz":"Belize","countries_ca":"Canada","countries_cd":"Congo - Kinshasa","countries_cf":"Central African Republic","countries_cg":"Congo - Brazzaville","countries_ch":"Switzerland","countries_ci":"Côte d’Ivoire","countries_ck":"Cook Islands","countries_cl":"Chile","countries_cm":"Cameroon","countries_cn":"China","countries_co":"Colombia","countries_cr":"Costa Rica","countries_cu":"Cuba","countries_cv":"Cape Verde","countries_cy":"Cyprus","countries_cz":"Czech Republic","countries_de":"Germany","countries_dj":"Djibouti","countries_dk":"Denmark","countries_dm":"Dominica","countries_do":"Dominican Republic","countries_dz":"Algeria","countries_ec":"Ecuador","countries_ee":"Estonia","countries_eg":"Egypt","countries_eh":"Western Sahara","countries_er":"Eritrea","countries_es":"Spain","countries_et":"Ethiopia","countries_fi":"Finland","countries_fj":"Fiji","countries_fk":"Falkland Islands","countries_fm":"Micronesia","countries_fo":"Faroe Islands","countries_fr":"France","countries_ga":"Gabon","countries_gb":"United Kingdom","countries_gd":"Grenada","countries_ge":"Georgia","countries_gf":"French Guiana","countries_gg":"Guernsey","countries_gh":"Ghana","countries_gi":"Gibraltar","countries_gl":"Greenland","countries_gm":"Gambia","countries_gn":"Guinea","countries_gp":"Guadeloupe","countries_gq":"Equatorial Guinea","countries_gr":"Greece","countries_gs":"South Georgia","countries_gt":"Guatemala","countries_gu":"Guam","countries_gw":"Guinea-Bissau","countries_gy":"Guyana","countries_hk":"Hong Kong SAR China","countries_hm":"Heard Island and McDonald Islands","countries_hn":"Honduras","countries_hr":"Croatia","countries_ht":"Haiti","countries_hu":"Hungary","countries_id":"Indonesia","countries_ie":"Ireland","countries_il":"Israel","countries_im":"Isle of Man","countries_in":"India","countries_io":"British Indian Ocean Territory","countries_iq":"Iraq","countries_ir":"Iran","countries_is":"Iceland","countries_it":"Italy","countries_je":"Jersey","countries_jm":"Jamaica","countries_jo":"Jordan","countries_jp":"Japan","countries_ke":"Kenya","countries_kg":"Kyrgyzstan","countries_kh":"Cambodia","countries_ki":"Kiribati","countries_km":"Comoros","countries_kn":"Saint Kitts and Nevis","countries_kp":"North Korea","countries_kr":"South Korea","countries_kw":"Kuwait","countries_ky":"Cayman Islands","countries_kz":"Kazakhstan","countries_la":"Laos","countries_lb":"Lebanon","countries_lc":"Saint Lucia","countries_li":"Liechtenstein","countries_lk":"Sri Lanka","countries_lr":"Liberia","countries_ls":"Lesotho","countries_lt":"Lithuania","countries_lu":"Luxembourg","countries_lv":"Latvia","countries_ly":"Libya","countries_ma":"Morocco","countries_mc":"Monaco","countries_md":"Moldova","countries_me":"Montenegro","countries_mg":"Madagascar","countries_mh":"Marshall Islands","countries_mk":"Macedonia","countries_ml":"Mali","countries_mm":"Myanmar [Burma]","countries_mn":"Mongolia","countries_mo":"Macau SAR China","countries_mp":"Northern Mariana Islands","countries_mq":"Martinique","countries_mr":"Mauritania","countries_ms":"Montserrat","countries_mt":"Malta","countries_mu":"Mauritius","countries_mv":"Maldives","countries_mw":"Malawi","countries_mx":"Mexico","countries_my":"Malaysia","countries_mz":"Mozambique","countries_na":"Namibia","countries_nc":"New Caledonia","countries_ne":"Niger","countries_nf":"Norfolk Island","countries_ng":"Nigeria","countries_ni":"Nicaragua","countries_nl":"Netherlands","countries_no":"Norway","countries_np":"Nepal","countries_nr":"Nauru","countries_nu":"Niue","countries_nz":"New Zealand","countries_om":"Oman","countries_pa":"Panama","countries_pe":"Peru","countries_pf":"French Polynesia","countries_pg":"Papua New Guinea","countries_ph":"Philippines","countries_pk":"Pakistan","countries_pl":"Poland","countries_pm":"Saint Pierre and Miquelon","countries_pn":"Pitcairn Islands","countries_pr":"Puerto Rico","countries_ps":"Palestinian Territories","countries_pt":"Portugal","countries_pw":"Palau","countries_py":"Paraguay","countries_qa":"Qatar","countries_re":"Réunion","countries_ro":"Romania","countries_rs":"Serbia","countries_ru":"Russia","countries_rw":"Rwanda","countries_sa":"Saudi Arabia","countries_sb":"Solomon Islands","countries_sc":"Seychelles","countries_sd":"Sudan","countries_se":"Sweden","countries_sg":"Singapore","countries_sh":"Saint Helena","countries_si":"Slovenia","countries_sk":"Slovakia","countries_sl":"Sierra Leone","countries_sm":"San Marino","countries_sn":"Senegal","countries_so":"Somalia","countries_sr":"Suriname","countries_st":"São Tomé and Príncipe","countries_sv":"El Salvador","countries_sy":"Syria","countries_sz":"Swaziland","countries_tc":"Turks and Caicos Islands","countries_td":"Chad","countries_tf":"French Southern Territories","countries_tg":"Togo","countries_th":"Thailand","countries_tj":"Tajikistan","countries_tk":"Tokelau","countries_tl":"Timor-Leste","countries_tm":"Turkmenistan","countries_tn":"Tunisia","countries_to":"Tonga","countries_tr":"Turkey","countries_tt":"Trinidad and Tobago","countries_tv":"Tuvalu","countries_tw":"Taiwan","countries_tz":"Tanzania","countries_ua":"Ukraine","countries_ug":"Uganda","countries_um":"U.S. Minor Outlying Islands","countries_us":"United States","countries_uy":"Uruguay","countries_uz":"Uzbekistan","countries_va":"Vatican City","countries_vc":"Saint Vincent and the Grenadines","countries_ve":"Venezuela","countries_vg":"British Virgin Islands","countries_vi":"U.S. Virgin Islands","countries_vn":"Vietnam","countries_vu":"Vanuatu","countries_wf":"Wallis and Futuna","countries_ws":"Samoa","countries_ye":"Yemen","countries_yt":"Mayotte","countries_za":"South Africa","countries_zm":"Zambia","countries_zw":"Zimbabwe"}}