{"stats":{"strings":812,"translated":786},"strings":{"deleteCommentPrompt":"Möchten Sie diesen Kommentar wirklich löschen?","downloadDemoHeader":"Demo von __gamename__ herunterladen","deckCompat_header":"Steam-Deck-Kompatibilität","deckCompat_unknown":"Unbekannt","deckCompat_unsupported":"Nicht unterstützt","deckCompat_playable":"Spielbar","deckCompat_verified":"Verifiziert","featureHint_desc":"Möchten Sie die folgende Funktion aktivieren?","featureHint_reminder":"Sie können Ihre Präferenzen später auf der Optionsseite ändern.","thewordyes":"Ja","thewordno":"Nein","theworderror":"Fehler","noData":"Keine Daten","toomanyrequests":"Zu viele Anfragen","showComments":"Kommentare anzeigen","hideComments":"Kommentare ausblenden","thewordunknown":"Unbekannt","calcWorkshopSize_fileSize":"Dateigröße __size__","calcWorkshopSize_calcSize":"Gesamtgröße berechnen","calcWorkshopSize_calcLoading":"__i__/__count__ Workshop-Artikel werden berechnet. Bitte warten ...","calcWorkshopSize_calcFinished":"Abschlossen! __success__/__total__ Artikel erfolgreich berechnet.","calcWorkshopSize_totalSize":"Gesamtgröße: __size__","cart":"Warenkorb","inCart":"Im Warenkorb","steamidOfUser":"SteamID von __user__","copied":"In Zwischenablage kopiert!","viewSteamid":"SteamID anzeigen","moreOnSteampeek":"Mehr sehen auf SteamPeek","date":"Datum","rating":"Bewertung","helpful":"Hilfreich","funny":"Witzig","length":"Länge","visibility":"Sichtbarkeit","processing":"Wird verarbeitet ...","wait":"Bitte warten","inviteFriends":"Freunde einladen","inviteToGroup":"In Gruppe einladen","inverse":"Invers","transactionStatus":"__failed__ Anfrage(n) fehlgeschlagen. __size__ von __total__ Transaktionen abgerufen.","customTags":"Benutzerdefinierte Tags","addTag":"Tag hinzufügen","enterTag":"Geben Sie den Tag ein, den Sie hinzufügen möchten","status":"Status:","connect":"Verbinden","connected":"Verbunden","disconnect":"Trennen","disconnected":"Getrennt","oneclickgoo":"In Edelsteine umwandeln mit 1 Klick ...","viewInLibrary":"In Bibliothek anzeigen","support":"Support","email":"E-Mail","contact":"Kontakt","favEmoticonsDragging":"Emoticons hierher ziehen, um sie zu favorisieren","favEmoticonsNoAccess":"Sie haben keinen Zugriff auf dieses Emoticon","postHistory":"Beitragsverlauf anzeigen","addNickname":"Spitznamen hinzufügen","totalSize":"Gesamtgröße","dlcDetails":"Details zu herunterladbaren Inhalten","badgeNotUnlocked":"Nicht freigeschaltet","badgeLevel":"Level __level__","each":"je Spiel","viewInMarket":"Im Communitymarkt anzeigen","remove":"Entfernen","getHelp":"Hilfe","addSelectedDlcToCart":"Ausgewählten DLC zum Warenkorb hinzufügen","close":"Schließen","error":"Ein Fehler ist aufgetreten","go":"Los","activate":"Ein Produkt aktivieren","activateMultipleHeader":"Geben Sie Produktschlüssel unten ein, einen je Zeile","activateMultiple":"Mehrere Produkte aktivieren","activateProducts":"Produkt aktivieren","couponApplicationNote":"Ein Gutschein aus Ihrem Inventar wird beim Bezahlen automatisch angewendet.","hide":"Ausblenden","filters":"Augmented-Steam-Filter","cardsOwned":"__owned__ von __possible__ Karten im Besitz","libraryMenu":"Bibliothek","clearCache":"Daten im Cache löschen","translation":"Übersetzung","helpTranslate":"Helfen Sie uns, Augmented Steam bei POEditor zu übersetzen","lowest":"niedrigste","lowestPrice":"Aktuell niedrigster Preis:","viewBadgeProgress":"Abzeichen-Fortschritt anzeigen","badgeProgress":"Abzeichen-Fortschritt","salesTotal":"Gesamterträge :","viewNormalBadge":"Fortschritt für normales Abzeichen anzeigen","apppageSections":"Wählen Sie die Abschnitte aus, die Sie auf dieser Seite sehen möchten","website":"Website","games":"Spiele","badgeCompletionCost":"Kosten zum Vervollständigen des Abzeichens: __cost__","loading":"Laden ...","selling":"Verkaufen ...","quickSell":"Schnellverkauf für __amount__","quickSellDesc":"Preisdifferenz von __modifier__ im Vergleich zum Preis des aktuell günstigsten Angebots auf dem Steam-Markt","instantSell":"Sofortverkauf für __amount__","instantSellDesc":"Der Preis des aktuell höchsten Kaufauftrags auf dem Steam-Markt","quickSellVerify":"Steam-Guard-Bestätigung erforderlich","startingAt":"Ab: __price__","homepageTabs":"Startseiten-Tabs","store":"Shop","viewInStore":"Im Shop anzeigen","communityHub":"Communityhub","viewOnWebsite":"Auf __website__ anzeigen","drmThirdParty":"Achtung: Dieser Titel nutzt Drittanbieter-DRM __drmlist__.","hoursShort":"__hours__ Stunden","spamCommentShow":"__num__ Spam-Kommentare auf dieser Seite ausgeblendet. Hier klicken, um sie anzuzeigen.","addToWishlist":"Zur Wunschliste hinzufügen","addFullgameToWishlist":"Add full game to your wishlist","addToWaitlist":"Zur Warteliste hinzufügen","addFullgameToWaitlist":"Add full game to your Waitlist","removeFromWaitlistTooltip":"Von Warteliste entfernen","removeFullgameFromWaitlistTooltip":"Remove full game from your Waitlist","removeFromWishlistAndWaitlistTooltip":"Sowohl von Wunsch- als auch von Warteliste entfernen","removeFullgameFromWishlistAndWaitlistTooltip":"Remove full game from both your wishlist and Waitlist","language":"Sprache","theworddefault":"Standard","thewordclear":"Löschen","couponLearnMore_linkText":"Mehr erfahren","couponLearnMore_fullText":"__linkdesc__ über Steam-Gutscheine","show":"Anzeigen","showAll":"Alle anzeigen","badgesAll":"Alle Abzeichen","esSupporter":"Enhanced-Steam-Unterstützer","community":"Community","ownedCollection":"__gametitle__ is already in your IsThereAnyDeal Collection","viewBadge":"Abzeichen ansehen","purchaseTotal":"Kaufsumme:","viewFoilBadge":"Fortschritt für Glanzabzeichen anzeigen","viewAstats":"AStats-Seite anzeigen","contribute":"Mitwirken (GitHub)","reviews":"Rezensionen","readReviews":"Rezensionen lesen","readMoreReviews":"Mehr Rezensionen lesen auf","youtubeGameplay":"Gameplay auf YouTube","youtubeReviews":"Rezensionen auf YouTube","packageInfo":"Paketinformationen","badgeCompletionAvg":"Ø Vervollständigungskosten: __cost__","volumeSoldLast_24":"Umsatz: __sold__ verkauft in den letzten 24 Stunden","soldLast_24":"__sold__ verkauft in den letzten 24 Stunden","homepageCurators":"Steam-Kuratoren-Empfehlungen","homepageTopnewreleases":"Top-Neuheiten","homepageSidebar":"Seitenleiste","dropCalc":"Hier klicken, um verbleibende Kartenfunde zu berechnen","price":"Preis","marketTransactions":"Markt-Transaktionen","loadMarketStats":"Markt-Statistiken laden","cardDropsRemaining":"__drops__ Kartenfunde verbleibend","badgesDrops":"Abzeichen mit verbleibenden Kartenfunden","usingLanguageReturn":"Hier anklicken, um Steam in __base__ zu verwenden.","guides":"Guides","highlight":"Hervorheben","save":"Speichern","view":"Ansicht","gameName":"Spielname","notinterested":"Mit „Ignoriert“ markierte Artikel","ignoredOwned":"Ignorierte, da auf anderer Plattform gespielte Spiele","searchFilters_reviewsScore_between":"Zwischen __lower__ % und __upper__ % der Rezensionswertung","searchFilters_reviewsScore_any":"Jede Rezensionswertung","searchFilters_reviewsScore_upTo":"Bis zu __score__ % der Rezensionswertung","searchFilters_reviewsScore_from":"Von __score__ % der Rezensionswertung","searchFilters_reviewsCount_count":"Anzahl Rezensionen:","searchFilters_reviewsCount_minCount":"Mindestanzahl","searchFilters_reviewsCount_maxCount":"Maximalanzahl","searchFilters_discountPercent_count":"Prozentualer Rabatt:","searchFilters_discountPercent_minCount":"Min %","searchFilters_discountPercent_maxCount":"Max %","searchFilters_hideCart":"Artikel in Ihrem Warenkorb ausblenden","searchFilters_hideEa":"Early-Access-Artikel ausblenden","searchFilters_hideMixed":"Gemischt bewertete Artikel ausblenden","searchFilters_hideNegative":"Negativ bewertete Artikel ausblenden","news":"Neuigkeiten","viewinclient":"Im Client anzeigen","customBackground":"Eigener Hintergrund","customStyle":"Eigenes Theme","customStyleHelp":"Alle Benutzer von Augmented Steam werden dieses Theme auf Ihrem Profil sehen. Personen, die Augmented Steam nicht verwenden, werden keine Veränderungen sehen.","noneselected":"Nichts ausgewählt / keine Veränderung","mostDrops":"Häufigste Kartenfunde","netGain":"Nettogewinn:","apppageRecentupdates":"Kürzliche Events & Ankündigungen","apppageEaheader":"Early-Access-Infokasten","apppageEabanner":"Early-Access-Diskussions-Banner","apppageWorkshop":"Steam-Workshop-Banner","apppageGreenlight":"Steam-Greenlight-Banner","apppageLegal":"Rechtliche Hinweise","apppageFranchise":"Franchise","apppageMorefromfranchise":"Mehr von diesem Franchise","bugFeature":"Feedback","always":"Immer","ratingDetails":"Bewertungsdetails ansehen","dropsWorthAvg":"Ungefährer Wert","familySharingNotice_notice":"Hinweis:","familySharingNotice_desc":"Dieses Spiel in von der Steam-Familienbibliothek ausgeschlossen.","visitStore":"Zur Shopseite","all":"Alle","externalFunds":"Genutztes externes Guthaben","shoppingCartHistory":"Warenkorbverlauf anzeigen","manageWebapiKey":"Steam-Web-API-Schlüssel verwalten","steamCloudHeader":"Steam Cloud","steamCloudSaves":"Cloud-Saves anzeigen","gamesWithDrops":"Noch __dropsgames__ Spiele mit Kartenfunden verbleibend","binderView":"Mappenansicht","usingLanguage":"Sie verwenden Steam in __current__.","loginWarning":"Achten Sie darauf, dass Sie bei __link__ angemeldet sind, um alle Funktionen von Augmented Steam nutzen zu können.","visitTradeForum":"Handelsforum besuchen","purchaseDate":"(Am __date__ gekauft)","customBackgroundHelp":"Alle Benutzer von Augmented Steam werden diesen Hintergrund auf Ihrem Profil sehen. Personen, die Augmented Steam nicht verwenden, sehen Ihren normalen Profilhintergrund.","dateUnlocked":"Freischaltdatum","netSpent":"Nettoausgaben:","buy":"Kaufen","buyPackage":"__package__ kaufen","moreInformation":"Mehr Informationen","regionUnavailable":"In dieser Region nicht erhältlich","avgPrice_3cards":"Durchschnittspreis von drei Sammelkarten: __price__","groups_leaveGroupsConfirm":"Möchten Sie die __n__ ausgewählten Gruppen wirklich verlassen?","groups_manageGroups":"Gruppen verwalten","groups_actionGroups":"Wählen Sie unten die Gruppen aus, für die Sie Aktionen durchführen möchten.","groups_select":"Auswählen:","groups_leave":"Verlassen","groups_selected":"__n__ ausgewählt.","groups_leaveAdminConfirm_currentlyAdmin":"Sie sind aktuell Administrator von __name__.","groups_leaveAdminConfirm_wantToLeave":"Möchten Sie diese Gruppe wirklich verlassen?","export_wishlist":"Wunschliste exportieren","export_type":"Exporttyp","export_format":"Textformat","export_text":"Text","export_download":"Herunterladen","export_copyClipboard":"In Zwischenablage kopieren","none":"Keine","emptyWishlist_title":"Wunschliste leeren","emptyWishlist_confirm":"Möchten Sie Ihre Wunschliste wirklich leeren? Diese Aktion kann nicht rückgängig gemacht werden!","emptyWishlist_removing":"Produkt __cur__ von __total__ wird entfernt ...","about":"Über","never":"Niemals","couponAvailable":"Ihnen steht ein Gutschein zur Verfügung!","launchRandom":"Zufälliges Spiel starten","playGame":"__gamename__ spielen?","dropsValue":"Höchster Kartenfundwert","cardsRemain":"Geringste verbleibende Karten zur Vervollständigung des Sets","wishlist":"Wunschliste","onWishlist":"Auf der Wunschliste","onWaitlist":"Auf Warteliste","onWishlistAndWaitlist":"Auf Wunsch- und Warteliste","cancel":"Abbrechen","wikiArticle":"__pcgw__-Artikel","viewAll":"ALLE ANSEHEN","gamesWithBooster":"__boostergames__ Spiele können Booster-Packs erhalten","sortBy":"Sortieren nach:","playtime":"Spielzeit","awards":"Auszeichnungen","year":"Jahr","lastonline":"Zuletzt online","members":"Mitglieder","name":"Name","drmThirdPartySub":"Achtung: Einer oder mehrere Titel in diesem Paket verwenden 3rd-Party-DRM __drmlist__.","customize":"Anpassen","bundleSavingText":"Das sparen Sie, wenn Sie dieses Bundle kaufen","thewordoptions":"Optionen","discussions":"Diskussionen","pricing_lowestPrice":"Aktueller Tiefstpreis:","pricing_historicalLow":"Historischer Tiefstpreis:","pricing_bundled":"In Bundle:","pricing_withVoucher":"mit Gutschein __voucher__","pricing_store":"bei&nbsp;__store__","pricing_bundleCount":"Anzahl Bundles, in denen dieses Spiel angeboten wurde: __count__","webBrowserChat":"Web-Browser-Chat","steamClientChat":"Steam-Client-Chat","equipOnProfile":"Im Profil ausrüsten","previewBackground":"Hintergrund-Vorschau","expandSlider":"Slider vergrößern","contractSlider":"Slider verkleinern","earlyAccess":"Early Access","tagShort":"Kurze Tags benutzen, um Platz zu sparen","noPriceData":"Keine Preisdaten verfügbar","userScore":"Nutzerwertung","marketPopularItemsToggle":"Live-Aktualisierung von beliebten Artikeln umschalten","showProgressbar":"Fortschritts- und Statusbalken von Augmented Steam anzeigen","achievements_option":"Fertigstellungsbalken für Errungenschaften anzeigen","achievements_summary":"__unlocked__ von __total__ (__percentage__%) Errungenschaften freigeschaltet:","bundle_offerEnds":"Angebot endet am","bundle_includes":"Enthält __num__ Artikel","bundle_tierIncludes":"__tier__ (__price__) enthält __num__ Artikel","bundle_tier":"Stufe __num__","bundle_header":"Bundles, in denen dieses Spiel enthalten ist","bundle_info":"Bundle-Informationen","charts_peakall":"Allzeithoch","charts_current":"Spielerzahl","charts_playingNow":"aktuell online","charts_peaktoday":"24h-Hoch","hltb_title":"Zeit zum Durchspielen","hltb_mainE":"Hauptgeschichte und Extras","hltb_compl":"Vervollständiger","hltb_main":"Hauptgeschichte","options_friendsAndGroups":"Friends and Groups","options_friendsAppendNickname":"Append nicknames to friends' names","options_settingsMngmt_import":"Importieren","options_settingsMngmt_importSuccess":"Einstellungen erfolgreich importiert","options_settingsMngmt_importFail":"Einstellungen konnten nicht importiert werden","options_settingsMngmt_export":"Exportieren","options_settingsMngmt_reset":"Zurücksetzen","options_showCustomThemes":"Eigene Themes anzeigen","options_communityDefaultTab":"Standard-Community-Startseiten-Tab","options_videos":"Videos","options_broadcasts":"Übertragungen","options_artwork":"Artwork","options_screenshots":"Bildschirmfotos","options_showBacktotop":"Auf langen Seiten Zurück-nach-oben-Schaltfläche anzeigen","options_contextMenu":"Kontextmenü","options_contextSteamStore":"Steam-Shop nach „__query__“ durchsuchen","options_contextSteamMarket":"Steam-Markt nach „__query__“ durchsuchen","options_contextItad":"IsThereAnyDeal nach „__query__“ durchsuchen","options_contextBartervg":"Barter.vg nach „__query__“ durchsuchen","options_contextSteamdb":"SteamDB nach „__query__“ durchsuchen","options_contextSteamdbInstant":"SteamDB nach „__query__“ durchsuchen (Sofortsuche)","options_contextSteamKeys":"Ausgewählte Steam-Produktschlüssel aktivieren","options_wsgf":"WSGF-Informationen (Widescreen) anzeigen","options_versionShow":"Änderungsprotokoll anzeigen, wenn Augmented Steam aktualisiert wird","options_steamcardexchange":"SteamCardExchange-Links bei Abzeichen anzeigen","options_regionalPrice":"Regionaler Preisvergleich","options_excludef2p":"Kostenlos spielbaren Titel nicht hervorheben","options_profileLinkImagesNone":"Nichts","options_profileLinks":"Optionen für Links zu Drittanbietern","options_tag":"Markieren","options_icon":"Symbol","options_name":"Name","options_showAlternativeLinuxIcon":"Alternatives Linux-Symbol zeigen","options_replacecommunityhublinks":"Communityhub-Links mit Shopseiten-Links ersetzen","options_hideannouncementcomments":"Kommentare unter allen Gruppenankündigungen standardmäßig ausblenden","options_hidetmsymbols":"Marken- und Urheberrechtssymbole in Spieltiteln ausblenden","options_metacritic":"Metacritic-Nutzerwertungen","options_opencritic":"OpenCritic-Wertungen und -Rezensionen anzeigen","options_hideactivelistings":"Standardmäßig alle aktiven Angebote im Markt ausblenden","options_showlowestmarketprice":"Niedrigsten Marktpreis für Ihre Angebote anzeigen","options_clear":"Möchten Sie alle Einstellungen wirklich zurücksetzen? Dies kann nicht rückgängig gemacht werden.","options_coupon":"Artikel, für die Sie einen Gutschein besitzen","options_showPackageInfo":"Schaltfläche „Paketinformationen“ für alle Pakete anzeigen","options_wlbuttoncommunityapp":"Schaltfläche „Zur Wunschliste hinzufügen“ in Communityhubs anzeigen","options_removeguideslanguagefilter":"Guides nicht automatisch nach Sprache filtern","options_confirmdeletecomment":"Bestätigung beim Löschen von Kommentaren anzeigen","options_disablelinkfilter":"Bestätigung bei Verweisen auf externe Seiten deaktivieren","options_regionalPriceOn":"Regionalen Preisvergleich anzeigen","options_horizontalscrolling":"Horizontales Scrollen mittels Mausrad aktivieren","options_supportinfo":"Support-Informationen anzeigen","options_drm":"Warnung über DRMs von Drittanbietern anzeigen","options_profileLinkImages":"Profil- und Gruppen-Links mit Bildern","options_show1clickgoo":"Keine Bestätigung beim Umwandeln von Gegenständen in Edelsteine","options_hltb":"Informationen von HowLongToBeat.com anzeigen","options_hidespamcomments":"Spam-Kommentare auf Workshop- und Profilseiten ausblenden","options_gift":"Artikel, die Sie im Inventar als Geschenk besitzen","options_regionalPriceMouse":"wenn der Mauszeiger über den Preis bewegt wird","options_lowestpriceHeader":"Preisentwicklung","options_storesAll":"Alle Shops vergleichen","options_viewInCurrency":"Anzeigen in:","options_showEarlyAccess":"Early-Access-Banner anzeigen","options_profileLinkImagesGray":"Graustufen","options_quickinv":"Schnellverkauf-Schaltflächen bei Steam-Community-Gegenständen im Inventar anzeigen","options_quickinvDiff":"Schnellverkauf-Modifikator:","options_sendAgeInfo":"Automatische Altersverifizierung und Überspringen von Warnungen über Erwachseneninhalte","options_showdeckcompat":"Steam-Deck-Kompatibilitätsbewertungen in der Feature-Liste anzeigen (und die Daten abrufen, wenn diese fehlen)","options_removebroadcasts":"Live-Übertragungen vollständig entfernen","options_exfgls":"Hinweis anzeigen, falls das Produkt von der Familienbibliothek ausgeschlossen ist","options_mp4video":"Videos im MP4-Format erzwingen","options_youtube":"YouTube-Links anzeigen","options_twitch":"Twitch-Links anzeigen","options_pcgw":"PCGamingWiki-Links anzeigen","options_completionistme":"Completionist.me-Links anzeigen","options_protondb":"ProtonDB-Links anzeigen","options_storeSteamcards":"SteamCardExchange-Links anzeigen","options_spamcommentregex":"Regulärer Ausdruck:","options_regionalHideworld":"Globus-Indikator ausblenden","options_showAstatslink":"AStats-Links anzeigen","options_showYoutubegameplay":"„Gameplay auf YouTube“-Links anzeigen","options_showYoutubereviews":"„Rezensionen auf YouTube“-Links anzeigen","options_openinnewtab":"Externe Links in neuem Fenster öffen","options_showbartervg":"Barter.vg-Links anzeigen","options_guest":"Artikel, für die Sie einen Besucherpass besitzen","options_collection":"Artikel in Ihrer ITAD-Sammlung","options_waitlist":"Artikel in Ihrer ITAD-Warteliste","options_showPlayersInfo":"Informationen zur Spielerzahl anzeigen","options_showallstats":"Spielzeit-Statistiken auf „Alle Spiele“-Seite anzeigen","options_lowestpriceOnwishlist":"Anzeigen, wenn der Mauszeiger über Artikel der Wunschliste bewegt wird","options_steamrepapi":"SteamRep-Status anzeigen","options_profileSteamid":"Link zum Ansehen von SteamIDs anzeigen","options_profilePinnedBg":"Position des Profilhintergrunds beim Scrollen fixieren","options_lowestprice":"Auf Produktseiten anzeigen","options_owned":"Artikel, die Sie besitzen","options_itadlinks":"IsThereAnyDeal-Links anzeigen","options_steamdb":"SteamDB-Links anzeigen","options_profileLinkImagesColor":"Farbig","options_showViewInLibrary":"Schaltfläche „In Bibliothek anzeigen“ anzeigen","options_installSteamButton":"Schaltfläche „Steam installieren“","options_replaceViewClient":"Mit „Im Client anzeigen“ ersetzen","options_showEmptyWishlist":"Schaltfläche „Wunschliste leeren“ anzeigen","options_showWishlistStats":"Wunschlisten-Statistiken anzeigen","options_oneclickremovewl":"Keine Bestätigung beim Entfernen von Artikeln","options_userNotes_userNotes":"Nutzernotizen","options_userNotes_app":"Auf Produktseiten","options_userNotes_wishlist":"Auf meiner Wunschliste","options_userNotes_loc":"Speicherort","options_userNotes_syncedStorage":"Synchronisierter / lokaler Speicher","options_userNotes_local":"Lokale Datenbank","options_inventoryNavText":"Erweiterte Navigation im Inventar anzeigen","options_marketTotal":"Transaktionszusammenfassung im Markt anzeigen","options_lowestpriceCoupon":"Gutscheine in den Preisvergleich mit einbeziehen","options_general":"Allgemeines","options_apppage":"Produktseite","options_market":"Markt","options_inventory":"Inventar","options_profile":"Profil","options_group":"Gruppe","options_friendActivity":"Aktivitätsverlauf von Freunden","options_groupLinks":"Optionen für Links zu Websites von Drittanbietern","options_showLanguagewarning":"Warnung anzeigen, wenn eine andere Sprache dargestellt wird als","options_homepage":"Startseite","options_homepageDefaultTab":"Standard-Startseiten-Tab","options_homepageDefaultTabRemember":"Vorheriges merken","options_homepageDefaultTabNewreleases":"Beliebte Neuheiten","options_homepageDefaultTabTopsellers":"Topseller","options_homepageDefaultTabUpcoming":"Beliebt und bald verfügbar","options_homepageDefaultTabSpecials":"Sonderangebote","options_wishlist":"Artikel auf Ihrer Wunschliste","options_addAnotherRegion":"Hinzufügen","options_skipGotSteam":"Fenster „Steam installiert?“ überspringen","options_storeGeneralThirdparty":"Optionen für Informationen von Drittanbieter-Websites","options_purchaseDates":"Kaufdatum auf Store-Seiten zeigen","options_showBadgeProgress":"Abzeichen-Fortschritt anzeigen","options_showCoupon":"Anwendbaren Steam-Gutschein anzeigen","options_showWishlistLink":"Link zur Wunschliste in rechter Spalte anzeigen","options_showWishlistCount":"Anzahl der Artikel auf Wunschliste anzeigen","options_profileShowcaseTwitch":"Einen Showcase für Twitch.tv hinzufügen, falls es einen Link gibt","options_profileShowcaseOwnTwitch":"... inklusive Ihres eigenen Profils","options_profileShowcaseTwitchProfileonly":"... nur, falls der Link in der Profil-Zusammenfassung ist","options_lang_english":"Englisch","options_lang_brazilian":"Brasil. Portugiesisch","options_lang_bulgarian":"Bulgarisch","options_lang_czech":"Tschechisch","options_lang_danish":"Dänisch","options_lang_dutch":"Niederländisch","options_lang_finnish":"Finnisch","options_lang_french":"Französisch","options_lang_greek":"Griechisch","options_lang_german":"Deutsch","options_lang_hungarian":"Ungarisch","options_lang_italian":"Italienisch","options_lang_japanese":"Japanisch","options_lang_koreana":"Koreanisch","options_lang_norwegian":"Norwegisch","options_lang_polish":"Polnisch","options_lang_portuguese":"Portugiesisch","options_lang_russian":"Russisch","options_lang_romanian":"Rumänisch","options_lang_schinese":"Vereinfachtes Chinesisch","options_lang_spanish":"Spanisch","options_lang_latam":"Lateinamerikanisches Spanisch","options_lang_swedish":"Schwedisch","options_lang_tchinese":"Traditionelles Chinesisch","options_lang_thai":"Thai","options_lang_turkish":"Türkisch","options_lang_ukrainian":"Ukrainisch","options_lang_vietnamese":"Vietnamesisch","options_addCustomLink":"Eigenen Link hinzufügen","options_autoDetect":"Automatisch erkennen","options_addToWaitlist":"Auf Produktseiten Dropdown „Zur Warteliste hinzufügen“ anzeigen","options_collectionBannerNotOwned":"Only show In Collection banner when I don't own the game on Steam","options_maintainers":"Projektbetreuer","options_withHelpOf":"mit einer Menge Hilfe von unseren __contributors__","options_contributors":"großartigen Mitwirkenden","options_aboutDesc":"Augmented Steam ist ein Fork der Erweiterung Enhanced Steam.","options_aboutDescLinks":"Besuchen Sie für weitere Informationen die __Website__ der Erweiterung oder unseren __Discord__.","options_footerFork":"ein Fork von IsThereAnyDeal","options_footerAuthor":"Originalautor jshackles","ready_loading":"Augmented Steam lädt Daten ...","ready_ready":"Augmented Steam ist bereit","ready_failed":"__amount__ Anfrage(n) fehlgeschlagen. Überprüfen Sie die Browserkonsole für mehr Informationen.","ready_serverOutage":"Augmented-Steam-Server sind zur Zeit überlastet","twitch_nowStreaming":"__username__ ist live auf Twitch","twitch_viewers":"Zuschauer","dlcSelect_wishlistedDlc":"DLC auf Wunschliste auswählen","dlcSelect_none":"Keines auswählen","dlcSelect_unownedDlc":"DLC auswählen, den Sie noch nicht besitzen","tag_wishlist":"Wunschliste","tag_coupon":"Gutschein","tag_invGift":"Geschenk","tag_invGuestpass":"Besucherpass","tag_owned":"Im Besitz","tag_notinterested":"Ignoriert","tag_ignoredOwned":"Ignoriert (im Besitz)","tag_collection":"Gesammelt","tag_waitlist":"Auf Warteliste","wallet_customAmount":"Eigenen Betrag hinzufügen","wallet_customAmountText":"Beliebigen Betrag über __minamount__","wallet_customGiftcard":"Geschenkkarte im Wert von __input__ auswählen","wsgf_incomplete":"Unvollständig","wsgf_unsupported":"Diese Wertung wird für Spiele vergeben, die keine Unterstützung für __type__ haben. Das Spiel kann in __type__ unspielbar sein, oder das Bild wird gestreckt, um in das Fenster zu passen. Das korrekte Seitenverhältnis wird nicht beibehalten.","wsgf_gold":"Diese Medaille wird an Spiele verliehen, die von der WSGF perfekte Bewertungen für ihre Unterstützung von __type__ erhalten haben und für __type__ zertifiziert sind.","wsgf_silver":"Diese Medaille wird an Spiele vergeben, die für ihren Unterstützung von __type__ eine berechnete Note von B erhalten haben. Alle diese Spiele sind ohne größere Mängel, haben aber mindestens einen Makel, der eine perfekte Bewertung verhindert.","wsgf_limited":"Diese Wertung wird an Spiele vergeben, die eine berechnete Note von C für ihre Unterstützung von __type__ erhalten haben. Alle diese Spiele haben ein gewisses Maß an Unterstützung für __type__, haben aber erhebliche Probleme.","wsgf_certifications":"WSGF-Breitbild-Zertifizierungen","itad_enableSyncLibrary":"Enable library sync","itad_enableSyncWishlist":"Enable wishlist sync","itad_import":"Regelmäßig importieren:","itad_lastImport":"Last import","itad_from":"from ITAD","itad_to":"to ITAD","itad_syncNow":"Jetzt synchronisieren","itad_info_itadSteam":"Wenn Sie Augmented Steam mit IsThereAnyDeal verbinden, können Sie Hervorhebungen und das Tagging von Augmented Steam auf Spiele in Ihrer Warteliste und Sammlung anwenden, auch wenn Sie diese nicht auf Steam besitzen.","itad_info_steamItad":"Außerdem ist es möglich, Spiele aus Ihrer Steam-Bibliothek und/oder Wunschliste in IsThereAnyDeal zu importieren, um die Genauigkeit zu verbessern (z. B. DLCs oder nicht gelistete Spiele). Derzeit kann diese Funktion nur Titel hinzufügen, nicht entfernen, sodass es kein Ersatz für die integrierte Synchronisation von IsThereAnyDeal ist, sondern eine Ergänzung dazu.","tradeoffer_numItem":"__num__ Gegenstand","tradeoffer_numItems":"__num__ Gegenstände","tradeoffer_back":"Zurück zu Handelsangeboten","update_dontShow":"Nicht erneut anzeigen","update_updated":"Augmented Steam wurde auf __version__ aktualisiert","update_changes":"Alle Änderungen auf GitHub anzeigen","register_success":"__gamename__ erfolgreich aktiviert","register_owned":"Dieser Steam-Account besitzt bereits die in diesem Angebot enthaltenen Produkte.","register_notavail":"Leider kann dieses Produkt in Ihrem Land nicht erworben werden. Ihr Produktschlüssel wurde nicht eingelöst.","register_invalid":"Der eingegebene Produktschlüssel ist ungültig. Bitte überprüfen Sie, ob der Produktschlüssel korrekt eingegeben wurde.","register_already":"Der eingegebene Produktschlüssel wurde bereits auf einem anderen Steam-Account aktiviert.","register_dlc":"Der eingegebene Produktschlüssel erfordert vor der Aktivierung den Besitz eines weiteren Produkts.","register_wallet":"Der eingegebene Produktschlüssel stammt von einer Steam-Geschenkkarte oder Steam-Guthabenkarte","register_toomany":"Von diesem Account wurden kürzlich zu viele Aktivierungsversuche unternommen. Bitte warten und später erneut versuchen.","register_default":"Es ist ein unerwarteter Fehler aufgetreten. Ihr Produktschlüssel konnte nicht eingelöst werden. Bitte warten Sie 30 Minuten und versuchen Sie erneut, den Schlüssel einzulösen.","wl_label":"Statistik","wl_totalPrice":"aktueller Wert","wl_inWishlist":"auf Wunschliste","wl_onSale":"reduziert","wl_noPrice":"ohne Preis","wl_hidden":"ausgeblendete Produkte","wl_hiddenTooltip":"Produkte, die entfernt bzw. aus der Liste entfernt wurden und auf Wunschlisten nicht sichtbar sind. Für Details bitte anklicken.","wl_removeTitle":"Diesen Artikel von Ihrer Wunschliste entfernen?","wl_removeConfirm":"Möchten Sie „appid __appid__“ wirklich aus Ihrer Wunschliste entfernen?","wl_removeConfirmWarn":"Er kann danach nicht wieder hinzugefügt werden!","coll_totalTime":"gesamte Zeit","coll_inCollection":"in Sammlung","coll_played":"gespielt","coll_neverPlayed":"nie gespielt","userNote_add":"Notiz hinzufügen","userNote_update":"Notiz aktualisieren","userNote_addForGame":"Notiz für __gamename__","userNote_notEnoughSpace":"Nicht genug Platz zum Speichern der Notiz","userNote_notEnoughSpaceDesc":"Augmented Steam kann keine weiteren Nutzernotizen speichern, da Ihr verwendeter Speicheradapter nicht zulässt, dass mehr Daten gespeichert werden (es wird versucht, ~ __perc__ % der Speicherkapazität zu verwenden).","userNote_closeOnStorage":"Der Speicherplatz wird knapp","userNote_closeOnStorageDesc":"Augmented Steam steht kurz davor, mit dem aktuellen Speicheradapter keine Benutzernotizen mehr speichern zu können (~ __perc__ % Speicherverbrauch).","userNote_storageWarningDesc":"Sie können wählen, ob Sie Ihre Notizen in einer lokalen Datenbank speichern (ohne Synchronisation) oder weiterhin die Speichermethode Ihres Browsers verwenden wollen (wo neue Notizen nur hinzugefügt werden können, wenn Sie alte löschen).","userNote_saveSyncedStorage":"Synchronisierten Speicher weiter verwenden","userNote_saveLocal":"Notizen lokal speichern","userNote_syncOption":"Sync notes automatically","userNote_syncInfo_1":"You can sync your notes between Augmented Steam and IsThereAnyDeal. If you enable automatic sync, notes will be periodically fetched from ITAD. Edits via Augmented Steam will be mirrored to ITAD immediately.","userNote_syncInfo_2":"You can also manually push or pull notes between Augmented Steam and IsThereAnyDeal. We advise you to do so before enabling automatic sync, to ensure the correct version of the note is used, in case you have different notes stored for the same game.","userNote_syncInfo_3":"You can see all your notes stored in the Notes and Tags section on IsThereAnyDeal.","userNote_syncButtonPush":"Push notes to\nIsThereAnyDeal","userNote_syncButtonPull":"Pull notes from\nIsThereAnyDeal","userNote_syncPulled":"__n__ note(s) were pulled from IsThereAnyDeal","userNote_syncPushed":"__n__ note(s) were pushed to IsThereAnyDeal","userNote_syncFailed":"__n__ note(s) failed to sync","userNote_syncError":"Your note failed to sync","userNote_syncErrorEmpty":"Note is empty","userNote_syncErrorUnknown":"ITAD does not know this game","userNote_syncErrorLength":"Note is too long (__length__, max: __max__)","queue_new":"Neue Liste","queue_newTooltip":"Entfernen Sie dieses Produkt aus Ihrer Liste und fahren Sie mit einer neuen Liste fort.","workshop_workshop":"Workshop","workshop_subscriptions":"Abonnements","workshop_subscribeAll":"Alle abonnieren","workshop_subscribeConfirm":"Möchten Sie alle __count__ Workshop-Artikel mit diesen Filtern wirklich abonnieren?","workshop_subscribeLoading":"__i__/__count__ Workshop-Artikel werden abonniert, bitte warten ...","workshop_unsubscribeAll":"Alle abbestellen","workshop_unsubscribeConfirm":"Möchten Sie alle __count__ Workshop-Artikel mit diesen Filtern wirklich abbestellen?","workshop_unsubscribeLoading":"__i__/__count__ Workshop-Artikel werden abbestellt, bitte warten ...","workshop_finished":"Fertig! __success__ erfolgreich, __fail__ fehlgeschlagen. Klicken Sie auf „OK“, um die Seite neu zu laden.","workshop_failed":"__n__ fehlgeschlagen","originalAuthors":"Originalautoren","acknowledgements":"Anerkennungen","countries_ad":"Andorra","countries_ae":"Vereinigte Arabische Emirate","countries_af":"Afghanistan","countries_ag":"Antigua und Barbuda","countries_ai":"Anguilla","countries_al":"Albanien","countries_am":"Armenien","countries_an":"Niederländische Antillen","countries_ao":"Angola","countries_ar":"Argentinien","countries_as":"Amerikanisch-Samoa","countries_at":"Österreich","countries_au":"Australien","countries_aw":"Aruba","countries_az":"Aserbaidschan","countries_ba":"Bosnien und Herzegowina","countries_bb":"Barbados","countries_bd":"Bangladesch","countries_be":"Belgien","countries_bf":"Burkina Faso","countries_bg":"Bulgarien","countries_bh":"Bahrain","countries_bi":"Burundi","countries_bj":"Benin","countries_bm":"Bermuda","countries_bn":"Brunei","countries_bo":"Bolivien","countries_br":"Brazilien","countries_bs":"Bahamas","countries_bt":"Bhutan","countries_bv":"Bouvetinsel","countries_bw":"Botswana","countries_by":"Belarus","countries_bz":"Belize","countries_ca":"Kanada","countries_cd":"Demokratische Republik Kongo","countries_cf":"Zentralafrikanische Republik","countries_cg":"Republik Kongo","countries_ch":"Schweiz","countries_ci":"Elfenbeinküste","countries_ck":"Cookinseln","countries_cl":"Chile","countries_cm":"Kamerun","countries_cn":"China","countries_co":"Kolumbien","countries_cr":"Costa Rica","countries_cu":"Kuba","countries_cv":"Kap Verde","countries_cy":"Zypern","countries_cz":"Tschechien","countries_de":"Deutschland","countries_dj":"Dschibuti","countries_dk":"Dänemark","countries_dm":"Dominica","countries_do":"Dominikanische Republik","countries_dz":"Algerien","countries_ec":"Ecuador","countries_ee":"Estland","countries_eg":"Ägypten","countries_eh":"Westsahara","countries_er":"Eritrea","countries_es":"Spanien","countries_et":"Äthiopien","countries_fi":"Finnland","countries_fj":"Fidschi","countries_fk":"Falklandinseln","countries_fm":"Mikronesien","countries_fo":"Färöer","countries_fr":"Frankreich","countries_ga":"Gabun","countries_gb":"Vereinigtes Königreich","countries_gd":"Grenada","countries_ge":"Georgien","countries_gf":"Französisch-Guayana","countries_gg":"Guernsey","countries_gh":"Ghana","countries_gi":"Gibraltar","countries_gl":"Grönland","countries_gm":"Gambia","countries_gn":"Guinea","countries_gp":"Guadeloupe","countries_gq":"Äquatorialguinea","countries_gr":"Griechenland","countries_gs":"Südgeorgien","countries_gt":"Guatemala","countries_gu":"Guam","countries_gw":"Guinea-Bissau","countries_gy":"Guyana","countries_hk":"Hongkong","countries_hm":"Heard und McDonaldinseln","countries_hn":"Honduras","countries_hr":"Kroatien","countries_ht":"Haiti","countries_hu":"Ungarn","countries_id":"Indonesien","countries_ie":"Irland","countries_il":"Israel","countries_im":"Isle of Man","countries_in":"Indien","countries_io":"Britisches Territorium im Indischen Ozean","countries_iq":"Irak","countries_ir":"Iran","countries_is":"Island","countries_it":"Italien","countries_je":"Jersey","countries_jm":"Jamaika","countries_jo":"Jordanien","countries_jp":"Japan","countries_ke":"Kenia","countries_kg":"Kirgisistan","countries_kh":"Kambodscha","countries_ki":"Kiribati","countries_km":"Komoren","countries_kn":"St. Kitts und Nevis","countries_kp":"Nordkorea","countries_kr":"Südkorea","countries_kw":"Kuwait","countries_ky":"Kaimaninseln","countries_kz":"Kasachstan","countries_la":"Laos","countries_lb":"Libanon","countries_lc":"St. Lucia","countries_li":"Liechtenstein","countries_lk":"Sri Lanka","countries_lr":"Liberia","countries_ls":"Lesotho","countries_lt":"Litauen","countries_lu":"Luxemburg","countries_lv":"Lettland","countries_ly":"Libyen","countries_ma":"Marokko","countries_mc":"Monaco","countries_md":"Republik Moldau","countries_me":"Montenegro","countries_mg":"Madagaskar","countries_mh":"Marshallinseln","countries_mk":"Mazedonien","countries_ml":"Mali","countries_mm":"Myanmar [Burma]","countries_mn":"Mongolei","countries_mo":"Macau","countries_mp":"Nördliche Marianen","countries_mq":"Martinique","countries_mr":"Mauretanien","countries_ms":"Montserrat","countries_mt":"Malta","countries_mu":"Mauritius","countries_mv":"Malediven","countries_mw":"Malawi","countries_mx":"Mexiko","countries_my":"Malaysia","countries_mz":"Mosambik","countries_na":"Namibia","countries_nc":"Neukaledonien","countries_ne":"Niger","countries_nf":"Norfolkinsel","countries_ng":"Nigeria","countries_ni":"Nicaragua","countries_nl":"Niederlande","countries_no":"Norwegen","countries_np":"Nepal","countries_nr":"Nauru","countries_nu":"Niue","countries_nz":"Neuseeland","countries_om":"Oman","countries_pa":"Panama","countries_pe":"Peru","countries_pf":"Französisch-Polynesien","countries_pg":"Papua-Neuguinea","countries_ph":"Philippinen","countries_pk":"Pakistan","countries_pl":"Polen","countries_pm":"Saint-Pierre und Miquelon","countries_pn":"Pitcairninseln","countries_pr":"Puerto Rico","countries_ps":"Palästinensische Autonomiegebiete","countries_pt":"Portugal","countries_pw":"Palau","countries_py":"Paraguay","countries_qa":"Katar","countries_re":"Réunion","countries_ro":"Rumänien","countries_rs":"Serbien","countries_ru":"Russland","countries_rw":"Ruanda","countries_sa":"Saudi-Arabien","countries_sb":"Salomonen","countries_sc":"Seychellen","countries_sd":"Sudan","countries_se":"Schweden","countries_sg":"Singapur","countries_sh":"St. Helena","countries_si":"Slowenien","countries_sk":"Slowakei","countries_sl":"Sierra Leone","countries_sm":"San Marino","countries_sn":"Senegal","countries_so":"Somalia","countries_sr":"Suriname","countries_st":"São Tomé und Príncipe","countries_sv":"El Salvador","countries_sy":"Syrien","countries_sz":"Eswatini","countries_tc":"Turks- und Caicosinseln","countries_td":"Tschad","countries_tf":"Französische Süd- und Antarktisgebiete","countries_tg":"Togo","countries_th":"Thailand","countries_tj":"Tadschikistan","countries_tk":"Tokelau","countries_tl":"Osttimor","countries_tm":"Turkmenistan","countries_tn":"Tunesien","countries_to":"Tonga","countries_tr":"Türkei","countries_tt":"Trinidad und Tobago","countries_tv":"Tuvalu","countries_tw":"Taiwan","countries_tz":"Tansania","countries_ua":"Ukraine","countries_ug":"Uganda","countries_um":"U.S. Minor Outlying Islands","countries_us":"Vereinigten Staaten von Amerika","countries_uy":"Uruguay","countries_uz":"Usbekistan","countries_va":"Vatikanstadt","countries_vc":"St. Vincent und die Grenadinen","countries_ve":"Venezuela","countries_vg":"Britische Jungferninseln","countries_vi":"Amerikanische Jungferninseln","countries_vn":"Vietnam","countries_vu":"Vanuatu","countries_wf":"Wallis und Futuna","countries_ws":"Samoa","countries_ye":"Jemen","countries_yt":"Mayotte","countries_za":"Südafrika","countries_zm":"Sambia","countries_zw":"Simbabwe"}}