{"stats":{"strings":812,"translated":457},"strings":{"deleteCommentPrompt":"Are you sure you want to delete this comment?","downloadDemoHeader":"Download __gamename__ Demo","deckCompat_header":"Steam Deck Compatibility","deckCompat_unknown":"Unknown","deckCompat_unsupported":"Unsupported","deckCompat_playable":"Playable","deckCompat_verified":"Verified","featureHint_desc":"Would you like to enable the following feature?","featureHint_reminder":"You can change your preferences through the options page later.","thewordyes":"Yes","thewordno":"No","theworderror":"Error","noData":"No data","toomanyrequests":"Too Many Requests","showComments":"Show Comments","hideComments":"Hide Comments","thewordunknown":"Unknown","calcWorkshopSize_fileSize":"Μέγεθος αρχείου __size__","calcWorkshopSize_calcSize":"Υπολογισμός συνολικού μεγέθους","calcWorkshopSize_calcLoading":"Calculating __i__/__count__ workshop items, please wait...","calcWorkshopSize_calcFinished":"Finished! Successfully calculated __success__/__total__ items.","calcWorkshopSize_totalSize":"Συνολικό μέγεθος: __size__","cart":"Cart","inCart":"In Cart","steamidOfUser":"SteamID του __user__","copied":"Αντιγράφτηκε στο πρόχειρο","viewSteamid":"Προβολή SteamID","moreOnSteampeek":"Δείτε περισσότερα στο SteamPeek","date":"Ημερομηνία","rating":"Βαθμολογία","helpful":"Βοηθητική","funny":"Αστεία","length":"Μήκος","visibility":"Ορατότητα","processing":"Επεξεργασία...","wait":"Παρακαλώ περιμένετε","inviteFriends":"Προσκαλέστε φίλους","inviteToGroup":"Προσκαλέστε στην ομάδα","inverse":"Αντιστροφή","transactionStatus":"__failed__ αίτηση(εις) απέτυχαν. Ανακτήθηκαν __size__ από __total__ συναλλαγές.","customTags":"Προσωπικές ετικέτες","addTag":"Προσθήκη ετικέτας","enterTag":"Προσθήκη προσωπικής ετικέτας που θέλετε να προσθέσετε","status":"Κατάσταση:","connect":"Σύνδεση","connected":"Συνδεμένος","disconnect":"Αποσύνδεση","disconnected":"Αποσύνδεθηκε","oneclickgoo":"Με 1 κλικ μετατροπή σε πετράδια","viewInLibrary":"Προβολή στη Συλλογή","support":"Υποστήριξη","email":"Ηλ. Ταχυδρομείο","contact":"Επικοινωνία","favEmoticonsDragging":"Σύρετε τα emoticons εδώ για προσθήκη στα αγαπημένα","favEmoticonsNoAccess":"You don't have access to this emoticon","postHistory":"Δείτε το ιστορικό αναρτήσεων","addNickname":"Προσθέστε το Όνομα Σας","totalSize":"Συνολικό Μέγεθος","dlcDetails":"Πληροφορίες για το Περιεχόμενο προς λήψη","badgeNotUnlocked":"Δεν ξεκλειδώθηκε","badgeLevel":"Level __level__","each":"Κάθε","viewInMarket":"Δείτε την αγορά κοινότητας","remove":"Remove","getHelp":"Βοήθεια","addSelectedDlcToCart":"Προσθέστε τα επιλεγμένα DLC στο καλάθι αγορών","close":"Κλείσιμο","error":"Προέκυψε ένα σφάλμα","go":"Μεταβείτε","activate":"Ενεργοποίηση προϊόντος","activateMultipleHeader":"Εισάγετε κωδικούς προϊόντων παρακάτω, έναν ανά γραμμή","activateMultiple":"Ενεργοποίηση πολλαπλών προϊόντων","activateProducts":"Ενεργοποίηση προϊόντων","couponApplicationNote":"Ένα κουπόνι στα αντικείμενα σας θα εφαρμοστεί αυτομάτως στο Ταμείο.","hide":"Απόκρυψη","filters":"Φίλτρα του Augmented Steam","cardsOwned":"__owned__ της __possible__ κάρτες σε ιδιοκτησία","libraryMenu":"Βιβλιοθήκη","clearCache":"Εκκαθάριση δεδομένων προσωρινής μνήμης","translation":"Μετάφραση","helpTranslate":"Βοηθήστε μας να μεταφράσουμε το Augmented Steam στο POEditor","lowest":"Χαμηλότερο","lowestPrice":"Τρέχουσα Χαμηλότερη Τιμή:","viewBadgeProgress":"Προβολή προόδου εμβλήματος","badgeProgress":"Πρόοδος εμβλήματος","salesTotal":"Σύνολο Πωλήσεων:","viewNormalBadge":"Προβολή προόδου κανονικού εμβλήματος","apppageSections":"Επιλέξτε τα τμήματα  που επιθυμείτε να βλέπετε σε αυτή την σελίδα","website":"Ιστοσελίδα","games":"Παιχνίδια","badgeCompletionCost":"Κόστος ολοκλήρωσης σήματος: __cost__","loading":"Φόρτωση...","selling":"Πώληση...","quickSell":"Γρήγορη πώληση για __amount__","quickSellDesc":"Διαφορά τιμής __modifier__ σε σύγκριση με την τιμή της φθηνότερης προσφοράς που παρατίθεται στην αγορά του Steam","instantSell":"Άμεση πώληση για __amount__","instantSellDesc":"Η υψηλότερη τιμή εντολής αγοράς που παρατίθεται στην αγορά του Steam","quickSellVerify":"Steam Guard confirmation needed","startingAt":"Έναρξη απο: __price__","homepageTabs":"Καρτέλες Αρχική σελίδα","store":"Κατάστημα","viewInStore":"Προβολή σε Κατάστημα","communityHub":"Community Hub","viewOnWebsite":"Προβολή στο __website__","drmThirdParty":"Προειδοποίηση: Ο τίτλος αυτός χρησιμοποιεί DRM τρίτων __drmlist__.","hoursShort":"__hours__ ώρες","spamCommentShow":"__num__ σχόλια σπαμ κρύφθηκαν σε αυτή τη σελίδα.  Κάντε κλικ εδώ για να τα δείτε.","addToWishlist":"Προσθήκη στη λίστα επιθυμιών σας","addFullgameToWishlist":"Add full game to your wishlist","addToWaitlist":"Προσθήκη στη λίστα Αναμονής σας","addFullgameToWaitlist":"Add full game to your Waitlist","removeFromWaitlistTooltip":"Remove from your Waitlist","removeFullgameFromWaitlistTooltip":"Remove full game from your Waitlist","removeFromWishlistAndWaitlistTooltip":"Remove from both your wishlist and Waitlist","removeFullgameFromWishlistAndWaitlistTooltip":"Remove full game from both your wishlist and Waitlist","language":"Γλώσσα","theworddefault":"Προεπιλογή","thewordclear":"Καθαρισμός","couponLearnMore_linkText":"Learn more","couponLearnMore_fullText":"__linkdesc__ about Steam Coupons","show":"Εμφάνιση","showAll":"Show All","badgesAll":"Όλα τα εμβλήματα","esSupporter":"Υποστηρικτής Enhanced Steam","community":"Κοινότητα","ownedCollection":"__gametitle__ is already in your IsThereAnyDeal Collection","viewBadge":"Εμφάνιση Εμβλήματος","purchaseTotal":"Σύνολο αγοράς:","viewFoilBadge":"Προβολή προόδου ασημένιου εμβλήματος","viewAstats":"Προβολή σελίδας AStats","contribute":"Σύμβαλε (GitHub)","reviews":"Κριτικές","readReviews":"Ανάγνωση κριτικών","readMoreReviews":"Διαβάστε περισσότερεσ κριτικές στο","youtubeGameplay":"YouTube Gameplay","youtubeReviews":"Κριτικές YouTube","packageInfo":"Πληροφορίες πακέτου","badgeCompletionAvg":"Μέσος όρος κόστους ολοκλήρωσης: __cost__","volumeSoldLast_24":"Όγκος: __sold__ πωλήθηκαν στις τελευταίες 24 ώρες","soldLast_24":"Όγκος: __sold__ πουλήθηκαν τις τελευταίες 24 ώρες","homepageCurators":"Συστάσεις επιμελητών του Steam","homepageTopnewreleases":"Κορυφαίες κυκλοφορίες στο Steam ","homepageSidebar":"Πλαϊνή μπάρα","dropCalc":"Κάντε κλικ εδώ, για να υπολογιστεί πόσες λήψεις καρτών απομένουν","price":"Τιμή","marketTransactions":"Συναλλαγές Αγοράς","loadMarketStats":"Φόρτωση στατιστικών της Αγοράς","cardDropsRemaining":"__drops__ λήψεις καρτών απομένουν","badgesDrops":"Εμβλήματα με απομείναντες λήψεις καρτών","usingLanguageReturn":"Click here to browse Steam in __base__.","guides":"Οδηγοί","highlight":"Επισήμανση","save":"Αποθήκευση","view":"Δείτε","gameName":"Όνομα Παιχνιδιού","notinterested":"Στοιχεία που έχουν επισημανθεί ως μη ενδιαφέροντα","ignoredOwned":"Games you ignored as played on different platform","searchFilters_reviewsScore_between":"Μεταξύ __lower __% και __upper __% βαθμολογία κριτικής","searchFilters_reviewsScore_any":"Οποιαδήποτε βαθμολογία κριτικής","searchFilters_reviewsScore_upTo":"Έως το __score __% βαθμολογία κριτικής","searchFilters_reviewsScore_from":"Από __score __% βαθμολογία κριτικής","searchFilters_reviewsCount_count":"Αριθμός κριτικών:","searchFilters_reviewsCount_minCount":"Ελάχιστος αριθμός","searchFilters_reviewsCount_maxCount":"Μέγιστος αριθμός","searchFilters_discountPercent_count":"Discount percent:","searchFilters_discountPercent_minCount":"Min %","searchFilters_discountPercent_maxCount":"Max %","searchFilters_hideCart":"Απόκρυψη αντικειμένων στο καλάθι σας","searchFilters_hideEa":"Απόκρυψη αντικειμένων Early Access","searchFilters_hideMixed":"Απόκρυψη αντικειμένων μικτής αξιολόγησης","searchFilters_hideNegative":"Απόκρυψη αντικειμένων αρνητικής αξιολόγησης","news":"Νέα","viewinclient":"Προβολή στο Steam","customBackground":"Προσαρμοσμένο φόντο","customStyle":"Προσαρμοσμένο θέμα","customStyleHelp":"Όλοι οι χρήστες του Augmented Steam θα βλέπουν αυτό το θέμα, στο προφίλ σας.  Μη χρήστες του Augmented Steam δεν θα βλέπουν οποιεσδήποτε αλλαγές θέματος που έγιναν εδώ.","noneselected":"Καμμία επιλογή/ Καμμία Χρέωση","mostDrops":"Περισσότερες λήψεις","netGain":"Καθαρό κέρδος:","apppageRecentupdates":"Πρόσφατα Γεγονότα & Ανακοινώσεις","apppageEaheader":"Πλαίσιο πληροφοριών Early Access","apppageEabanner":"Διαφημιστικό Συζήτησης Early Access","apppageWorkshop":"Διαφημιστικό Steam Workshop","apppageGreenlight":"Διαφημιστικό Steam Greenlight","apppageLegal":"Νομικές πληροφορίες","apppageFranchise":"Σειρά","apppageMorefromfranchise":"Περισσότερα από τη σειρά","bugFeature":"Αναφορά Bug / Προτείνετε Δυνατότητα","always":"Πάντα","ratingDetails":"Δείτε πληροφορίες βαθμολογίας","dropsWorthAvg":"Αξίζουν Περίπου","familySharingNotice_notice":"Notice:","familySharingNotice_desc":"This game is excluded from Steam's Family Sharing service.","visitStore":"Επίσκεψη Σελίδας Καταστήματος","all":"Όλα","externalFunds":"Χρησιμοποιήθηκαν εξωτερικά κεφάλαια","shoppingCartHistory":"View Shopping Cart history","manageWebapiKey":"Manage my Steam Web API key","steamCloudHeader":"Steam Cloud","steamCloudSaves":"View Cloud saves","gamesWithDrops":"__dropsgames__ παιχνίδια με λήψεις καρτών που απομένουν","binderView":"Εμφάνιση βιβλιοδέτη","usingLanguage":"You are browsing Steam in __current__.","loginWarning":"Βεβαιωθείτε ότι έχετε συνδεθεί στο __link__ για να μπορείτε να χρησιμοποιήσετε όλες τις δυνατότητες του Augmented Steam.","visitTradeForum":"Επισκεφθείτε το φόρουμ του εμπορίου","purchaseDate":"(Αγορασμένο __date__)","customBackgroundHelp":"Όλοι οι χρήστες του Augmented Steam θα δούνε αυτό το υπόβαθρο στο προφίλ σας.  Μη χρήστες του Augmented Steam θα βλέπουν το κανονικό υπόβαθρο προφίλ σας.","dateUnlocked":"Ημερομηνία που ξεκλειδώθηκε","netSpent":"Ποσό που ξοδεύτηκε:","buy":"Αγορά","buyPackage":"Αγορά __package__","moreInformation":"Περισσότερες Πληροφορίες","regionUnavailable":"Μη διαθέσιμο σε αυτή την περιοχή ","avgPrice_3cards":"Μέση τιμή τριών ανταλλάξιμων καρτών: __price__","groups_leaveGroupsConfirm":"Είστε βέβαιοι ότι θέλετε να φύγετε από __n__ επιλεγμένες ομάδες;","groups_manageGroups":"Διαχείριση ομάδων","groups_actionGroups":"Επιλέξτε τις ομάδες παρακάτω στις οποίες θέλετε να αναλάβετε δράση.","groups_select":"Επιλογή:","groups_leave":"Αποχώρηση από ομάδες","groups_selected":"__n__ επιλέχτηκαν.","groups_leaveAdminConfirm_currentlyAdmin":"You are currently admin of __name__.","groups_leaveAdminConfirm_wantToLeave":"Are you sure you want to leave this group?","export_wishlist":"Εξαγωγή λίστας επιθυμιών","export_type":"Τύπος Εξαγωγής","export_format":"Τύπος κειμένου","export_text":"Κείμενο","export_download":"Λήψη","export_copyClipboard":"Αντιγραφή στο πρόχειρο","none":"Κανένα","emptyWishlist_title":"Άδειασμα λίστας επιθυμιών","emptyWishlist_confirm":"Are you sure you want to empty your wishlist? This action cannot be undone!","emptyWishlist_removing":"Αφαίρεση εφαρμογής  __cur__ από __total__...","about":"Σχετικά","never":"Ποτέ","couponAvailable":"Έχετε ένα διαθέσιμο κουπόνι","launchRandom":"Ξεκίνημα τυχαίου παιχνιδιού","playGame":"Παίξτε __gamename__;","dropsValue":"Υψηλότερη τιμή λήψεως","cardsRemain":"Least cards remaining to complete set","wishlist":"Λίστα Επιθυμιών","onWishlist":"On wishlist","onWaitlist":"Στη λίστα αναμονής","onWishlistAndWaitlist":"On wishlist and Waitlist","cancel":"Ακύρωση","wikiArticle":"Προβολή __pcgw__ Άρθρο","viewAll":"ΕΜΦΑΝΙΣΗ ΟΛΩΝ","gamesWithBooster":"__boostergames__ παιχνίδια επιλεγμένα για συμπληρωματικά πακέτα","sortBy":"Ταξινόμηση κατά:","playtime":"Χρόνος παιξίματος","awards":"Awards","year":"Χρονολογία","lastonline":"Τελευταία επίσκεψη","members":"Μέλη","name":"Όνομα","drmThirdPartySub":"Προειδοποίηση: Ένας ή περισσότεροι τίτλοι σε αυτό το πακέτο χρησιμοποιούν DRM τρίτων __drmlist__.","customize":"Προσαρμογή","bundleSavingText":"Εδώ είναι το πόσα κερδίζετε από την αγορά αυτού του Πακέτου","thewordoptions":"Επιλογές","discussions":"Συζητήσεις","pricing_lowestPrice":"Τρέχουσα καλύτερη:","pricing_historicalLow":"Ιστορικά χαμηλότερη:","pricing_bundled":"Σε πακέτο:","pricing_withVoucher":"με κουπόνι __voucher__","pricing_store":"at&nbsp;__store__","pricing_bundleCount":"__count__ φορές","webBrowserChat":"Συνομιλία μέσω Browser","steamClientChat":"Συνομιλία πελατών Steam","equipOnProfile":"Equip on Profile","previewBackground":"Προεπισκόπηση φόντου","expandSlider":"Μεγέθυνση δρομέα","contractSlider":"Σμίκρυνση δρομέα","earlyAccess":"Έγκαιρη πρόσβαση","tagShort":"Χρησιμοποιήστε σύντομες ετικέτες για εξοικονόμηση χώρου","noPriceData":"Δεν υπάρχει διαθέσιμη τιμή","userScore":"Βαθμολογία χρηστών","marketPopularItemsToggle":"Εναλλαγή Ζωντανής Ενημέρωσης για δημοφιλή αντικείμενα","showProgressbar":"Εμφάνιση της γραμμής εξέλιξης και της κατάστασης του Augmented Steam","achievements_option":"Εμφανίστε επιτεύγματα σε σελίδες καταστήματος","achievements_summary":"__unlocked__ από __total__ (__percentage__%) επιτεύγματα αποκτήθηκαν:","bundle_offerEnds":"Η προσφορά λήγει","bundle_includes":"Περιέχει __num__ αντικείμενα","bundle_tierIncludes":"__tier__ (__price__) περιλαμβάνει στοιχεία __num__","bundle_tier":"Βαθμίδα __num__","bundle_header":"Bundles που περιέχουν αυτό το παιχνίδι","bundle_info":"Πληροφορίες Bundle","charts_peakall":"κορυφή όλων των εποχών","charts_current":"Παίζουν αυτή τη στιγμή","charts_playingNow":"παίζουν τώρα","charts_peaktoday":"Σημερινή κορύφωση","hltb_title":"Πόσο χρόνο θέλει για τερματισμό","hltb_mainE":"Κύρια ιστορία και έξτρα","hltb_compl":"Ολοκληρωτής","hltb_main":"Κύρια ιστορία","options_friendsAndGroups":"Friends and Groups","options_friendsAppendNickname":"Append nicknames to friends' names","options_settingsMngmt_import":"Εισαγωγή","options_settingsMngmt_importSuccess":"Εισαγωγή ρυθμίσεων με επιτυχία","options_settingsMngmt_importFail":"Αποτυχία εισαγωγής ρυθμίσεων","options_settingsMngmt_export":"Εξαγωγή","options_settingsMngmt_reset":"Επαναφορά","options_showCustomThemes":"Show custom themes","options_communityDefaultTab":"Προεπιλεγμένη καρτέλα αρχικής σελίδας κοινότητας","options_videos":"Βίντεο","options_broadcasts":"Εκπομπές","options_artwork":"Τέχνη","options_screenshots":"Στιγμιότυπα","options_showBacktotop":"Εμφάνιση του κουμπιού πίσω στη κορυφή σε μεγάλες σελίδες","options_contextMenu":"Μενού περιεχομένων","options_contextSteamStore":"Αναζήτηση στο κατάστημα Steam για '__query__'","options_contextSteamMarket":"Αναζήτηση στην αγορά Steam για '__query__'","options_contextItad":"Αναζήτηση στο IsThereAnyDeal για '__query__'","options_contextBartervg":"Αναζήτηση στο Barter.vg για '__query__'","options_contextSteamdb":"Αναζήτηση στο SteamDB για '__query__'","options_contextSteamdbInstant":"Άμεση Αναζήτηση στο SteamDB για '__query__'","options_contextSteamKeys":"Ενεργοποιήστε τα επιλεγμένα κλειδιά προϊόντων του Steam","options_wsgf":"Εμφάνιση πληροφοριών WSGF (ευρεία οθόνη)","options_versionShow":"Εμφάνιση αλλαγών όταν γίνει αναβάθμιση του Augmented Steam","options_steamcardexchange":"Εμφάνιση συνδέσμων SteamCardExchange στα εμβλήματα","options_regionalPrice":"Σύγκριση τιμών ανά περιοχή","options_excludef2p":"Εξαίρεση δωρεάν παιχνιδιών από τις επισημάνσεις","options_profileLinkImagesNone":"Καμιά","options_profileLinks":"Προβολή συνδέσμων προφίλ σε","options_tag":"Ετικέτα","options_icon":"Εικονίδιο","options_name":"Όνομα","options_showAlternativeLinuxIcon":"Εμφάνιση εναλλακτικού εικονιδίου Linux","options_replacecommunityhublinks":"Replace community hub links with store page links","options_hideannouncementcomments":"Hide comments under all group announcements by default","options_hidetmsymbols":"Hide trademark and copyright symbols in game titles","options_metacritic":"Εμφανίστε τις βαθμολογίες χρηστών από το Metacritic","options_opencritic":"Εμφάνιση πληροφοριών Opencritic.com","options_hideactivelistings":"Απόκρυψη όλων των ενεργών αγγελιών στην αρχική σελίδα Αγοράς από προεπιλογή","options_showlowestmarketprice":"Προβολή της χαμηλότερης τιμής αγοράς για τις καταχωρίσεις σας","options_clear":"Θέλετε σίγουρα να επαναφέρετε όλες τις επιλογές; Αυτό δεν μπορεί να αναιρεθεί.","options_coupon":"Αντικείμενα με κουπόνια","options_showPackageInfo":"Εμφάνιση πληροφοριών πακέτου για όλες τις εφαρμογές","options_wlbuttoncommunityapp":"Εμφάνιση του κουμπιού \"Προσθήκη στη Λίστα Επιθυμιών\" στους κόμβους εφαρμογών της Κοινότητας","options_removeguideslanguagefilter":"Μη αυτόματο φιλτράρισμα οδηγών ανά γλώσσα χρήστη","options_confirmdeletecomment":"Show confirmation when deleting comments","options_disablelinkfilter":"Απενεργοποίηση επιβεβαίωσης κατά την πρόσβαση σε εξωτερικές τοποθεσίες","options_regionalPriceOn":"Εμφάνιση συγκριτή περιφερειακών τιμών","options_horizontalscrolling":"Ενεργοποιήστε την οριζόντια κύλιση με τον τροχό του ποντικιού","options_supportinfo":"Εμφάνιση πληροφοριών υποστήριξης στις σελίδες του καταστήματος","options_drm":"Εμφάνιση προειδοποιήσεων DRM τρίτων","options_profileLinkImages":"Στυλ συνδέσμων εικόνων Προφίλ και Ομάδας","options_show1clickgoo":"Εμφάνιση του κουμπιού «1-κλικ μετατροπή σε πετράδια...» σε αντικείμενα που μπορεί να εφαρμοστεί","options_hltb":"Εμφανίστε πληροφορίες από HowLongToBeat.com","options_hidespamcomments":"Απόκρυψη ανεπιθύμητων σχολίων από το Εργαστήρι και τα προφίλ","options_gift":"Στοιχεία αποθηκευμένα ως δώρο","options_regionalPriceMouse":"Με πέρασμα του δείκτη ποντικιού πάνω από την τιμή","options_lowestpriceHeader":"Πληροφορίες ιστορικού τιμής","options_storesAll":"Συγκρίνετε όλα τα καταστήματα","options_viewInCurrency":"Προβολή στο:","options_showEarlyAccess":"Εμφάνιση εικόνας πανό πρόωρης πρόσβασης","options_profileLinkImagesGray":"Κλίμακα του γκρι","options_quickinv":"Να εμφανίζονται τα κουμπιά Γρήγορη Πώληση στα αντικείμενα της κοινότητας Steam στη σελίδα Αντικειμένων","options_quickinvDiff":"Τροποποιητής Άμεσης Πώλησης:","options_sendAgeInfo":"Αυτόματη αποστολή επαλήθευσης ηλικίας όταν απαιτείται","options_showdeckcompat":"Show Steam Deck compatibility ratings in the features list (and fetch the data when it's missing)","options_removebroadcasts":"Πλήρης αφαίρεση ζωντανών μεταδόσεων","options_exfgls":"Show a notice if app is excluded from Family Sharing","options_mp4video":"Αναγκάστε τα βίντεο εφαρμογών του καταστήματος να είναι σε μορφή MP4","options_youtube":"Εμφάνιση συνδέσμων YouTube","options_twitch":"Εμφάνιση συνδέσμων Twitch","options_pcgw":"Εμφάνιση συνδέσμων PCGamingWiki","options_completionistme":"Εμφάνιση συνδέσμων Completionist.me","options_protondb":"Εμφάνιση συνδέσμων ProtonDB","options_storeSteamcards":"Εμφάνιση συνδέσμων SteamCardExchange στις σελίδες καταστήματος","options_spamcommentregex":"Συμβολοσειρά Κανονικής Έκφρασης:","options_regionalHideworld":"Απόκρυψη δείκτη υδρογείου","options_showAstatslink":"Εμφάνιση συνδέσμου AStats σε σελίδες εφαρμογών","options_showYoutubegameplay":"Εμφάνιση YouTube gameplay βίντεο στις σελίδες εφαρμογών","options_showYoutubereviews":"Εμφάνιση YouTube βίντεο κριτικών στις σελίδες εφαρμογών","options_openinnewtab":"Ανοίξτε εξωτερικούς συνδέσμους σε μια νέα καρτέλα","options_showbartervg":"Εμφάνιση συνδέσμων Barter.vg","options_guest":"Αντικείμενα για τα οποία κατέχετε πάσο επισκέπτη","options_collection":"Αντικείμενα στη συλλογή σας ITAD","options_waitlist":"Αντικείμενα στη λίστα αναμονής σας ITAD","options_showPlayersInfo":"Show player count information","options_showallstats":"Εμφάνιση στατιστικών χρόνου παιξίματος στη σελίδα \"Όλα τα παιχνίδια\"","options_lowestpriceOnwishlist":"Εμφάνιση στη λίστα επιθυμιών","options_steamrepapi":"Εμφάνιση κατάστασης SteamRep στις σελίδες προφίλ","options_profileSteamid":"Εμφάνιση του SteamID στα προφίλ","options_profilePinnedBg":"Pin the profile background position while scrolling","options_lowestprice":"Προβολή","options_owned":"Αντικείμενα στην κατοχή σας","options_itadlinks":"Εμφάνιση συνδέσμων IsThereAnyDeal","options_steamdb":"Εμφανίστε συνδέσμους από το SteamDB","options_profileLinkImagesColor":"Έγχρωμο","options_showViewInLibrary":"Εμφανίστε το κουμπί \"Προβολή στη συλλογή\" για παιχνίδια που κατέχετε","options_installSteamButton":"Πλήκτρο \"Εγκατάσταση Steam\"","options_replaceViewClient":"Αντικατάσταση με \"Προβολή στον Client\"","options_showEmptyWishlist":"Εμφάνιση του κουμπιού «Άδειασμα Wishlist»","options_showWishlistStats":"Εμφάνιση στατιστικών στη λίστα επιθυμιών","options_oneclickremovewl":"Skip confirmation when removing items","options_userNotes_userNotes":"User notes","options_userNotes_app":"On app pages","options_userNotes_wishlist":"On my wishlist","options_userNotes_loc":"Storage location","options_userNotes_syncedStorage":"Synced/Local storage","options_userNotes_local":"Local database","options_inventoryNavText":"Εμφάνιση προηγμένης πλοήγησης στη σελίδα Αντικειμένων","options_marketTotal":"Προβολή του συνόλου συναλλαγών στην Αγορά","options_lowestpriceCoupon":"Να περιλαμβάνονται κωδικοί κουπονιών στη σύγκριση τιμών","options_general":"Γενικά","options_apppage":"Σελίδα εφαρμογής","options_market":"Αγορά","options_inventory":"Αντικείμενα","options_profile":"Προφίλ","options_group":"Ομάδα","options_friendActivity":"Friend Activity Feed","options_groupLinks":"Εμφάνιση συνδέσμων ομάδας στο:","options_showLanguagewarning":"Εμφάνιση προειδοποίησης αν περιηγείστε σε μια γλώσσα εκτός από","options_homepage":"Αρχική σελίδα","options_homepageDefaultTab":"Προεπιλεγμένη καρτέλα αρχικής σελίδας","options_homepageDefaultTabRemember":"Θυμηθείτε την προηγούμενη","options_homepageDefaultTabNewreleases":"Δημοφιλείς νέες κυκλοφορίες","options_homepageDefaultTabTopsellers":"Κορυφαίες πωλήσεις","options_homepageDefaultTabUpcoming":"Επερχόμενα","options_homepageDefaultTabSpecials":"Ειδικές προσφορές","options_wishlist":"αντικείμενα στην λίστα επιθυμιών σας","options_addAnotherRegion":"Προσθήκη","options_skipGotSteam":"Παράλειψη διαλόγου \"Έχετε το Steam;\"","options_storeGeneralThirdparty":"Επιλογές για πληροφορίες από ιστότοπους τρίτων","options_purchaseDates":"Εμφάνιση ημερομηνίας αγοράς εφαρμογών στις σελίδες του καταστήματος","options_showBadgeProgress":"Εμφάνιση προόδου εμβλήματος σε σελίδες του καταστήματος","options_showCoupon":"Εμφάνιση του κατάλληλου κουπονιού στις σελίδες του καταστήματος","options_showWishlistLink":"Εμφάνιση συνδέσμου προς την λίστα επιθυμιών στα προφίλ","options_showWishlistCount":"Εμφάνιση του αριθμού αντικειμένων στην λίστα επιθυμιών","options_profileShowcaseTwitch":"Προσθέστε μια επιλογή για το Twitch.tv αν υπάρχει σύνδεσμος","options_profileShowcaseOwnTwitch":"... συμπεριλαμβανομένου του δικού σας προφίλ","options_profileShowcaseTwitchProfileonly":"... μόνο εάν ο σύνδεσμος βρίσκεται στη σύνοψη προφίλ","options_lang_english":"Αγγλικά","options_lang_brazilian":"Πορτογαλικά-Βραζιλιάνικα","options_lang_bulgarian":"Βουλγαρικά","options_lang_czech":"Τσεχικά","options_lang_danish":"Δανικά","options_lang_dutch":"Ολλανδικά","options_lang_finnish":"Φινλανδικά","options_lang_french":"Γαλλικά","options_lang_greek":"Ελληνικά","options_lang_german":"Γερμανικά","options_lang_hungarian":"Ουγγρικά","options_lang_italian":"Ιταλικά","options_lang_japanese":"Ιαπωνικά","options_lang_koreana":"Κορεατικά","options_lang_norwegian":"Νορβηγικά","options_lang_polish":"Πολωνικά","options_lang_portuguese":"Πορτογαλικά","options_lang_russian":"Ρωσικά","options_lang_romanian":"Ρουμανικά","options_lang_schinese":"Απλοποιημένα Κινέζικα","options_lang_spanish":"Ισπανικά","options_lang_latam":"Ισπανικά Λατινικής Αμερικής","options_lang_swedish":"Σουηδικά","options_lang_tchinese":"Παραδοσιακά Kινέζικα","options_lang_thai":"Ταϊλανδικά","options_lang_turkish":"Τουρκικά","options_lang_ukrainian":"Ουκρανικά","options_lang_vietnamese":"Βιετναμέζικα","options_addCustomLink":"Προσθέστε προσαρμοσμένο σύνδεσμο","options_autoDetect":"Αυτόματη αναγνώριση","options_addToWaitlist":"Εμφάνιση του αναπτυσσόμενου μενού \"Προσθήκη στη Λίστα αναμονής\" στις σελίδες εφαρμογών","options_collectionBannerNotOwned":"Only show In Collection banner when I don't own the game on Steam","options_maintainers":"Συντηρητές έργου","options_withHelpOf":"με πολύ βοήθεια από τους  __contributors__","options_contributors":"υπέροχους συνεισφέροντες","options_aboutDesc":"Augmented Steam is a fork of the Enhanced Steam extension.","options_aboutDescLinks":"Visit the extension's __website__ or our __discord__ for more info.","options_footerFork":"a fork by IsThereAnyDeal","options_footerAuthor":"original author jshackles","ready_loading":"Φόρτωση δεδομένων Augmented Steam...","ready_ready":"Το Augmented Steam είναι έτοιμο","ready_failed":"__amount__ αίτημα(τα) απέτυχαν, ελέγξτε την κονσόλα περιήγησης για περισσότερες πληροφορίες","ready_serverOutage":"Οι διακομιστές Augmented Steam είναι προς το παρόν υπερφορτωμένοι","twitch_nowStreaming":"__username__ κάνει απευθείας μετάδοση στο Twitch","twitch_viewers":"Θεατές","dlcSelect_wishlistedDlc":"Επιλέξτε τα Περιεχόμενα προς Λήψη που είναι στη λίστα επιθυμιών","dlcSelect_none":"Επιλογή κανενός","dlcSelect_unownedDlc":"Επιλογή Περιεχομένου Προς Λήψη που δεν έχετε","tag_wishlist":"Λίστα Επιθυμιών","tag_coupon":"Κουπόνι","tag_invGift":"Δώρο","tag_invGuestpass":"Πάσο επισκέπτη","tag_owned":"Σε κατοχή","tag_notinterested":"Δεν ενδιαφέρομαι","tag_ignoredOwned":"Ignored (owned)","tag_collection":"Συλλέχθηκαν","tag_waitlist":"Στη λίστα αναμονής","wallet_customAmount":"Προσθέστε προσαρμοσμένο ποσό","wallet_customAmountText":"Any amount over __minamount__","wallet_customGiftcard":"Επιλέξτε __input__ προσαρμοσμένη κάρτα δώρου","wsgf_incomplete":"Μη ολοκληρωμένο","wsgf_unsupported":"Η βαθμολογία αυτή απονέμεται σε παιχνίδια που δεν έχουν καμία υποστήριξη σε  __type__.  Το παιχνίδι μπορεί να είναι ακατάλληλο για να παιχτεί στο __type__, ή η εικόνα εμφανίζεται παραμορφωμένη για να κατανεμηθεί στο παράθυρο.  Δεν διατηρείται η σωστή αναλογία.","wsgf_gold":"Το μετάλλιο απονέμεται σε παιχνίδια που έχουν λάβει τέλεια αποτελέσματα από το WSGF για την υποστήριξή τους σε __type__, και είναι εγκεκριμένα στο __type__.","wsgf_silver":"Το μετάλλιο απονέμεται σε παιχνίδια που έχουν λάβει ένα υπολογιζόμενο βαθμό Β για την υποστήριξή τους σε __type__.  Όλα αυτά τα παιχνίδια είναι χωρίς σημαντικές ατέλειες, αλλά έχουν τουλάχιστον ένα ψεγάδι που αποτρέπει ένα τέλειο σκορ.","wsgf_limited":"Το μετάλλιο απονέμεται σε παιχνίδια που έχουν λάβει ένα υπολογιζόμενο βαθμό C για την υποστήριξή τους σε __type__.  Όλα αυτά τα παιχνίδια έχουν κάποιο επίπεδο __type__ υποστήριξης, αλλά έχουν σημαντικά θέματα.","wsgf_certifications":"Πιστοποιήσεις ευρείας οθόνης WSGF","itad_enableSyncLibrary":"Enable library sync","itad_enableSyncWishlist":"Enable wishlist sync","itad_import":"Περιοδική εισαγωγή:","itad_lastImport":"Last import","itad_from":"from ITAD","itad_to":"to ITAD","itad_syncNow":"Συγχρονισμός τώρα","itad_info_itadSteam":"Η σύνδεση του Augmented Steam με το IsThereAnyDeal σάς επιτρέπει να χρησιμοποιείτε την επισήμανση και την προσθήκη ετικετών του Augmented Steam σε παιχνίδια της λίστας αναμονής και της συλλογής σας, ακόμη και αν δεν τα έχετε στο Steam.","itad_info_steamItad":"Επιπλέον, σας επιτρέπει να εισαγάγετε παιχνίδια από τη βιβλιοθήκη Steam και / ή τις επιθυμητές επιλογές στο IsThereAnyDeal, για βελτιωμένη ακρίβεια (π.χ. DLC ή μη καταχωρημένα παιχνίδια). Προς το παρόν, αυτή η λειτουργία μπορεί να προσθέσει μόνο τίτλους, όχι να τους αφαιρέσει, οπότε δεν αποτελεί αντικατάσταση του ενσωματωμένου συγχρονισμού του IsThereAnyDeal, αλλά προσθήκη σε αυτόν.","tradeoffer_numItem":"__num__ αντικείμενο","tradeoffer_numItems":"__num__ αντικείμενα","tradeoffer_back":"Back to Trade Offers","update_dontShow":"Να μην εμφανιστεί ξανά","update_updated":"Το Augmented Steam έχει ενημερωθεί στην έκδοση __version__","update_changes":"View all changes on GitHub","register_success":"Επιτυχής ενεργοποίηση του __gamename__","register_owned":"Αυτός ο λογαριασμός Steam κατέχει ήδη τα προϊόντα αυτής της προσφοράς.","register_notavail":"Συγγνώμη, αυτό το προϊόν δεν είναι διαθέσιμο για αγορά στη χώρα σας. Το κλειδί προϊόντος σας δεν εξαργυρώθηκε.","register_invalid":"Ο κωδικός προϊόντος που εισάγατε δεν είναι έγκυρος. Παρακαλούμε ελέγξτε ξανά αν έχετε πληκτρολογήσει σωστά το κλειδί.","register_already":"Ο κωδικός προϊόντος που εισάγατε έχει ήδη ενεργοποιηθεί από έναν διαφορετικό λογαριασμό Steam.","register_dlc":"Ο κωδικός προϊόντος που εισάγατε απαιτεί την κατοχή ενός άλλου προϊόντος πριν την ενεργοποίηση.","register_wallet":"Ο κωδικός που εισάγατε είναι από μια δωροκάρτα Steam ή μια κάρτα πορτοφολιού Steam","register_toomany":"Υπήρξαν πάρα πολλές προσπάθειες ενεργοποίησης πρόσφατα από αυτό τον λογαριασμό. Παρακαλούμε περιμένετε και δοκιμάστε ξανά αργότερα.","register_default":"Προέκυψε μη αναμενόμενο σφάλμα.  Δεν έχει γίνει η εξαργύρωση του κωδικού προϊόντος σας.  Παρακαλώ περιμένετε 30 λεπτά και δοκιμάστε να εξαργυρώσετε τον κωδικό ξανά.","wl_label":"stats","wl_totalPrice":"Τρέχουσα τιμή","wl_inWishlist":"στη λίστα επιθυμιών","wl_onSale":"σε έκπτωση","wl_noPrice":"χωρίς τιμή","wl_hidden":"hidden apps","wl_hiddenTooltip":"Apps that have been removed/unlisted and are not visible on wishlists. Click for details.","wl_removeTitle":"Remove this item from your wishlist?","wl_removeConfirm":"Are you sure you want to remove 'appid __appid__' from your wishlist?","wl_removeConfirmWarn":"It cannot be re-added afterwards!","coll_totalTime":"συνολικός χρόνος","coll_inCollection":"στη συλλογή","coll_played":"παίχτηκε","coll_neverPlayed":"δεν παίχτηκε ποτέ","userNote_add":"Προσθήκη σημείωσης","userNote_update":"Ενημέρωση σημείωσης","userNote_addForGame":"Σημείωση για __gamename__","userNote_notEnoughSpace":"Not enough space to save note","userNote_notEnoughSpaceDesc":"Augmented Steam can't save any more user notes since your used storage adapter doesn't allow more data to be saved (attempting to use ~__perc__% of the storage capacity).","userNote_closeOnStorage":"You are running close on storage","userNote_closeOnStorageDesc":"Augmented Steam is close to not being able to save any more user notes (~__perc__% storage usage) with your current storage adapter.","userNote_storageWarningDesc":"You can choose to store your user notes in a local database (without synchronization) or continue using the storage method provided by your browser (where new notes can only be added if you delete some old).","userNote_saveSyncedStorage":"Continue using synced storage","userNote_saveLocal":"Store notes locally","userNote_syncOption":"Sync notes automatically","userNote_syncInfo_1":"You can sync your notes between Augmented Steam and IsThereAnyDeal. If you enable automatic sync, notes will be periodically fetched from ITAD. Edits via Augmented Steam will be mirrored to ITAD immediately.","userNote_syncInfo_2":"You can also manually push or pull notes between Augmented Steam and IsThereAnyDeal. We advise you to do so before enabling automatic sync, to ensure the correct version of the note is used, in case you have different notes stored for the same game.","userNote_syncInfo_3":"You can see all your notes stored in the Notes and Tags section on IsThereAnyDeal.","userNote_syncButtonPush":"Push notes to\nIsThereAnyDeal","userNote_syncButtonPull":"Pull notes from\nIsThereAnyDeal","userNote_syncPulled":"__n__ note(s) were pulled from IsThereAnyDeal","userNote_syncPushed":"__n__ note(s) were pushed to IsThereAnyDeal","userNote_syncFailed":"__n__ note(s) failed to sync","userNote_syncError":"Your note failed to sync","userNote_syncErrorEmpty":"Note is empty","userNote_syncErrorUnknown":"ITAD does not know this game","userNote_syncErrorLength":"Note is too long (__length__, max: __max__)","queue_new":"Νέα Ουρά","queue_newTooltip":"Καταργήστε αυτό το προϊόν από την ουρά σας και ξεκινήστε μια νέα ουρά.","workshop_workshop":"Εργαστήρι","workshop_subscriptions":"Συνδρομές","workshop_subscribeAll":"Εγγραφή όλων","workshop_subscribeConfirm":"Είστε βέβαιοι ότι θέλετε να εγγραφείτε σε όλα τα __count__  αντικείμενα του workshop με αυτά τα φίλτρα;","workshop_subscribeLoading":"Συνδρομή σε __i __ / __ count__ αντικειμένων του Workshop, παρακαλώ περιμένετε ...","workshop_unsubscribeAll":"Διαγραφή όλων","workshop_unsubscribeConfirm":"Είστε βέβαιοι ότι θέλετε να καταργήσετε την εγγραφή σας σε όλα τα __count__ αντικείμενα του workshop με αυτά τα φίλτρα;","workshop_unsubscribeLoading":"Κατάργηση της εγγραφής από τα __i __ / __ count__ αντικειμένων του workshop, παρακαλώ περιμένετε ...","workshop_finished":"Τέλος! __success__ επιτυχής, __fail__ απέτυχαν. Κάντε κλικ στο OK για να ανανεώσετε τη σελίδα\n","workshop_failed":"__n__ απέτυχαν","originalAuthors":"Αρχικοί συγγραφείς","acknowledgements":"Ευχαριστίες","countries_ad":"Andorra","countries_ae":"United Arab Emirates","countries_af":"Afghanistan","countries_ag":"Antigua and Barbuda","countries_ai":"Anguilla","countries_al":"Albania","countries_am":"Armenia","countries_an":"Netherlands Antilles","countries_ao":"Angola","countries_ar":"Argentina","countries_as":"American Samoa","countries_at":"Austria","countries_au":"Australia","countries_aw":"Aruba","countries_az":"Azerbaijan","countries_ba":"Bosnia and Herzegovina","countries_bb":"Barbados","countries_bd":"Bangladesh","countries_be":"Belgium","countries_bf":"Burkina Faso","countries_bg":"Bulgaria","countries_bh":"Bahrain","countries_bi":"Burundi","countries_bj":"Benin","countries_bm":"Bermuda","countries_bn":"Brunei","countries_bo":"Bolivia","countries_br":"Brazil","countries_bs":"Bahamas","countries_bt":"Bhutan","countries_bv":"Bouvet Island","countries_bw":"Botswana","countries_by":"Belarus","countries_bz":"Belize","countries_ca":"Canada","countries_cd":"Congo - Kinshasa","countries_cf":"Central African Republic","countries_cg":"Congo - Brazzaville","countries_ch":"Switzerland","countries_ci":"Côte d’Ivoire","countries_ck":"Cook Islands","countries_cl":"Chile","countries_cm":"Cameroon","countries_cn":"China","countries_co":"Colombia","countries_cr":"Costa Rica","countries_cu":"Cuba","countries_cv":"Cape Verde","countries_cy":"Cyprus","countries_cz":"Czech Republic","countries_de":"Germany","countries_dj":"Djibouti","countries_dk":"Denmark","countries_dm":"Dominica","countries_do":"Dominican Republic","countries_dz":"Algeria","countries_ec":"Ecuador","countries_ee":"Estonia","countries_eg":"Egypt","countries_eh":"Western Sahara","countries_er":"Eritrea","countries_es":"Spain","countries_et":"Ethiopia","countries_fi":"Finland","countries_fj":"Fiji","countries_fk":"Falkland Islands","countries_fm":"Micronesia","countries_fo":"Faroe Islands","countries_fr":"France","countries_ga":"Gabon","countries_gb":"United Kingdom","countries_gd":"Grenada","countries_ge":"Georgia","countries_gf":"French Guiana","countries_gg":"Guernsey","countries_gh":"Ghana","countries_gi":"Gibraltar","countries_gl":"Greenland","countries_gm":"Gambia","countries_gn":"Guinea","countries_gp":"Guadeloupe","countries_gq":"Equatorial Guinea","countries_gr":"Greece","countries_gs":"South Georgia","countries_gt":"Guatemala","countries_gu":"Guam","countries_gw":"Guinea-Bissau","countries_gy":"Guyana","countries_hk":"Hong Kong SAR China","countries_hm":"Heard Island and McDonald Islands","countries_hn":"Honduras","countries_hr":"Croatia","countries_ht":"Haiti","countries_hu":"Hungary","countries_id":"Indonesia","countries_ie":"Ireland","countries_il":"Israel","countries_im":"Isle of Man","countries_in":"India","countries_io":"British Indian Ocean Territory","countries_iq":"Iraq","countries_ir":"Iran","countries_is":"Iceland","countries_it":"Italy","countries_je":"Jersey","countries_jm":"Jamaica","countries_jo":"Jordan","countries_jp":"Japan","countries_ke":"Kenya","countries_kg":"Kyrgyzstan","countries_kh":"Cambodia","countries_ki":"Kiribati","countries_km":"Comoros","countries_kn":"Saint Kitts and Nevis","countries_kp":"North Korea","countries_kr":"South Korea","countries_kw":"Kuwait","countries_ky":"Cayman Islands","countries_kz":"Kazakhstan","countries_la":"Laos","countries_lb":"Lebanon","countries_lc":"Saint Lucia","countries_li":"Liechtenstein","countries_lk":"Sri Lanka","countries_lr":"Liberia","countries_ls":"Lesotho","countries_lt":"Lithuania","countries_lu":"Luxembourg","countries_lv":"Latvia","countries_ly":"Libya","countries_ma":"Morocco","countries_mc":"Monaco","countries_md":"Moldova","countries_me":"Montenegro","countries_mg":"Madagascar","countries_mh":"Marshall Islands","countries_mk":"Macedonia","countries_ml":"Mali","countries_mm":"Myanmar [Burma]","countries_mn":"Mongolia","countries_mo":"Macau SAR China","countries_mp":"Northern Mariana Islands","countries_mq":"Martinique","countries_mr":"Mauritania","countries_ms":"Montserrat","countries_mt":"Malta","countries_mu":"Mauritius","countries_mv":"Maldives","countries_mw":"Malawi","countries_mx":"Mexico","countries_my":"Malaysia","countries_mz":"Mozambique","countries_na":"Namibia","countries_nc":"New Caledonia","countries_ne":"Niger","countries_nf":"Norfolk Island","countries_ng":"Nigeria","countries_ni":"Nicaragua","countries_nl":"Netherlands","countries_no":"Norway","countries_np":"Nepal","countries_nr":"Nauru","countries_nu":"Niue","countries_nz":"New Zealand","countries_om":"Oman","countries_pa":"Panama","countries_pe":"Peru","countries_pf":"French Polynesia","countries_pg":"Papua New Guinea","countries_ph":"Philippines","countries_pk":"Pakistan","countries_pl":"Poland","countries_pm":"Saint Pierre and Miquelon","countries_pn":"Pitcairn Islands","countries_pr":"Puerto Rico","countries_ps":"Palestinian Territories","countries_pt":"Portugal","countries_pw":"Palau","countries_py":"Paraguay","countries_qa":"Qatar","countries_re":"Réunion","countries_ro":"Romania","countries_rs":"Serbia","countries_ru":"Russia","countries_rw":"Rwanda","countries_sa":"Saudi Arabia","countries_sb":"Solomon Islands","countries_sc":"Seychelles","countries_sd":"Sudan","countries_se":"Sweden","countries_sg":"Singapore","countries_sh":"Saint Helena","countries_si":"Slovenia","countries_sk":"Slovakia","countries_sl":"Sierra Leone","countries_sm":"San Marino","countries_sn":"Senegal","countries_so":"Somalia","countries_sr":"Suriname","countries_st":"São Tomé and Príncipe","countries_sv":"El Salvador","countries_sy":"Syria","countries_sz":"Swaziland","countries_tc":"Turks and Caicos Islands","countries_td":"Chad","countries_tf":"French Southern Territories","countries_tg":"Togo","countries_th":"Thailand","countries_tj":"Tajikistan","countries_tk":"Tokelau","countries_tl":"Timor-Leste","countries_tm":"Turkmenistan","countries_tn":"Tunisia","countries_to":"Tonga","countries_tr":"Turkey","countries_tt":"Trinidad and Tobago","countries_tv":"Tuvalu","countries_tw":"Taiwan","countries_tz":"Tanzania","countries_ua":"Ukraine","countries_ug":"Uganda","countries_um":"U.S. Minor Outlying Islands","countries_us":"United States","countries_uy":"Uruguay","countries_uz":"Uzbekistan","countries_va":"Vatican City","countries_vc":"Saint Vincent and the Grenadines","countries_ve":"Venezuela","countries_vg":"British Virgin Islands","countries_vi":"U.S. Virgin Islands","countries_vn":"Vietnam","countries_vu":"Vanuatu","countries_wf":"Wallis and Futuna","countries_ws":"Samoa","countries_ye":"Yemen","countries_yt":"Mayotte","countries_za":"South Africa","countries_zm":"Zambia","countries_zw":"Zimbabwe"}}