{"stats":{"strings":812,"translated":812},"strings":{"deleteCommentPrompt":"Are you sure you want to delete this comment?","downloadDemoHeader":"Download __gamename__ Demo","deckCompat_header":"Steam Deck Compatibility","deckCompat_unknown":"Unknown","deckCompat_unsupported":"Unsupported","deckCompat_playable":"Playable","deckCompat_verified":"Verified","featureHint_desc":"Would you like to enable the following feature?","featureHint_reminder":"You can change your preferences through the options page later.","thewordyes":"Yes","thewordno":"No","theworderror":"Error","noData":"No data","toomanyrequests":"Too Many Requests","showComments":"Show Comments","hideComments":"Hide Comments","thewordunknown":"Unknown","calcWorkshopSize_fileSize":"File size __size__","calcWorkshopSize_calcSize":"Calculate Total Size","calcWorkshopSize_calcLoading":"Calculating __i__/__count__ workshop items, please wait...","calcWorkshopSize_calcFinished":"Finished! Successfully calculated __success__/__total__ items.","calcWorkshopSize_totalSize":"Total size: __size__","cart":"Cart","inCart":"In Cart","steamidOfUser":"__user__'s SteamID","copied":"Copied to your clipboard!","viewSteamid":"View SteamID","moreOnSteampeek":"See more on SteamPeek","date":"Date","rating":"Rating","helpful":"Helpful","funny":"Funny","length":"Length","visibility":"Visibility","processing":"Processing...","wait":"Please wait","inviteFriends":"Invite Friends","inviteToGroup":"Invite To Group","inverse":"Inverse","transactionStatus":"__failed__ request(s) failed. Retrieved __size__ of __total__ transactions.","customTags":"Custom Tags","addTag":"Add tag","enterTag":"Enter the custom tag you'd like to add","status":"Status:","connect":"Connect","connected":"Connected","disconnect":"Disconnect","disconnected":"Disconnected","oneclickgoo":"1-Click turn into Gems...","viewInLibrary":"View in Library","support":"Support","email":"E-mail","contact":"Contact","favEmoticonsDragging":"Drag emoticons here to favorite them","favEmoticonsNoAccess":"You don't have access to this emoticon","postHistory":"View post history","addNickname":"Add Nickname","totalSize":"Total Size","dlcDetails":"Downloadable Content Details","badgeNotUnlocked":"Not unlocked","badgeLevel":"Level __level__","each":"Each","viewInMarket":"View in Community Market","remove":"Remove","getHelp":"Get Help","addSelectedDlcToCart":"Add selected DLC to Cart","close":"Close","error":"An error occurred","go":"Go","activate":"Activate a product","activateMultipleHeader":"Enter product codes below, one per line","activateMultiple":"Activate Multiple Products","activateProducts":"Activate products","couponApplicationNote":"A coupon in your inventory will be applied automatically at checkout.","hide":"Hide","filters":"Augmented Steam filters","cardsOwned":"__owned__ of __possible__ cards owned","libraryMenu":"Library","clearCache":"Clear cached data","translation":"Translation","helpTranslate":"Help us translate Augmented Steam over at POEditor","lowest":"Lowest","lowestPrice":"Current Lowest Price:","viewBadgeProgress":"View badge progress","badgeProgress":"Badge Progress","salesTotal":"Sales total:","viewNormalBadge":"View Normal Badge Progress","apppageSections":"Select the sections you would like to see on this page","website":"Website","games":"Games","badgeCompletionCost":"Cost of completing badge: __cost__","loading":"Loading...","selling":"Selling...","quickSell":"Quick Sell for __amount__","quickSellDesc":"Price difference of __modifier__ compared to the price of the cheapest offer currently listed on the Steam Market","instantSell":"Instant Sell for __amount__","instantSellDesc":"The price of the highest buy order currently listed on the Steam Market","quickSellVerify":"Steam Guard confirmation needed","startingAt":"Starting at: __price__","homepageTabs":"Homepage Tabs","store":"Store","viewInStore":"View in Store","communityHub":"Community Hub","viewOnWebsite":"View on __website__","drmThirdParty":"Warning: This title uses 3rd-party DRM __drmlist__.","hoursShort":"__hours__ hrs","spamCommentShow":"__num__ spam comments hidden on this page. Click here to show them.","addToWishlist":"Add to your wishlist","addFullgameToWishlist":"Add full game to your wishlist","addToWaitlist":"Add to your Waitlist","addFullgameToWaitlist":"Add full game to your Waitlist","removeFromWaitlistTooltip":"Remove from your Waitlist","removeFullgameFromWaitlistTooltip":"Remove full game from your Waitlist","removeFromWishlistAndWaitlistTooltip":"Remove from both your wishlist and Waitlist","removeFullgameFromWishlistAndWaitlistTooltip":"Remove full game from both your wishlist and Waitlist","language":"Language","theworddefault":"Default","thewordclear":"Clear","couponLearnMore_linkText":"Learn more","couponLearnMore_fullText":"__linkdesc__ about Steam Coupons","show":"Show","showAll":"Show All","badgesAll":"All Badges","esSupporter":"Enhanced Steam Supporter","community":"Community","ownedCollection":"__gametitle__ is already in your IsThereAnyDeal Collection","viewBadge":"View Badge","purchaseTotal":"Purchase total:","viewFoilBadge":"View Foil Badge Progress","viewAstats":"View AStats Page","contribute":"Contribute (GitHub)","reviews":"Reviews","readReviews":"Read Reviews","readMoreReviews":"Read more reviews at","youtubeGameplay":"YouTube Gameplay","youtubeReviews":"YouTube Reviews","packageInfo":"Package info","badgeCompletionAvg":"Avg cost of completion: __cost__","volumeSoldLast_24":"Volume: __sold__ sold in the last 24 hours","soldLast_24":"__sold__ sold in the last 24 hours","homepageCurators":"Steam Curator Recommendations","homepageTopnewreleases":"Top Steam Releases","homepageSidebar":"Sidebar","dropCalc":"Click here to calculate drops remaining","price":"Price","marketTransactions":"Market Transactions","loadMarketStats":"Load Market Stats","cardDropsRemaining":"__drops__ card drops remaining","badgesDrops":"Badges With Card Drops Remaining","usingLanguageReturn":"Click here to browse Steam in __base__.","guides":"Guides","highlight":"Highlight","save":"Save","view":"View","gameName":"Game Name","notinterested":"Items you ignored","ignoredOwned":"Games you ignored as played on different platform","searchFilters_reviewsScore_between":"Between __lower__% and __upper__% review score","searchFilters_reviewsScore_any":"Any review score","searchFilters_reviewsScore_upTo":"Up to __score__% review score","searchFilters_reviewsScore_from":"From __score__% review score","searchFilters_reviewsCount_count":"Reviews count:","searchFilters_reviewsCount_minCount":"Min count","searchFilters_reviewsCount_maxCount":"Max count","searchFilters_discountPercent_count":"Discount percent:","searchFilters_discountPercent_minCount":"Min %","searchFilters_discountPercent_maxCount":"Max %","searchFilters_hideCart":"Hide items in your Cart","searchFilters_hideEa":"Hide Early Access items","searchFilters_hideMixed":"Hide mixed rating items","searchFilters_hideNegative":"Hide negative rating items","news":"News","viewinclient":"View in Client","customBackground":"Custom Background","customStyle":"Custom Theme","customStyleHelp":"All users of Augmented Steam will see this theme on your profile. Non-Augmented Steam users will not see any theme changes made here.","noneselected":"None Selected / No Change","mostDrops":"Most Drops","netGain":"Net gain:","apppageRecentupdates":"Recent Events & Announcements","apppageEaheader":"Early Access Info Box","apppageEabanner":"Early Access Discussions Banner","apppageWorkshop":"Steam Workshop Banner","apppageGreenlight":"Steam Greenlight Banner","apppageLegal":"Legal Information","apppageFranchise":"Franchise","apppageMorefromfranchise":"More From Franchise","bugFeature":"Report Bug / Suggest Feature","always":"Always","ratingDetails":"See rating details","dropsWorthAvg":"Worth Approximately","familySharingNotice_notice":"Notice:","familySharingNotice_desc":"This game is excluded from Steam's Family Sharing service.","visitStore":"Visit Store Page","all":"All","externalFunds":"External Funds Used","shoppingCartHistory":"View Shopping Cart history","manageWebapiKey":"Manage my Steam Web API key","steamCloudHeader":"Steam Cloud","steamCloudSaves":"View Cloud saves","gamesWithDrops":"__dropsgames__ games with drops remaining","binderView":"Binder View","usingLanguage":"You are browsing Steam in __current__.","loginWarning":"Make sure that you are logged into __link__ in order to be able to use all features of Augmented Steam.","visitTradeForum":"Visit Trade Forum","purchaseDate":"(Purchased __date__)","customBackgroundHelp":"All users of Augmented Steam will see this background on your profile. Non-Augmented Steam users will see your regular profile background.","dateUnlocked":"Date Unlocked","netSpent":"Net spent:","buy":"Buy","buyPackage":"Buy __package__","moreInformation":"More Information","regionUnavailable":"Not available in this region","avgPrice_3cards":"Average price of three trading cards: __price__","groups_leaveGroupsConfirm":"Are you sure you want to leave __n__ selected groups?","groups_manageGroups":"Manage groups","groups_actionGroups":"Select the groups below that you wish to take action on.","groups_select":"Select:","groups_leave":"Leave Groups","groups_selected":"__n__ selected.","groups_leaveAdminConfirm_currentlyAdmin":"You are currently admin of __name__.","groups_leaveAdminConfirm_wantToLeave":"Are you sure you want to leave this group?","export_wishlist":"Export wishlist","export_type":"Export type","export_format":"Text format","export_text":"Text","export_download":"Download","export_copyClipboard":"Copy to clipboard","none":"None","emptyWishlist_title":"Empty wishlist","emptyWishlist_confirm":"Are you sure you want to empty your wishlist? This action cannot be undone!","emptyWishlist_removing":"Removing app __cur__ from __total__...","about":"About","never":"Never","couponAvailable":"You have a coupon available!","launchRandom":"Launch Random Game","playGame":"Play __gamename__?","dropsValue":"Highest Drop Value","cardsRemain":"Least cards remaining to complete set","wishlist":"Wishlist","onWishlist":"On wishlist","onWaitlist":"In Waitlist","onWishlistAndWaitlist":"On wishlist and Waitlist","cancel":"Cancel","wikiArticle":"View __pcgw__ Article","viewAll":"VIEW ALL","gamesWithBooster":"__boostergames__ games eligible for booster packs","sortBy":"Sort by:","playtime":"Playtime","awards":"Awards","year":"Year","lastonline":"Last Online","members":"Members","name":"Name","drmThirdPartySub":"Warning: One or more titles in this package use 3rd-party DRM __drmlist__.","customize":"Customize","bundleSavingText":"Here's what you save by buying this bundle","thewordoptions":"Options","discussions":"Discussions","pricing_lowestPrice":"Current best:","pricing_historicalLow":"Historical low:","pricing_bundled":"In bundle:","pricing_withVoucher":"with voucher __voucher__","pricing_store":"at&nbsp;__store__","pricing_bundleCount":"__count__ times","webBrowserChat":"Web browser chat","steamClientChat":"Steam Client chat","equipOnProfile":"Equip on Profile","previewBackground":"Preview Background","expandSlider":"Expand slider","contractSlider":"Contract slider","earlyAccess":"Early Access","tagShort":"Use short tags to save space","noPriceData":"No price data available","userScore":"User Score","marketPopularItemsToggle":"Toggle live updating for Popular Items","showProgressbar":"Show Augmented Steam progress and status bar","achievements_option":"Show achievement completion bar","achievements_summary":"__unlocked__ of __total__ (__percentage__%) achievements earned:","bundle_offerEnds":"Offer ends","bundle_includes":"Includes __num__ items","bundle_tierIncludes":"__tier__ (__price__) includes __num__ items","bundle_tier":"Tier __num__","bundle_header":"Bundles that include this game","bundle_info":"Bundle Info","charts_peakall":"all-time peak","charts_current":"Current Players","charts_playingNow":"playing now","charts_peaktoday":"today's peak","hltb_title":"How Long to Beat","hltb_mainE":"Main Story and Extras","hltb_compl":"Completionist","hltb_main":"Main Story","options_friendsAndGroups":"Friends and Groups","options_friendsAppendNickname":"Append nicknames to friends' names","options_settingsMngmt_import":"Import","options_settingsMngmt_importSuccess":"Successfully imported settings","options_settingsMngmt_importFail":"Failed to import settings","options_settingsMngmt_export":"Export","options_settingsMngmt_reset":"Reset","options_showCustomThemes":"Show custom themes","options_communityDefaultTab":"Default community home page tab","options_videos":"Videos","options_broadcasts":"Broadcasts","options_artwork":"Artwork","options_screenshots":"Screenshots","options_showBacktotop":"Show back to top button on long pages","options_contextMenu":"Context Menu","options_contextSteamStore":"Search Steam Store for '__query__'","options_contextSteamMarket":"Search Steam Market for '__query__'","options_contextItad":"Search IsThereAnyDeal for '__query__'","options_contextBartervg":"Search Barter.vg for '__query__'","options_contextSteamdb":"Search SteamDB for '__query__'","options_contextSteamdbInstant":"Instant Search SteamDB for '__query__'","options_contextSteamKeys":"Activate steam product keys within selection","options_wsgf":"Show WSGF (Widescreen) information","options_versionShow":"Show change log when Augmented Steam updates","options_steamcardexchange":"Show SteamCardExchange links on badges","options_regionalPrice":"Regional Price Comparison","options_excludef2p":"Exclude free to play games from highlighting","options_profileLinkImagesNone":"None","options_profileLinks":"Options for links to 3rd party sites","options_tag":"Tag","options_icon":"Icon","options_name":"Name","options_showAlternativeLinuxIcon":"Show alternative Linux icon","options_replacecommunityhublinks":"Replace community hub links with store page links","options_hideannouncementcomments":"Hide comments under all group announcements by default","options_hidetmsymbols":"Hide trademark and copyright symbols in game titles","options_metacritic":"Show Metacritic user scores","options_opencritic":"Show Opencritic ratings and reviews","options_hideactivelistings":"Hide all active listings on Market homepage by default","options_showlowestmarketprice":"Show the lowest market price for your listings","options_clear":"Are you sure you wish to reset all options? This cannot be undone.","options_coupon":"Items you have a coupon for","options_showPackageInfo":"Show \"Package info\" button for all packages","options_wlbuttoncommunityapp":"Show \"Add to Wishlist\" button on community hubs","options_removeguideslanguagefilter":"Don't automatically filter guides by user language","options_confirmdeletecomment":"Show confirmation when deleting comments","options_disablelinkfilter":"Disable confirmation when accessing external sites","options_regionalPriceOn":"Show regional price comparison","options_horizontalscrolling":"Enable horizontal scrolling with the mouse wheel","options_supportinfo":"Show support information","options_drm":"Show 3rd-party DRM warnings","options_profileLinkImages":"Profile and Group links image style","options_show1clickgoo":"Skip confirmation when turning items into Gems","options_hltb":"Show HowLongToBeat.com information","options_hidespamcomments":"Hide spam comments on Workshop items and profiles","options_gift":"Items you have a gift copy for","options_regionalPriceMouse":"On Price Mouseover","options_lowestpriceHeader":"Price History Information","options_storesAll":"Compare all stores","options_viewInCurrency":"View in:","options_showEarlyAccess":"Show Early Access image banners","options_profileLinkImagesGray":"Grayscale","options_quickinv":"Show Quick Sell buttons on Steam Community items","options_quickinvDiff":"Quick Sell modifier:","options_sendAgeInfo":"Automatically send age verification and skip mature content warnings","options_showdeckcompat":"Show Steam Deck compatibility ratings in the features list (and fetch the data when it's missing)","options_removebroadcasts":"Completely remove any live broadcast","options_exfgls":"Show a notice if app is excluded from Family Sharing","options_mp4video":"Force videos to be in MP4 format","options_youtube":"Show YouTube links","options_twitch":"Show Twitch links","options_pcgw":"Show PCGamingWiki links","options_completionistme":"Show Completionist.me links","options_protondb":"Show ProtonDB links","options_storeSteamcards":"Show SteamCardExchange links","options_spamcommentregex":"Regular Expression string:","options_regionalHideworld":"Hide globe indicator","options_showAstatslink":"Show AStats links","options_showYoutubegameplay":"Show \"YouTube Gameplay\" links","options_showYoutubereviews":"Show \"YouTube Reviews\" links","options_openinnewtab":"Open external links in a new tab","options_showbartervg":"Show Barter.vg links","options_guest":"Items you have a guest pass for","options_collection":"Items in your ITAD Collection","options_waitlist":"Items in your ITAD Waitlist","options_showPlayersInfo":"Show player count information","options_showallstats":"Show playtime stats on \"All Games\" page","options_lowestpriceOnwishlist":"Show when hovering over wishlist items","options_steamrepapi":"Show SteamRep status","options_profileSteamid":"Show a link to view SteamIDs","options_profilePinnedBg":"Pin the profile background position while scrolling","options_lowestprice":"Show on app pages","options_owned":"Items you own","options_itadlinks":"Show IsThereAnyDeal links","options_steamdb":"Show SteamDB links","options_profileLinkImagesColor":"Colored","options_showViewInLibrary":"Show \"View in Library\" button","options_installSteamButton":"\"Install Steam\" button","options_replaceViewClient":"Replace with \"View in Client\"","options_showEmptyWishlist":"Show \"Empty Wishlist\" button","options_showWishlistStats":"Show wishlist stats","options_oneclickremovewl":"Skip confirmation when removing items","options_userNotes_userNotes":"User notes","options_userNotes_app":"On app pages","options_userNotes_wishlist":"On my wishlist","options_userNotes_loc":"Storage location","options_userNotes_syncedStorage":"Synced/Local storage","options_userNotes_local":"Local database","options_inventoryNavText":"Show advanced navigation on inventory page","options_marketTotal":"Automatically load transaction summary on Market","options_lowestpriceCoupon":"Include coupon codes in price comparison","options_general":"General","options_apppage":"App page","options_market":"Market","options_inventory":"Inventory","options_profile":"Profile","options_group":"Group","options_friendActivity":"Friend Activity Feed","options_groupLinks":"Options for links to 3rd party sites","options_showLanguagewarning":"Show warning if browsing in a language other than","options_homepage":"Homepage","options_homepageDefaultTab":"Default homepage tab","options_homepageDefaultTabRemember":"Remember Previous","options_homepageDefaultTabNewreleases":"New and Trending","options_homepageDefaultTabTopsellers":"Top Selling","options_homepageDefaultTabUpcoming":"Popular Upcoming","options_homepageDefaultTabSpecials":"Specials","options_wishlist":"Items on your wishlist","options_addAnotherRegion":"Add","options_skipGotSteam":"Skip the \"Got Steam?\" window","options_storeGeneralThirdparty":"Options for information from 3rd-party sites","options_purchaseDates":"Show purchase date","options_showBadgeProgress":"Show badge progress","options_showCoupon":"Show applicable Steam coupon","options_showWishlistLink":"Show a wishlist link on the right-hand column","options_showWishlistCount":"Show the number of wishlisted items","options_profileShowcaseTwitch":"Add a showcase for Twitch.tv if there is a link","options_profileShowcaseOwnTwitch":"... including your own profile","options_profileShowcaseTwitchProfileonly":"... only if the link is in the Profile Summary","options_lang_english":"English","options_lang_brazilian":"Portuguese-Brazil","options_lang_bulgarian":"Bulgarian","options_lang_czech":"Czech","options_lang_danish":"Danish","options_lang_dutch":"Dutch","options_lang_finnish":"Finnish","options_lang_french":"French","options_lang_greek":"Greek","options_lang_german":"German","options_lang_hungarian":"Hungarian","options_lang_italian":"Italian","options_lang_japanese":"Japanese","options_lang_koreana":"Korean","options_lang_norwegian":"Norwegian","options_lang_polish":"Polish","options_lang_portuguese":"Portuguese","options_lang_russian":"Russian","options_lang_romanian":"Romanian","options_lang_schinese":"Simplified Chinese","options_lang_spanish":"Spanish","options_lang_latam":"Latin American Spanish","options_lang_swedish":"Swedish","options_lang_tchinese":"Traditional Chinese","options_lang_thai":"Thai","options_lang_turkish":"Turkish","options_lang_ukrainian":"Ukrainian","options_lang_vietnamese":"Vietnamese","options_addCustomLink":"Add custom link","options_autoDetect":"Auto-detect","options_addToWaitlist":"Show \"Add to Waitlist\" dropdown on app pages","options_collectionBannerNotOwned":"Only show In Collection banner when I don't own the game on Steam","options_maintainers":"Project Maintainers","options_withHelpOf":"with a lot of help by our __contributors__","options_contributors":"wonderful contributors","options_aboutDesc":"Augmented Steam is a fork of the Enhanced Steam extension.","options_aboutDescLinks":"Visit the extension's __website__ or our __discord__ for more info.","options_footerFork":"a fork by IsThereAnyDeal","options_footerAuthor":"original author jshackles","ready_loading":"Augmented Steam loading data...","ready_ready":"Augmented Steam ready","ready_failed":"__amount__ request(s) failed, check browser console for more information","ready_serverOutage":"Augmented Steam servers are currently overloaded","twitch_nowStreaming":"__username__ is live streaming on Twitch","twitch_viewers":"Viewers","dlcSelect_wishlistedDlc":"Select Wishlisted DLC","dlcSelect_none":"Select None","dlcSelect_unownedDlc":"Select Unowned DLC","tag_wishlist":"Wishlist","tag_coupon":"Coupon","tag_invGift":"Gift","tag_invGuestpass":"Guestpass","tag_owned":"Owned","tag_notinterested":"Ignored","tag_ignoredOwned":"Ignored (owned)","tag_collection":"Collected","tag_waitlist":"Waitlisted","wallet_customAmount":"Add custom amount","wallet_customAmountText":"Any amount over __minamount__","wallet_customGiftcard":"Select __input__ Custom Gift Card","wsgf_incomplete":"Incomplete","wsgf_unsupported":"This score is awarded to games that have no __type__ support. The game may be unplayable in __type__, or the image is stretched to fit the window. Correct aspect ratio is not retained.","wsgf_gold":"This medal is awarded to games which have received perfect scores from the WSGF for their __type__ support, and are __type__ Certified.","wsgf_silver":"This medal is awarded to games that have received a calculated grade of B for their __type__ support. All of these games are without major flaws, but have at least one blemish that prevents a perfect score.","wsgf_limited":"This score is awarded to games that have received a calculated grade of C for their __type__ support. All of these games have some level of __type__ support but have significant issues.","wsgf_certifications":"WSGF Widescreen Certifications","itad_enableSyncLibrary":"Enable library sync","itad_enableSyncWishlist":"Enable wishlist sync","itad_import":"Periodically import:","itad_lastImport":"Last import","itad_from":"from ITAD","itad_to":"to ITAD","itad_syncNow":"Sync now","itad_info_itadSteam":"Connecting Augmented Steam with IsThereAnyDeal allows you to apply Augmented Steam's highlighting and tagging to games in your Waitlist and Collection even if you don't have them on Steam.","itad_info_steamItad":"Furthermore, it allows you to import games from your Steam Library and/or Wishlist to IsThereAnyDeal, for improved accuracy (e.g. DLCs or unlisted games). Currently this feature can only add titles, not remove them, so it's not the replacement for IsThereAnyDeal's integrated sync, but an addition to it.","tradeoffer_numItem":"__num__ item","tradeoffer_numItems":"__num__ items","tradeoffer_back":"Back to Trade Offers","update_dontShow":"Don't Show Again","update_updated":"Augmented Steam has been updated to __version__","update_changes":"View all changes on GitHub","register_success":"Successfully activated __gamename__","register_owned":"This Steam account already owns the product(s) contained in this offer.","register_notavail":"Sorry, but this product is not available for purchase in this country. Your product key has not been redeemed.","register_invalid":"The product code you've entered is not valid. Please double check to see if you've mistyped your key.","register_already":"The product code you've entered has already been activated by a different Steam account.","register_dlc":"The product code you've entered requires ownership of another product before activation.","register_wallet":"The code you have entered is from a Steam Gift Card or Steam Wallet Code","register_toomany":"There have been too many recent activation attempts from this account. Please wait and try again later.","register_default":"An unexpected error occurred. Your product code has not been redeemed. Please wait 30 minutes and try redeeming the code again.","wl_label":"stats","wl_totalPrice":"current value","wl_inWishlist":"on wishlist","wl_onSale":"on sale","wl_noPrice":"without price","wl_hidden":"hidden apps","wl_hiddenTooltip":"Apps that have been removed/unlisted and are not visible on wishlists. Click for details.","wl_removeTitle":"Remove this item from your wishlist?","wl_removeConfirm":"Are you sure you want to remove 'appid __appid__' from your wishlist?","wl_removeConfirmWarn":"It cannot be re-added afterwards!","coll_totalTime":"total time","coll_inCollection":"in collection","coll_played":"played","coll_neverPlayed":"never played","userNote_add":"Add a note","userNote_update":"Update note","userNote_addForGame":"Note for __gamename__","userNote_notEnoughSpace":"Not enough space to save note","userNote_notEnoughSpaceDesc":"Augmented Steam can't save any more user notes since your used storage adapter doesn't allow more data to be saved (attempting to use ~__perc__% of the storage capacity).","userNote_closeOnStorage":"You are running close on storage","userNote_closeOnStorageDesc":"Augmented Steam is close to not being able to save any more user notes (~__perc__% storage usage) with your current storage adapter.","userNote_storageWarningDesc":"You can choose to store your user notes in a local database (without synchronization) or continue using the storage method provided by your browser (where new notes can only be added if you delete some old).","userNote_saveSyncedStorage":"Continue using synced storage","userNote_saveLocal":"Store notes locally","userNote_syncOption":"Sync notes automatically","userNote_syncInfo_1":"You can sync your notes between Augmented Steam and IsThereAnyDeal. If you enable automatic sync, notes will be periodically fetched from ITAD. Edits via Augmented Steam will be mirrored to ITAD immediately.","userNote_syncInfo_2":"You can also manually push or pull notes between Augmented Steam and IsThereAnyDeal. We advise you to do so before enabling automatic sync, to ensure the correct version of the note is used, in case you have different notes stored for the same game.","userNote_syncInfo_3":"You can see all your notes stored in the Notes and Tags section on IsThereAnyDeal.","userNote_syncButtonPush":"Push notes to\nIsThereAnyDeal","userNote_syncButtonPull":"Pull notes from\nIsThereAnyDeal","userNote_syncPulled":"__n__ note(s) were pulled from IsThereAnyDeal","userNote_syncPushed":"__n__ note(s) were pushed to IsThereAnyDeal","userNote_syncFailed":"__n__ note(s) failed to sync","userNote_syncError":"Your note failed to sync","userNote_syncErrorEmpty":"Note is empty","userNote_syncErrorUnknown":"ITAD does not know this game","userNote_syncErrorLength":"Note is too long (__length__, max: __max__)","queue_new":"New Queue","queue_newTooltip":"Remove this product from your queue and start a new queue.","workshop_workshop":"Workshop","workshop_subscriptions":"Subscriptions","workshop_subscribeAll":"Subscribe All","workshop_subscribeConfirm":"Are you sure you want to subscribe to all __count__ workshop items with these filters?","workshop_subscribeLoading":"Subscribing to __i__/__count__ workshop items, please wait...","workshop_unsubscribeAll":"Unsubscribe All","workshop_unsubscribeConfirm":"Are you sure you want to unsubscribe to all __count__ workshop items with these filters?","workshop_unsubscribeLoading":"Unsubscribing from __i__/__count__ workshop items, please wait...","workshop_finished":"Finished! __success__ successful, __fail__ failed. Click OK to refresh the page","workshop_failed":"__n__ failed","originalAuthors":"Original authors","acknowledgements":"Acknowledgments","countries_ad":"Andorra","countries_ae":"United Arab Emirates","countries_af":"Afghanistan","countries_ag":"Antigua and Barbuda","countries_ai":"Anguilla","countries_al":"Albania","countries_am":"Armenia","countries_an":"Netherlands Antilles","countries_ao":"Angola","countries_ar":"Argentina","countries_as":"American Samoa","countries_at":"Austria","countries_au":"Australia","countries_aw":"Aruba","countries_az":"Azerbaijan","countries_ba":"Bosnia and Herzegovina","countries_bb":"Barbados","countries_bd":"Bangladesh","countries_be":"Belgium","countries_bf":"Burkina Faso","countries_bg":"Bulgaria","countries_bh":"Bahrain","countries_bi":"Burundi","countries_bj":"Benin","countries_bm":"Bermuda","countries_bn":"Brunei","countries_bo":"Bolivia","countries_br":"Brazil","countries_bs":"Bahamas","countries_bt":"Bhutan","countries_bv":"Bouvet Island","countries_bw":"Botswana","countries_by":"Belarus","countries_bz":"Belize","countries_ca":"Canada","countries_cd":"Congo - Kinshasa","countries_cf":"Central African Republic","countries_cg":"Congo - Brazzaville","countries_ch":"Switzerland","countries_ci":"Côte d’Ivoire","countries_ck":"Cook Islands","countries_cl":"Chile","countries_cm":"Cameroon","countries_cn":"China","countries_co":"Colombia","countries_cr":"Costa Rica","countries_cu":"Cuba","countries_cv":"Cape Verde","countries_cy":"Cyprus","countries_cz":"Czech Republic","countries_de":"Germany","countries_dj":"Djibouti","countries_dk":"Denmark","countries_dm":"Dominica","countries_do":"Dominican Republic","countries_dz":"Algeria","countries_ec":"Ecuador","countries_ee":"Estonia","countries_eg":"Egypt","countries_eh":"Western Sahara","countries_er":"Eritrea","countries_es":"Spain","countries_et":"Ethiopia","countries_fi":"Finland","countries_fj":"Fiji","countries_fk":"Falkland Islands","countries_fm":"Micronesia","countries_fo":"Faroe Islands","countries_fr":"France","countries_ga":"Gabon","countries_gb":"United Kingdom","countries_gd":"Grenada","countries_ge":"Georgia","countries_gf":"French Guiana","countries_gg":"Guernsey","countries_gh":"Ghana","countries_gi":"Gibraltar","countries_gl":"Greenland","countries_gm":"Gambia","countries_gn":"Guinea","countries_gp":"Guadeloupe","countries_gq":"Equatorial Guinea","countries_gr":"Greece","countries_gs":"South Georgia","countries_gt":"Guatemala","countries_gu":"Guam","countries_gw":"Guinea-Bissau","countries_gy":"Guyana","countries_hk":"Hong Kong SAR China","countries_hm":"Heard Island and McDonald Islands","countries_hn":"Honduras","countries_hr":"Croatia","countries_ht":"Haiti","countries_hu":"Hungary","countries_id":"Indonesia","countries_ie":"Ireland","countries_il":"Israel","countries_im":"Isle of Man","countries_in":"India","countries_io":"British Indian Ocean Territory","countries_iq":"Iraq","countries_ir":"Iran","countries_is":"Iceland","countries_it":"Italy","countries_je":"Jersey","countries_jm":"Jamaica","countries_jo":"Jordan","countries_jp":"Japan","countries_ke":"Kenya","countries_kg":"Kyrgyzstan","countries_kh":"Cambodia","countries_ki":"Kiribati","countries_km":"Comoros","countries_kn":"Saint Kitts and Nevis","countries_kp":"North Korea","countries_kr":"South Korea","countries_kw":"Kuwait","countries_ky":"Cayman Islands","countries_kz":"Kazakhstan","countries_la":"Laos","countries_lb":"Lebanon","countries_lc":"Saint Lucia","countries_li":"Liechtenstein","countries_lk":"Sri Lanka","countries_lr":"Liberia","countries_ls":"Lesotho","countries_lt":"Lithuania","countries_lu":"Luxembourg","countries_lv":"Latvia","countries_ly":"Libya","countries_ma":"Morocco","countries_mc":"Monaco","countries_md":"Moldova","countries_me":"Montenegro","countries_mg":"Madagascar","countries_mh":"Marshall Islands","countries_mk":"Macedonia","countries_ml":"Mali","countries_mm":"Myanmar [Burma]","countries_mn":"Mongolia","countries_mo":"Macau SAR China","countries_mp":"Northern Mariana Islands","countries_mq":"Martinique","countries_mr":"Mauritania","countries_ms":"Montserrat","countries_mt":"Malta","countries_mu":"Mauritius","countries_mv":"Maldives","countries_mw":"Malawi","countries_mx":"Mexico","countries_my":"Malaysia","countries_mz":"Mozambique","countries_na":"Namibia","countries_nc":"New Caledonia","countries_ne":"Niger","countries_nf":"Norfolk Island","countries_ng":"Nigeria","countries_ni":"Nicaragua","countries_nl":"Netherlands","countries_no":"Norway","countries_np":"Nepal","countries_nr":"Nauru","countries_nu":"Niue","countries_nz":"New Zealand","countries_om":"Oman","countries_pa":"Panama","countries_pe":"Peru","countries_pf":"French Polynesia","countries_pg":"Papua New Guinea","countries_ph":"Philippines","countries_pk":"Pakistan","countries_pl":"Poland","countries_pm":"Saint Pierre and Miquelon","countries_pn":"Pitcairn Islands","countries_pr":"Puerto Rico","countries_ps":"Palestinian Territories","countries_pt":"Portugal","countries_pw":"Palau","countries_py":"Paraguay","countries_qa":"Qatar","countries_re":"Réunion","countries_ro":"Romania","countries_rs":"Serbia","countries_ru":"Russia","countries_rw":"Rwanda","countries_sa":"Saudi Arabia","countries_sb":"Solomon Islands","countries_sc":"Seychelles","countries_sd":"Sudan","countries_se":"Sweden","countries_sg":"Singapore","countries_sh":"Saint Helena","countries_si":"Slovenia","countries_sk":"Slovakia","countries_sl":"Sierra Leone","countries_sm":"San Marino","countries_sn":"Senegal","countries_so":"Somalia","countries_sr":"Suriname","countries_st":"São Tomé and Príncipe","countries_sv":"El Salvador","countries_sy":"Syria","countries_sz":"Swaziland","countries_tc":"Turks and Caicos Islands","countries_td":"Chad","countries_tf":"French Southern Territories","countries_tg":"Togo","countries_th":"Thailand","countries_tj":"Tajikistan","countries_tk":"Tokelau","countries_tl":"Timor-Leste","countries_tm":"Turkmenistan","countries_tn":"Tunisia","countries_to":"Tonga","countries_tr":"Turkey","countries_tt":"Trinidad and Tobago","countries_tv":"Tuvalu","countries_tw":"Taiwan","countries_tz":"Tanzania","countries_ua":"Ukraine","countries_ug":"Uganda","countries_um":"U.S. Minor Outlying Islands","countries_us":"United States","countries_uy":"Uruguay","countries_uz":"Uzbekistan","countries_va":"Vatican City","countries_vc":"Saint Vincent and the Grenadines","countries_ve":"Venezuela","countries_vg":"British Virgin Islands","countries_vi":"U.S. Virgin Islands","countries_vn":"Vietnam","countries_vu":"Vanuatu","countries_wf":"Wallis and Futuna","countries_ws":"Samoa","countries_ye":"Yemen","countries_yt":"Mayotte","countries_za":"South Africa","countries_zm":"Zambia","countries_zw":"Zimbabwe"}}