{"stats":{"strings":812,"translated":598},"strings":{"deleteCommentPrompt":"¿Seguro que quieres eliminar este comentario?","downloadDemoHeader":"Descargar demo de __gamename__","deckCompat_header":"Compatibilidad con Steam Deck","deckCompat_unknown":"Desconocida","deckCompat_unsupported":"No soportado","deckCompat_playable":"Jugable","deckCompat_verified":"Verificado","featureHint_desc":"¿Te gustaría habilitar la siguiente función?","featureHint_reminder":"Más tarde puedes cambiar tus preferencias a través de la página de opciones.","thewordyes":"Sí","thewordno":"No","theworderror":"Error","noData":"Sin información","toomanyrequests":"Demasiadas Solicitudes","showComments":"Mostrar comentarios","hideComments":"Ocultar comentarios","thewordunknown":"Unknown","calcWorkshopSize_fileSize":"Tamaño de archivo __size__","calcWorkshopSize_calcSize":"Calcular Tamaño Total","calcWorkshopSize_calcLoading":"Calculando __i__/__count__ items del workshop, por favor espere...","calcWorkshopSize_calcFinished":"Finished! Successfully calculated __success__/__total__ items.","calcWorkshopSize_totalSize":"Tamaño total: __size__","cart":"Carrito","inCart":"En el carrito","steamidOfUser":"SteamID de __user__","copied":"¡Copiado al portapapeles!","viewSteamid":"Ver SteamID","moreOnSteampeek":"Ver más en SteamPeek","date":"Fecha","rating":"Calificación","helpful":"Útil","funny":"Graciosa","length":"Largo","visibility":"Visibilidad","processing":"Procesando...","wait":"Por favor espera","inviteFriends":"Invitar Amigos","inviteToGroup":"Invitar a un Grupo","inverse":"Invertir","transactionStatus":"__failed__ solicitud(es) fallidas. Recuperadas __size__ de __total__ transacciones.","customTags":"Etiquetas Personalizadas","addTag":"Añadir etiqueta","enterTag":"Ingresa la etiqueta personalizada que te gustaría agregar","status":"Estado:","connect":"Conectar","connected":"Conectado","disconnect":"Desconectar","disconnected":"Desconectado","oneclickgoo":"Convertir a Gemas en un clic","viewInLibrary":"Ver en Biblioteca","support":"Soporte","email":"E-mail","contact":"Contacto","favEmoticonsDragging":"Arrastre emoticones aquí para agregarlos a favoritos","favEmoticonsNoAccess":"No tienes acceso a este emoticón.","postHistory":"Ver historial de mensajes","addNickname":"Añadir Apodo de Usuario","totalSize":"Tamaño Total","dlcDetails":"Detalles de Contenido Descargable","badgeNotUnlocked":"No desbloqueada","badgeLevel":"Level __level__","each":"Cada uno","viewInMarket":"Ver en el Mercado de la Comunidad","remove":"Remove","getHelp":"Conseguir Ayuda","addSelectedDlcToCart":"Añadir el DLC seleccionado al carrito","close":"Cerrar","error":"Ocurrió un error","go":"Ir","activate":"Activar un producto","activateMultipleHeader":"Introduce las claves de producto a continuación, una por línea","activateMultiple":"Activar varios productos","activateProducts":"Activar productos","couponApplicationNote":"Los cupones de tu inventario se aplicarán automáticamente a la hora de pagar.","hide":"Ocultar","filters":"Filtros de Augmented Steam","cardsOwned":"Tienes __owned__ de __possible__ cromos","libraryMenu":"Biblioteca","clearCache":"Borrar datos en caché","translation":"Traducción","helpTranslate":"Ayúdanos a traducir Augmented Steam en POEditor","lowest":"Más bajo","lowestPrice":"Precio más bajo actualmente:","viewBadgeProgress":"Ver progreso de insignia","badgeProgress":"Progreso de la Insignia","salesTotal":"Ventas totales:","viewNormalBadge":"Ver Progreso de Insignia Normal","apppageSections":"Elige las secciones que quisieras ver en esta página","website":"Página web","games":"Juegos","badgeCompletionCost":"Costo de completar la insignia: __cost__","loading":"Cargando...","selling":"Vendiendo...","quickSell":"Vender Rápido por __amount__","quickSellDesc":"Diferencia de precio de __modifier__ comparado al precio de la oferta más barata actualmente listada en el Mercado de Steam","instantSell":"Vender Inmediatamente por __amount__","instantSellDesc":"El precio de la orden de compra más alta actualmente listada en el Mercado de Steam","quickSellVerify":"Se necesita confirmación de Steam Guard","startingAt":"Desde: __price__","homepageTabs":"Pestañas de la Página de Inicio","store":"Tienda","viewInStore":"Ver en Tienda","communityHub":"Punto de encuentro","viewOnWebsite":"Ver en __website__","drmThirdParty":"Atención: Este título utiliza DRM de terceros __drmlist__.","hoursShort":"__hours__ hrs.","spamCommentShow":"__num__ comentarios ocultos marcados como spam. Haz clic aquí para mostrarlos.","addToWishlist":"Agregar a tu lista de deseados","addFullgameToWishlist":"Add full game to your wishlist","addToWaitlist":"Agregar a tu Lista de Espera","addFullgameToWaitlist":"Add full game to your Waitlist","removeFromWaitlistTooltip":"Remove from your Waitlist","removeFullgameFromWaitlistTooltip":"Remove full game from your Waitlist","removeFromWishlistAndWaitlistTooltip":"Remove from both your wishlist and Waitlist","removeFullgameFromWishlistAndWaitlistTooltip":"Remove full game from both your wishlist and Waitlist","language":"Idioma","theworddefault":"Por defecto","thewordclear":"Limpiar","couponLearnMore_linkText":"Aprende más","couponLearnMore_fullText":"__linkdesc__ sobre los cupones de Steam","show":"Mostrar","showAll":"Mostrar todos","badgesAll":"Todas las Insignias","esSupporter":"Mecenas de Enhanced Steam","community":"Comunidad","ownedCollection":"__gametitle__ is already in your IsThereAnyDeal Collection","viewBadge":"Ver Insignia","purchaseTotal":"Compra total:","viewFoilBadge":"Ver Progreso de Insignia Reflectante","viewAstats":"Ver Página de AStats","contribute":"Contribuir (GitHub)","reviews":"Reseñas","readReviews":"Leer Reseñas","readMoreReviews":"Lee más reseñas en","youtubeGameplay":"Gameplay de YouTube","youtubeReviews":"Reseñas de YouTube","packageInfo":"Datos del paquete","badgeCompletionAvg":"Coste de completado medio: __cost__","volumeSoldLast_24":"Volumen: __sold__ vendido(s) en las últimas 24 horas","soldLast_24":"__sold__ vendido(s) en las últimas 24 horas","homepageCurators":"Recomendaciones de los Mentores de Steam","homepageTopnewreleases":"Principales Lanzamientos de Steam","homepageSidebar":"Barra lateral","dropCalc":"Haz clic aquí para calcular las obtención aleatorias restantes","price":"Precio","marketTransactions":"Transacciones de mercado","loadMarketStats":"Cargar Estadísticas del Mercado","cardDropsRemaining":"Quedan __drops__ obtenciones de cromos","badgesDrops":"Insignias con obtenciones de cromos restantes","usingLanguageReturn":"Click here to browse Steam in __base__.","guides":"Guías","highlight":"Destacar","save":"Guardar","view":"Ver","gameName":"Nombre del Juego","notinterested":"Artículos que ignoraste","ignoredOwned":"Games you ignored as played on different platform","searchFilters_reviewsScore_between":"Puntaje de reseña entre __lower__% y __upper__%","searchFilters_reviewsScore_any":"Cualquier puntaje de reseña","searchFilters_reviewsScore_upTo":"Hasta __score__% puntaje de reseña","searchFilters_reviewsScore_from":"Desde __score__% puntaje de reseña","searchFilters_reviewsCount_count":"Cantidad de reseñas:","searchFilters_reviewsCount_minCount":"Cantidad mínima","searchFilters_reviewsCount_maxCount":"Cantidad máxima","searchFilters_discountPercent_count":"Discount percent:","searchFilters_discountPercent_minCount":"Min %","searchFilters_discountPercent_maxCount":"Max %","searchFilters_hideCart":"Ocultar artículos en tu carrito","searchFilters_hideEa":"Ocultar artículos de Acceso Anticipado","searchFilters_hideMixed":"Ocultar artículos con calificación mixta","searchFilters_hideNegative":"Ocultar artículos con calificación negativa","news":"Noticias","viewinclient":"Ver en el cliente de Steam","customBackground":"Fondo de Perfil personalizado","customStyle":"Tema Personalizado","customStyleHelp":"Todos los usuarios de Augmented Steam podrán ver este tema en tu perfil.  Los que no tengan Augmented Steam no verán ningún cambio.","noneselected":"Ninguno seleccionado / sin cambios","mostDrops":"Mayores Obtenciones","netGain":"Ganancias netas:","apppageRecentupdates":"Eventos Recientes y Anuncios","apppageEaheader":"Caja de información de Acceso Anticipado","apppageEabanner":"Banner de discusiones de Acceso Anticipado","apppageWorkshop":"Banner del Workshop de Steam","apppageGreenlight":"Banner de Steam Greenlight","apppageLegal":"Información legal","apppageFranchise":"Franquicia","apppageMorefromfranchise":"Más de la Franquicia","bugFeature":"Informar de un error / Sugerir una característica","always":"Siempre","ratingDetails":"Ver detalles de calificación","dropsWorthAvg":"Valor Aproximado","familySharingNotice_notice":"Aviso:","familySharingNotice_desc":"Este juego no se incluye en el Préstamo familiar.","visitStore":"Visita la Página de la Tienda","all":"Todo","externalFunds":"Fondos Externos Usados","shoppingCartHistory":"Ver mi historial del carrito de compras","manageWebapiKey":"Administrar mi clave de API web de Steam","steamCloudHeader":"Nube de Steam","steamCloudSaves":"Ver guardados en la nube","gamesWithDrops":"Quedan __dropsgames__ juegos con obtenciones de cromos","binderView":"Vista de Carpeta","usingLanguage":"You are browsing Steam in __current__.","loginWarning":"Asegúrate de que estás conectado a __link__ para poder utilizar todas las características de Augmented Steam.","visitTradeForum":"Visitar Foro de Intercambio","purchaseDate":"(Comprado el __date__)","customBackgroundHelp":"Todos los usuarios de Augmented Steam podrán ver este fondo en tu perfil.  Los que no tengan Augmented Steam no verán ningún cambio aquí.","dateUnlocked":"Fecha de Desbloqueo","netSpent":"Gastos netos:","buy":"Comprar","buyPackage":"Comprar __package__","moreInformation":"Más información","regionUnavailable":"No disponible en tu región","avgPrice_3cards":"Precio medio de tres cromos: __price__","groups_leaveGroupsConfirm":"¿Estás seguro de que quieres abandonar __n__ grupos seleccionados?","groups_manageGroups":"Administrar grupos","groups_actionGroups":"Seleccione los grupos de abajo sobre los que desea tomar medidas.","groups_select":"Seleccionar:","groups_leave":"Abandonar Grupos","groups_selected":"__n__ seleccionado(s).","groups_leaveAdminConfirm_currentlyAdmin":"Actualmente eres administrador/a de __name__.","groups_leaveAdminConfirm_wantToLeave":"¿Estás seguro de que quieres dejar este grupo?","export_wishlist":"Exportar lista de deseados","export_type":"Exportar tipo","export_format":"Formato de texto","export_text":"Texto","export_download":"Descargar","export_copyClipboard":"Copiar al portapapeles","none":"Ninguno","emptyWishlist_title":"Vaciar lista de deseados","emptyWishlist_confirm":"Are you sure you want to empty your wishlist? This action cannot be undone!","emptyWishlist_removing":"Removiendo aplicación __cur__ de __total__...","about":"Acerca de","never":"Nunca","couponAvailable":"¡Tienes un cupón disponible!","launchRandom":"Lanzar juego al azar","playGame":"¿Jugar a __gamename__?","dropsValue":"Obtención Más Valiosa","cardsRemain":"Menor cantidad de cartas restantes para completar el set","wishlist":"Lista de deseados","onWishlist":"On wishlist","onWaitlist":"En lista de espera","onWishlistAndWaitlist":"On wishlist and Waitlist","cancel":"Cancelar","wikiArticle":"Ver artículo de __pcgw__","viewAll":"VER TODOS","gamesWithBooster":"__boostergames__ juegos elegibles para packs de refuerzo","sortBy":"Ordenar por:","playtime":"Tiempo de juego","awards":"Trofeos","year":"Año","lastonline":"Última conexión","members":"Miembros","name":"Nombre","drmThirdPartySub":"Advertencia: Uno o más títulos en este paquete usa DRM de terceros __drmlist__.","customize":"Personalizar","bundleSavingText":"Esto es lo que ahorras al comprar este pack","thewordoptions":"Opciones","discussions":"Discusiones","pricing_lowestPrice":"El mejor actual:","pricing_historicalLow":"El mínimo histórico:","pricing_bundled":"En el paquete:","pricing_withVoucher":"con cupón __voucher__","pricing_store":"at&nbsp;__store__\n","pricing_bundleCount":"__count__ veces","webBrowserChat":"Chat en navegador web","steamClientChat":"Chat en Steam","equipOnProfile":"Equipar en Perfil","previewBackground":"Vista previa del Fondo","expandSlider":"Ampliar el control deslizante","contractSlider":"Contraer el control deslizante","earlyAccess":"Early access","tagShort":"Usa etiquetas cortas para ahorrar espacio","noPriceData":"No hay datos de precios disponibles","userScore":"Puntuación de usuarios","marketPopularItemsToggle":"Activar actualización en vivo para Artículos Populares","showProgressbar":"Mostrar el progreso y la barra de estado de Augmented Steam","achievements_option":"Mostrar logros en las páginas de la tienda","achievements_summary":"__unlocked__ de __total__ (__percentage__%) logros desbloqueados:","bundle_offerEnds":"Oferta finalizada","bundle_includes":"Incluye __num__ artículos","bundle_tierIncludes":"__tier__ (__price__) incluye __num__ artículos","bundle_tier":"Nivel __num__","bundle_header":"Packs que incluyen este juego","bundle_info":"Datos del paquete","charts_peakall":"máximo histórico","charts_current":"Jugadores actuales","charts_playingNow":"jugando ahora","charts_peaktoday":"máximo de hoy","hltb_title":"Tiempo para completar","hltb_mainE":"Historia y extras","hltb_compl":"Completista","hltb_main":"Historia principal","options_friendsAndGroups":"Friends and Groups","options_friendsAppendNickname":"Append nicknames to friends' names","options_settingsMngmt_import":"Importar","options_settingsMngmt_importSuccess":"Configuración importada con éxito","options_settingsMngmt_importFail":"No se pudo importar la configuración","options_settingsMngmt_export":"Exportar","options_settingsMngmt_reset":"Reiniciar","options_showCustomThemes":"Mostrar temas personalizados","options_communityDefaultTab":"Pestaña predeterminada de la página de inicio de la comunidad","options_videos":"Videos","options_broadcasts":"Transmisiones","options_artwork":"Ilustraciones","options_screenshots":"Capturas de pantalla","options_showBacktotop":"Mostrar botón de volver al principio en páginas largas","options_contextMenu":"Menú Contextual","options_contextSteamStore":"Buscar '__query__' en la Tienda de Steam","options_contextSteamMarket":"Buscar '__query__' en el Mercado de Steam","options_contextItad":"Buscar '__query__' en IsThereAnyDeal\n","options_contextBartervg":"Buscar '__query__' en Barter.vg","options_contextSteamdb":"Buscar '__query__' en SteamDB","options_contextSteamdbInstant":"Buscar instantáneamente '__query__' en SteamDB","options_contextSteamKeys":"Activar claves de producto de Steam dentro de la selección","options_wsgf":"Mostrar información WSGF (panorámico)","options_versionShow":"Mostrar registro de cambios al actualizar Augmented Steam","options_steamcardexchange":"Mostrar enlaces de SteamCardExchange en las insignias","options_regionalPrice":"Comparación de Precios Regionales","options_excludef2p":"No destacar juegos gratis","options_profileLinkImagesNone":"Ninguno","options_profileLinks":"Opciones para enlaces a sitios de terceros","options_tag":"Etiqueta","options_icon":"Ícono","options_name":"Nombre","options_showAlternativeLinuxIcon":"Mostrar ícono alternativo de Linux","options_replacecommunityhublinks":"Reemplazar los enlaces de puntos de encuentro con los de la tienda","options_hideannouncementcomments":"Ocultar comentarios de todos los anuncios de grupos de forma predeterminada","options_hidetmsymbols":"Hide trademark and copyright symbols in game titles","options_metacritic":"Mostrar puntuaciones de los usuarios en Metacritic","options_opencritic":"Mostrar clasificación y reseñas de Opencritic","options_hideactivelistings":"Ocultar todos los anuncios de venta activos en la página de inicio del mercado por defecto","options_showlowestmarketprice":"Mostrar el precio de mercado más bajo para tus anuncios","options_clear":"¿Estás seguro que quieres reiniciar todas las opciones? Esto no se puede deshacer.","options_coupon":"Artículos para los que tienes cupones","options_showPackageInfo":"Mostrar botón \"Información de Pack\" para todos los packs","options_wlbuttoncommunityapp":"Mostrar botón \"Añadir a la Lista de Deseados\" en los puntos de encuentro","options_removeguideslanguagefilter":"No filtrar guías automáticamente por idioma del usuario","options_confirmdeletecomment":"Mostrar confirmación al eliminar comentarios","options_disablelinkfilter":"Deshabilitar confirmación al acceder a sitios externos","options_regionalPriceOn":"Mostrar comparación de precios regionales","options_horizontalscrolling":"Habilitar el desplazamiento horizontal con la rueda del ratón","options_supportinfo":"Mostrar información de soporte","options_drm":"Mostrar advertencias de DRM de terceros","options_profileLinkImages":"Estilo de imagen de los enlaces de perfil y grupo","options_show1clickgoo":"Omitir confirmación al convertir artículos en gemas","options_hltb":"Mostrar información de HowLongToBeat.com","options_hidespamcomments":"Ocultar comentarios spam en artículos de Workshop y Perfiles","options_gift":"Artículos para los que tienes una copia de regalo","options_regionalPriceMouse":"Cuando se pasa el ratón","options_lowestpriceHeader":"Información del Historial de Precios","options_storesAll":"Comparar todas las tiendas","options_viewInCurrency":"Ver en:","options_showEarlyAccess":"Mostrar banners con imagen de Acceso Anticipado","options_profileLinkImagesGray":"Escala de grises","options_quickinv":"Mostrar botones de venta rápida en artículos de la comunidad de Steam","options_quickinvDiff":"Modificador de venta rápida:","options_sendAgeInfo":"Automáticamente enviar verificación de edad y omitir las advertencias de contenido para adultos","options_showdeckcompat":"Muestra los ratings de compatibilidad con Steam Deck en la lista de características (y busca la información cuando falta)","options_removebroadcasts":"Elimina por completo cualquier transmisión en vivo","options_exfgls":"Mostrar un aviso si el juego está excluido del Préstamo Familiar de Steam","options_mp4video":"Forzar que los videos estén en formato MP4","options_youtube":"Mostrar enlaces de YouTube","options_twitch":"Mostrar enlaces de Twitch","options_pcgw":"Mostrar enlaces de PCGamingWiki","options_completionistme":"Mostrar enlaces de Completionist.me","options_protondb":"Mostrar enlaces de ProtonDB","options_storeSteamcards":"Mostrar enlaces de SteamCardExchange","options_spamcommentregex":"Expresión Regular (RegEx):","options_regionalHideworld":"Esconder globo indicador","options_showAstatslink":"Mostrar enlaces de AStats","options_showYoutubegameplay":"Mostrar enlaces de \"gameplays de YouTube\"","options_showYoutubereviews":"Mostrar enlaces de \"reseñas de YouTube\"","options_openinnewtab":"Abrir enlaces externos en una nueva pestaña","options_showbartervg":"Mostrar enlaces de Barter.vg","options_guest":"Artículos para los que posees un pase de invitado","options_collection":"Artículos en tu Colección ITAD","options_waitlist":"Artículos en tu Lista de Espera de ITAD","options_showPlayersInfo":"Show player count information","options_showallstats":"Mostrar estadísticas de tiempo de juego en la página de \"Todos los Juegos\"","options_lowestpriceOnwishlist":"Mostrar al pasar el cursor sobre los artículos de la lista de deseados","options_steamrepapi":"Mostrar estado SteamRep en las páginas de perfil","options_profileSteamid":"Mostrar un enlace para ver SteamID","options_profilePinnedBg":"Fijar la posición del fondo de perfil mientras me mueva con la rueda del ratón","options_lowestprice":"Mostrar en las páginas de juegos","options_owned":"Artículos que tienes","options_itadlinks":"Mostrar enlaces de IsThereAnyDeal","options_steamdb":"Mostrar enlaces de SteamDB","options_profileLinkImagesColor":"Coloreado","options_showViewInLibrary":"Mostrar el botón \"Ver en Biblioteca\"","options_installSteamButton":"Botón \"Instalar Steam\"","options_replaceViewClient":"Reemplazar con \"Ver en Cliente\"","options_showEmptyWishlist":"Mostrar botón \"Vaciar Lista de Deseados\"","options_showWishlistStats":"Mostrar estadísticas de la lista de deseados","options_oneclickremovewl":"Omitir confirmación al remover artículos","options_userNotes_userNotes":"Notas de usuario","options_userNotes_app":"En páginas de juegos","options_userNotes_wishlist":"En mi lista de deseados","options_userNotes_loc":"Ubicación del almacenamiento","options_userNotes_syncedStorage":"Almacenamiento sincronizado/local","options_userNotes_local":"Base de datos local","options_inventoryNavText":"Mostrar navegación avanzada en la página de inventario","options_marketTotal":"Cargar automáticamente resumen de transacciones en el Mercado","options_lowestpriceCoupon":"Incluir códigos de cupones en la comparación de precios","options_general":"General","options_apppage":"Página del juego","options_market":"Mercado","options_inventory":"Inventario","options_profile":"Perfíl","options_group":"Grupo","options_friendActivity":"Feed de actividad de tus amigos","options_groupLinks":"Opciones para enlaces a sitios de terceros","options_showLanguagewarning":"Mostrar un aviso si se está navegando en otro idioma que no sea","options_homepage":"Página de inicio","options_homepageDefaultTab":"Página de inicio por defecto","options_homepageDefaultTabRemember":"Recordar anteriores","options_homepageDefaultTabNewreleases":"Novedades populares","options_homepageDefaultTabTopsellers":"Mejores vendidos","options_homepageDefaultTabUpcoming":"Populares Próximos","options_homepageDefaultTabSpecials":"Especiales","options_wishlist":"Artículos en tu lista de deseados","options_addAnotherRegion":"Añadir","options_skipGotSteam":"Omitir la ventana de \"¿Tienes Steam?\"","options_storeGeneralThirdparty":"Opciones para información de sitios de terceros","options_purchaseDates":"Mostrar fecha de compra en las páginas de la tienda","options_showBadgeProgress":"Mostrar progreso de la insignia en las páginas de la tienda","options_showCoupon":"Mostrar el cupón de Steam relevante","options_showWishlistLink":"Mostrar un enlace a la lista de deseados en los perfiles","options_showWishlistCount":"Mostrar el número de artículos en la lista de deseados","options_profileShowcaseTwitch":"Añadir un anuncio para Twitch.tv si hay un enlace","options_profileShowcaseOwnTwitch":"... incluyendo tu propio perfil","options_profileShowcaseTwitchProfileonly":"... sólo si el enlace está en el Resumen de Perfil","options_lang_english":"inglés","options_lang_brazilian":"portugués de Brasil","options_lang_bulgarian":"búlgaro","options_lang_czech":"checo","options_lang_danish":"danés","options_lang_dutch":"holandés","options_lang_finnish":"finlandés","options_lang_french":"francés","options_lang_greek":"griego","options_lang_german":"alemán","options_lang_hungarian":"húngaro","options_lang_italian":"italiano","options_lang_japanese":"japonés","options_lang_koreana":"coreano","options_lang_norwegian":"noruego","options_lang_polish":"polaco","options_lang_portuguese":"portugués","options_lang_russian":"ruso","options_lang_romanian":"rumano","options_lang_schinese":"chino simplificado","options_lang_spanish":"español","options_lang_latam":"español latinoamericano","options_lang_swedish":"sueco","options_lang_tchinese":"chino tradicional","options_lang_thai":"tailandés","options_lang_turkish":"turco","options_lang_ukrainian":"ucraniano","options_lang_vietnamese":"Vietnamita","options_addCustomLink":"Añadir enlace personalizado","options_autoDetect":"Auto-detectar","options_addToWaitlist":"Mostrar el menú desplegable \"Añadir a la Lista de Espera\" en las páginas de juegos","options_collectionBannerNotOwned":"Only show In Collection banner when I don't own the game on Steam","options_maintainers":"Responsables del proyecto","options_withHelpOf":"con mucha ayuda de nuestros __contributors__","options_contributors":"maravillosos colaboradores","options_aboutDesc":"Augmented Steam es una bifurcación de la extensión Enhanced Steam.","options_aboutDescLinks":"Visitá la __página__ o el __discord__ de la extensión para más información.","options_footerFork":"una bifurcación por IsThereAnyDeal","options_footerAuthor":"jshackles del autor original","ready_loading":"Cargando datos de Augmented Steam...","ready_ready":"Augmented Steam está listo","ready_failed":"__amount__ solicitud(es) fallida(s), compruebe la consola del navegador para más información","ready_serverOutage":"Los servidores de Augmented Steam están actualmente sobrecargados","twitch_nowStreaming":"__username__ está transmitiendo en vivo en Twitch","twitch_viewers":"Espectadores","dlcSelect_wishlistedDlc":"Seleccione DLC en la Lista de Deseados","dlcSelect_none":"No seleccionar nada","dlcSelect_unownedDlc":"Seleccionar DLC que no tienes","tag_wishlist":"Lista de Deseados","tag_coupon":"Cupón","tag_invGift":"Regalo","tag_invGuestpass":"Pase de invitado","tag_owned":"Comprado","tag_notinterested":"Ignorado","tag_ignoredOwned":"Ignored (owned)","tag_collection":"Coleccionado","tag_waitlist":"En la lista de espera","wallet_customAmount":"Agregar monto personalizado","wallet_customAmountText":"Cualquier cantidad superior a __minamount__","wallet_customGiftcard":"Seleccione una tarjeta de regalo personalizada de __input__","wsgf_incomplete":"Incompleto","wsgf_unsupported":"Esta puntuación se otorga a los juegos que no tienen soporte __type__.  El juego puede ser incompatible en __type__, o su imagen se estira para ajustarse al monitor.  No se conserva la relación de aspecto correcta.","wsgf_gold":"Esta medalla se otorga a los juegos que han recibido una puntuación perfecta del WSGF por su soporte __type__ y está certificada para __type__.","wsgf_silver":"Esta medalla se otorga a los juegos que han recibido una calificación calculada de B por su soporte __type__. Todos estos juegos no tienen grandes defectos, pero tienen al menos uno que impide que su puntuación sea perfecta.","wsgf_limited":"Esta puntuación se otorga a los juegos que han recibido una calificación calculada de C por su soporte __type__. Todos estos juegos tienen cierto nivel de soporte para __type__ pero tienen problemas importantes.","wsgf_certifications":"Certificaciones de Pantalla Ancha del WSGF","itad_enableSyncLibrary":"Enable library sync","itad_enableSyncWishlist":"Enable wishlist sync","itad_import":"Importar periódicamente:","itad_lastImport":"Last import","itad_from":"from ITAD","itad_to":"to ITAD","itad_syncNow":"Sincronizar ahora","itad_info_itadSteam":"Conectar Augmented Steam con IsThereAnyDeal te permite aplicar el resaltado y etiquetado de Augmented Steam a los juegos de tu Lista de Espera y de tu Colección incluso si no los tienes en Steam.","itad_info_steamItad":"Además, te permite importar juegos de tu Biblioteca de Steam y/o Lista de Deseados a IsThereAnyDeal, para mejorar la precisión (por ejemplo, DLC o juegos no listados). Actualmente esta función sólo puede añadir títulos, no eliminarlos, por lo que no sustituye a la sincronización integrada de IsThereAnyDeal, sino que es una adición a la misma.","tradeoffer_numItem":"__num__ artículo","tradeoffer_numItems":"__num__ artículos","tradeoffer_back":"Volver a las Ofertas de Intercambio","update_dontShow":"No mostrar de nuevo","update_updated":"Augmented Steam se ha actualizado a la versión __version__","update_changes":"Ver todos los cambios en GitHub","register_success":"__gamename__ se ha activado con éxito","register_owned":"Esta cuenta de Steam ya tiene los productos incluidos en esta oferta.","register_notavail":"Lo sentimos, pero este producto no está disponible para su compra en este país. No se ha canjeado tu clave de producto.","register_invalid":"La clave de producto que has introducido no es válida. Por favor vuelve a verificar para ver que no esté mal escrita.","register_already":"La clave de producto que ingresaste ya se ha activado en otra cuenta de Steam.","register_dlc":"La clave de producto que has introducido necesita que tengas otro producto base antes de su activación.","register_wallet":"La clave que has introducido es de una tarjeta de regalo de Steam o de saldo de la cartera.","register_toomany":"Han habido demasiados intentos de activación desde esta cuenta.  Por favor espera e inténtalo de nuevo más tarde.","register_default":"Ocurrió un error inesperado. Tu clave de producto no se ha canjeado. Por favor espera 30 minutos e inténtalo de nuevo.","wl_label":"estadísticas","wl_totalPrice":"valor actual","wl_inWishlist":"en lista de deseados","wl_onSale":"en descuento","wl_noPrice":"sin precio","wl_hidden":"aplicaciones ocultas","wl_hiddenTooltip":"Las aplicaciones que fueron removidas/no listadas y no son visibles en listas de deseos. Click para más detalles.","wl_removeTitle":"¿Remover este item de tu lista de deseos?","wl_removeConfirm":"¿Estás seguro de que quieres remover 'appid __appid__' de tu lista de deseos?","wl_removeConfirmWarn":"¡No puede volver a agregarse luego!","coll_totalTime":"tiempo total","coll_inCollection":"en colección","coll_played":"jugado","coll_neverPlayed":"nunca jugado","userNote_add":"Añadir una nota","userNote_update":"Actualizar nota","userNote_addForGame":"Nota para __gamename__","userNote_notEnoughSpace":"No hay suficiente espacio para guardar la nota","userNote_notEnoughSpaceDesc":"Augmented Steam no puede guardar más notas de usuario ya que su adaptador de almacenamiento utilizado no permite guardar más datos (intentando utilizar el ~__perc__% de la capacidad de almacenamiento).","userNote_closeOnStorage":"Te estás quedando con poco almacenamiento","userNote_closeOnStorageDesc":"Augmented Steam está cerca de no poder guardar más notas de usuario (~__perc__% de uso de almacenamiento) con su adaptador de almacenamiento actual.","userNote_storageWarningDesc":"Puede optar por almacenar sus notas de usuario en una base de datos local (sin sincronización) o continuar utilizando el método de almacenamiento proporcionado por su navegador (donde las nuevas notas se pueden agregar solo si elimina algunas antiguas).","userNote_saveSyncedStorage":"Continuar usando el almacenamiento sincronizado","userNote_saveLocal":"Almacenar notas localmente","userNote_syncOption":"Sync notes automatically","userNote_syncInfo_1":"You can sync your notes between Augmented Steam and IsThereAnyDeal. If you enable automatic sync, notes will be periodically fetched from ITAD. Edits via Augmented Steam will be mirrored to ITAD immediately.","userNote_syncInfo_2":"You can also manually push or pull notes between Augmented Steam and IsThereAnyDeal. We advise you to do so before enabling automatic sync, to ensure the correct version of the note is used, in case you have different notes stored for the same game.","userNote_syncInfo_3":"You can see all your notes stored in the Notes and Tags section on IsThereAnyDeal.","userNote_syncButtonPush":"Push notes to\nIsThereAnyDeal","userNote_syncButtonPull":"Pull notes from\nIsThereAnyDeal","userNote_syncPulled":"__n__ note(s) were pulled from IsThereAnyDeal","userNote_syncPushed":"__n__ note(s) were pushed to IsThereAnyDeal","userNote_syncFailed":"__n__ note(s) failed to sync","userNote_syncError":"Your note failed to sync","userNote_syncErrorEmpty":"Note is empty","userNote_syncErrorUnknown":"ITAD does not know this game","userNote_syncErrorLength":"Note is too long (__length__, max: __max__)","queue_new":"Nueva Cola","queue_newTooltip":"Retira este producto de la cola y comenzar una nueva cola.","workshop_workshop":"Workshop","workshop_subscriptions":"Suscripciones","workshop_subscribeAll":"Suscribirse a Todo","workshop_subscribeConfirm":"¿Estás seguro de que quieres suscribirte a __count__ artículos de workshop con estos filtros?","workshop_subscribeLoading":"Suscribiéndose a __i__/__count__ artículos de workshop, por favor espera...","workshop_unsubscribeAll":"Cancelar suscripción a todo","workshop_unsubscribeConfirm":"¿Estás seguro de que quieres cancelar a suscripción a __count__ artículos de workshop con estos filtros?","workshop_unsubscribeLoading":"Cancelando suscripción de __i__/__count__ artículos de workshop, por favor espera...","workshop_finished":"¡Terminado! __sucess__ exitoso(s), __fail__ fallado(s). Haz clic en OK para refrescar la página","workshop_failed":"__n__ falló/fallaron","originalAuthors":"Autores originales","acknowledgements":"Agradecimientos","countries_ad":"Andorra","countries_ae":"Emiratos Árabes Unidos","countries_af":"Afganistán","countries_ag":"Antigua y Barbuda","countries_ai":"Anguila","countries_al":"Albania","countries_am":"Armenia","countries_an":"Antillas Neerlandesas","countries_ao":"Angola","countries_ar":"Argentina","countries_as":"Samoa Americana","countries_at":"Austria","countries_au":"Australia","countries_aw":"Aruba","countries_az":"Azerbaiyán","countries_ba":"Bosnia y Herzegovina","countries_bb":"Barbados","countries_bd":"Bangladesh","countries_be":"Bélgica","countries_bf":"Burkina Faso","countries_bg":"Bulgaria","countries_bh":"Baréin","countries_bi":"Burundi","countries_bj":"Benín","countries_bm":"Bermudas","countries_bn":"Brunéi","countries_bo":"Bolivia","countries_br":"Brasil","countries_bs":"Bahamas","countries_bt":"Bután","countries_bv":"Isla Bouvet","countries_bw":"Botsuana","countries_by":"Bielorrusia","countries_bz":"Belice","countries_ca":"Canada","countries_cd":"Congo-Kinsasa","countries_cf":"República Centroafricana","countries_cg":"Congo-Brazzaville","countries_ch":"Suiza","countries_ci":"Costa de Marfil","countries_ck":"Islas Cook","countries_cl":"Chile","countries_cm":"Camerún","countries_cn":"China","countries_co":"Colombia","countries_cr":"Costa Rica","countries_cu":"Cuba","countries_cv":"Cabo Verde","countries_cy":"Chipre","countries_cz":"República Checa","countries_de":"Alemania","countries_dj":"Yibuti","countries_dk":"Dinamarca","countries_dm":"Dominica","countries_do":"República Dominicana","countries_dz":"Argelia","countries_ec":"Ecuador","countries_ee":"Estonia","countries_eg":"Egipto","countries_eh":"Sahara Occidental","countries_er":"Eritrea","countries_es":"España","countries_et":"Etiopía","countries_fi":"Finlandia","countries_fj":"Fiyi","countries_fk":"Islas Malvinas","countries_fm":"Micronesia","countries_fo":"Islas Faroe","countries_fr":"Francia","countries_ga":"Gabon","countries_gb":"United Kingdom","countries_gd":"Grenada","countries_ge":"Georgia","countries_gf":"French Guiana","countries_gg":"Guernsey","countries_gh":"Ghana","countries_gi":"Gibraltar","countries_gl":"Greenland","countries_gm":"Gambia","countries_gn":"Guinea","countries_gp":"Guadeloupe","countries_gq":"Equatorial Guinea","countries_gr":"Greece","countries_gs":"South Georgia","countries_gt":"Guatemala","countries_gu":"Guam","countries_gw":"Guinea-Bissau","countries_gy":"Guyana","countries_hk":"Hong Kong SAR China","countries_hm":"Heard Island and McDonald Islands","countries_hn":"Honduras","countries_hr":"Croatia","countries_ht":"Haiti","countries_hu":"Hungary","countries_id":"Indonesia","countries_ie":"Ireland","countries_il":"Israel","countries_im":"Isle of Man","countries_in":"India","countries_io":"British Indian Ocean Territory","countries_iq":"Iraq","countries_ir":"Iran","countries_is":"Iceland","countries_it":"Italy","countries_je":"Jersey","countries_jm":"Jamaica","countries_jo":"Jordan","countries_jp":"Japan","countries_ke":"Kenya","countries_kg":"Kyrgyzstan","countries_kh":"Cambodia","countries_ki":"Kiribati","countries_km":"Comoros","countries_kn":"Saint Kitts and Nevis","countries_kp":"North Korea","countries_kr":"South Korea","countries_kw":"Kuwait","countries_ky":"Cayman Islands","countries_kz":"Kazakhstan","countries_la":"Laos","countries_lb":"Lebanon","countries_lc":"Saint Lucia","countries_li":"Liechtenstein","countries_lk":"Sri Lanka","countries_lr":"Liberia","countries_ls":"Lesotho","countries_lt":"Lithuania","countries_lu":"Luxembourg","countries_lv":"Latvia","countries_ly":"Libya","countries_ma":"Morocco","countries_mc":"Monaco","countries_md":"Moldova","countries_me":"Montenegro","countries_mg":"Madagascar","countries_mh":"Marshall Islands","countries_mk":"Macedonia","countries_ml":"Mali","countries_mm":"Myanmar [Burma]","countries_mn":"Mongolia","countries_mo":"Macau SAR China","countries_mp":"Northern Mariana Islands","countries_mq":"Martinique","countries_mr":"Mauritania","countries_ms":"Montserrat","countries_mt":"Malta","countries_mu":"Mauritius","countries_mv":"Maldives","countries_mw":"Malawi","countries_mx":"Mexico","countries_my":"Malaysia","countries_mz":"Mozambique","countries_na":"Namibia","countries_nc":"New Caledonia","countries_ne":"Niger","countries_nf":"Norfolk Island","countries_ng":"Nigeria","countries_ni":"Nicaragua","countries_nl":"Netherlands","countries_no":"Norway","countries_np":"Nepal","countries_nr":"Nauru","countries_nu":"Niue","countries_nz":"New Zealand","countries_om":"Oman","countries_pa":"Panama","countries_pe":"Peru","countries_pf":"French Polynesia","countries_pg":"Papua New Guinea","countries_ph":"Philippines","countries_pk":"Pakistan","countries_pl":"Poland","countries_pm":"Saint Pierre and Miquelon","countries_pn":"Pitcairn Islands","countries_pr":"Puerto Rico","countries_ps":"Palestinian Territories","countries_pt":"Portugal","countries_pw":"Palau","countries_py":"Paraguay","countries_qa":"Qatar","countries_re":"Réunion","countries_ro":"Romania","countries_rs":"Serbia","countries_ru":"Russia","countries_rw":"Rwanda","countries_sa":"Saudi Arabia","countries_sb":"Solomon Islands","countries_sc":"Seychelles","countries_sd":"Sudan","countries_se":"Sweden","countries_sg":"Singapore","countries_sh":"Saint Helena","countries_si":"Slovenia","countries_sk":"Slovakia","countries_sl":"Sierra Leone","countries_sm":"San Marino","countries_sn":"Senegal","countries_so":"Somalia","countries_sr":"Suriname","countries_st":"São Tomé and Príncipe","countries_sv":"El Salvador","countries_sy":"Syria","countries_sz":"Swaziland","countries_tc":"Turks and Caicos Islands","countries_td":"Chad","countries_tf":"French Southern Territories","countries_tg":"Togo","countries_th":"Thailand","countries_tj":"Tajikistan","countries_tk":"Tokelau","countries_tl":"Timor-Leste","countries_tm":"Turkmenistan","countries_tn":"Tunisia","countries_to":"Tonga","countries_tr":"Turkey","countries_tt":"Trinidad and Tobago","countries_tv":"Tuvalu","countries_tw":"Taiwan","countries_tz":"Tanzania","countries_ua":"Ukraine","countries_ug":"Uganda","countries_um":"U.S. Minor Outlying Islands","countries_us":"United States","countries_uy":"Uruguay","countries_uz":"Uzbekistan","countries_va":"Vatican City","countries_vc":"Saint Vincent and the Grenadines","countries_ve":"Venezuela","countries_vg":"British Virgin Islands","countries_vi":"U.S. Virgin Islands","countries_vn":"Vietnam","countries_vu":"Vanuatu","countries_wf":"Wallis and Futuna","countries_ws":"Samoa","countries_ye":"Yemen","countries_yt":"Mayotte","countries_za":"South Africa","countries_zm":"Zambia","countries_zw":"Zimbabwe"}}