{"stats":{"strings":812,"translated":537},"strings":{"deleteCommentPrompt":"Haluatko varmasti poistaa tämän kommentin?","downloadDemoHeader":"Lataa __gamename__ Demo","deckCompat_header":"Steam Deck yhteensopivuus","deckCompat_unknown":"Tuntematon","deckCompat_unsupported":"Ei tuettu","deckCompat_playable":"Pelattavissa","deckCompat_verified":"Vahvistettu","featureHint_desc":"Haluatko ottaa seuraavan ominaisuuden käytöön?","featureHint_reminder":"Voit muuttaa valintaasi asetusten kautta myöhemmin.","thewordyes":"Kyllä","thewordno":"Ei","theworderror":"Virhe","noData":"Ei dataa","toomanyrequests":"Liian Monta Pyyntöä","showComments":"Näytä kommentit","hideComments":"Piilota kommentit","thewordunknown":"Unknown","calcWorkshopSize_fileSize":"Tiedosto koko __size__","calcWorkshopSize_calcSize":"Laskettu koko","calcWorkshopSize_calcLoading":"Lasketaan __i__/__count__ workshop tuotteita, odotathan...","calcWorkshopSize_calcFinished":"Valmis! Onnistuneesti laskettu __success__/__total__ tuotetta.","calcWorkshopSize_totalSize":"Koko: __size__","cart":"Ostoskärry","inCart":"Ostoskärryssä","steamidOfUser":"käyttäjän __user__ SteamID","copied":"Kopioitu leikepöydällesi!","viewSteamid":"Näytä SteamID","moreOnSteampeek":"Lisää SteamPeekissä","date":"Päivämäärä","rating":"Arvostelu","helpful":"Auttava","funny":"Hauska","length":"Pituus","visibility":"Näkyvyys","processing":"Käsittelee...","wait":"Odotathan","inviteFriends":"Kutsu ystäviä","inviteToGroup":"Kutsu ryhmään","inverse":"Vastakohta","transactionStatus":"__failed__ pyyntö/pyynnöt epäonnistui. Haettu __size__ / __total__ tapahtumasta.","customTags":"Mukautettu tägi","addTag":"Lisää tägi","enterTag":"Kirjoita mukautettu tägi jonka haluat lisätä","status":"Tila:","connect":"Yhdistä","connected":"Yhdistetty","disconnect":"Katkaise yhteys","disconnected":"Yhteys katkaistu","oneclickgoo":"Muuta jalokiviksi yhdellä klikkauksella...","viewInLibrary":"Näytä kirjastossa","support":"Tuki","email":"Sähköposti","contact":"Kontakti","favEmoticonsDragging":"Vedä emoji tähä lisätäksesi sen suosikiksi","favEmoticonsNoAccess":"Sinulla ei ole oikeuksia käyttää tätä emojia","postHistory":"Näytä viesti historia","addNickname":"Lisää Nimesi","totalSize":"Koko","dlcDetails":"Lisäsisällön tiedot","badgeNotUnlocked":"Ei avattu","badgeLevel":"Level __level__","each":"Kukin","viewInMarket":"Näytä yhteisön kauppapaikalla","remove":"Remove","getHelp":"Hae Apua","addSelectedDlcToCart":"Lisää valittu lisäsisältö ostoskoriin","close":"Sulje","error":"On tapahtunut virhe","go":"Siirry","activate":"Aktivoi tuote","activateMultipleHeader":"Syötä tuotekoodit alle, yksi koodi riviä kohden","activateMultiple":"Aktivoi useita tuotteita","activateProducts":"Aktivoi tuotteita","couponApplicationNote":"Tavaraluettelossasi oleva kuponki käytetään automaattisesti kassalla.","hide":"Piilota","filters":"Augmented Steam suodattimet","cardsOwned":"__owned__ / __possible__ korttia kerätty","libraryMenu":"Kokoelma","clearCache":"Tyhjennä välimuistin tiedot","translation":"Käännökset","helpTranslate":"Auta meitä kääntämään Augmented Steam POEditorilla","lowest":"Matalin","lowestPrice":"Tämänhetkinen Alin Hinta:","viewBadgeProgress":"Näytä merkin edistyminen","badgeProgress":"Näytä merkkien edistyminen","salesTotal":"Myyntitulot yhteensä:","viewNormalBadge":"Näytä tavallisen merkin edistyminen","apppageSections":"Valitse osastot jotka haluat nähdä tällä sivulla","website":"Verkkosivu","games":"Pelit","badgeCompletionCost":"Merkin viimeistelyn hinta: __cost__","loading":"Ladataan...","selling":"Myydään...","quickSell":"Myy nopeasti hintaan __amount__","quickSellDesc":"__modifier__ hintaero verrattuna halvimpaan Steam Marketissa listattuun hintaan","instantSell":"Myy välittömästi hintaan __amount__","instantSellDesc":"Korkein Steam Marketissa listattu hinta","quickSellVerify":"Steam Gruad vahvistus vaaditaan","startingAt":"Alkaen: __price__","homepageTabs":"Kotisivu välilehdet","store":"Kauppa","viewInStore":"Katso Kauppa","communityHub":"Yhteisö Hubi","viewOnWebsite":"Näytä __website__ verkkosivulla","drmThirdParty":"Varoitus: Tämä tuote käyttää kolmannen osapuolen DRM-suojausta __drmlist__!","hoursShort":"__hours__ tuntia","spamCommentShow":"__num__ roskaviestiä piilotettu tältä sivulta.  Paina tästä nähdäksesi ne.","addToWishlist":"Lisää toivelistalle","addFullgameToWishlist":"Add full game to your wishlist","addToWaitlist":"Lisää Odotuslistallesi","addFullgameToWaitlist":"Add full game to your Waitlist","removeFromWaitlistTooltip":"Poista odotuslistaltasi","removeFullgameFromWaitlistTooltip":"Remove full game from your Waitlist","removeFromWishlistAndWaitlistTooltip":"Poista sekä toive- ja odotuslistaltasi","removeFullgameFromWishlistAndWaitlistTooltip":"Remove full game from both your wishlist and Waitlist","language":"Kieli","theworddefault":"Oletusarvo","thewordclear":"Tyhjää","couponLearnMore_linkText":"Lue lisää","couponLearnMore_fullText":"__linkdesc__ lisää Steam kupongeista","show":"Näytä","showAll":"Näytä kaikki","badgesAll":"Kaikki merkit","esSupporter":"Enhanced Steamin tukija","community":"Yhteisö","ownedCollection":"__gametitle__ is already in your IsThereAnyDeal Collection","viewBadge":"Näytä merkki","purchaseTotal":"Ostokset yhteensä:","viewFoilBadge":"Näytä kiiltomerkin edistyminen","viewAstats":"Näytä AStats-sivu","contribute":"Osallistu (GitHub)","reviews":"Arvostelut","readReviews":"Lue arvostelut","readMoreReviews":"Lue lisää arvosteluja","youtubeGameplay":"YouTube pelivideo","youtubeReviews":"YouTube arvostelut","packageInfo":"Paketin tiedot","badgeCompletionAvg":"Viimeistelyn keskimääräinen hinta: __cost__","volumeSoldLast_24":"Määrä: __sold__ myyty viimeisen 24 tunnin sisällä","soldLast_24":"__sold__ myyty viimeisen 24 tunnin sisällä","homepageCurators":"Steam Curatoreiden suosituksia","homepageTopnewreleases":"Menestyvät Steam julkaisut","homepageSidebar":"Sivupalkki","dropCalc":"Klikkaa tästä laskeaksesi jäljelläolevien droppien määrä","price":"Hinta","marketTransactions":"Kauppapaikan ostotapahtumat","loadMarketStats":"Lataa Market tilastot","cardDropsRemaining":"__drops__ löydettävä(ä) kortti(a) puuttuu","badgesDrops":"Merkit, joista puuttuu löydettävissä olevia kortteja","usingLanguageReturn":"Click here to browse Steam in __base__.","guides":"Oppaat","highlight":"Korosta","save":"Tallenna","view":"Katso","gameName":"Pelin nimi","notinterested":"Esineet merkattu ei kiinnostaviksi","ignoredOwned":"Games you ignored as played on different platform","searchFilters_reviewsScore_between":"Arvostelu tulos __lower__% & __upper__% välillä","searchFilters_reviewsScore_any":"Kaikki arvostelu tulokset","searchFilters_reviewsScore_upTo":"Jopa __score__% arvostelu tulokset","searchFilters_reviewsScore_from":"Alkaen __score__% arvostelu tulokset","searchFilters_reviewsCount_count":"Arvioiden määrä:","searchFilters_reviewsCount_minCount":"Minimi määrä","searchFilters_reviewsCount_maxCount":"Maksimi määrä","searchFilters_discountPercent_count":"Alennusprosentti:","searchFilters_discountPercent_minCount":"Min %","searchFilters_discountPercent_maxCount":"Max %","searchFilters_hideCart":"Piilota tuotteet Ostoskärryssä","searchFilters_hideEa":"Piilota Early Access tuotteet","searchFilters_hideMixed":"Piilota tuotteet joilla vaihteleva arvostelu","searchFilters_hideNegative":"Piilota tuotteet joilla negatiivinen arvostelu","news":"Uutiset","viewinclient":"Näytä Steam-ohjelmassa","customBackground":"Mukautettu taustakuva","customStyle":"Mukautettu Teema","customStyleHelp":"Kaikki Augmented Steam:in käyttäjät näkevät tämän teeman profiilissasi. Käyttäjät joilla ei ole Augmented Steam:ia eivät näe täällä tehtyjä teeman muutoksia.","noneselected":"Ei valittu / Ei muutosta","mostDrops":"Eniten löydettäviä kortteja","netGain":"Nettotulot:","apppageRecentupdates":"Viimeisiä tapahtumia & tiedotteita","apppageEaheader":"Early Access -infolaatikko","apppageEabanner":"Early Access -keskustelubanneri","apppageWorkshop":"Steam Workshop -banneri","apppageGreenlight":"Steam Greenlight -banneri","apppageLegal":"Lakitietoja","apppageFranchise":"Sarja","apppageMorefromfranchise":"Lisää sarjalta","bugFeature":"Raportoi Virhe / Ehdota Uutta Toimintoa","always":"Aina","ratingDetails":"Näytä pisteytyksen lisätiedot","dropsWorthAvg":"Arvoltaan noin","familySharingNotice_notice":"Huomio:","familySharingNotice_desc":"Tämä peli ei sisälly Steam Family Sharingiin.","visitStore":"Vieraile kauppasivulla","all":"Kaikki","externalFunds":"Käytetyt ulkoiset varat","shoppingCartHistory":"Tarkastele Ostoskärryn historiaa","manageWebapiKey":"Hallitse Steam Web API avaimiasi","steamCloudHeader":"Steam Cloud","steamCloudSaves":"Tarkastele Cloud tallennuksia","gamesWithDrops":"__dropsgames__ peliä, joista puuttuu löydettäviä kortteja","binderView":"Kansionäkymä","usingLanguage":"You are browsing Steam in __current__.","loginWarning":"Varmista, että olet kirjautunut __link__, jotta kaikki Augmented Steam ominaisuudet toimivat.","visitTradeForum":"Vieraile vaihtofoorumilla","purchaseDate":"(Ostettu __date__)","customBackgroundHelp":"Kaikki Augmented Steamin käyttäjät näkevät tämän taustakuvan profiilissasi.  Muut käyttäjät näkevät tavallisen taustakuvasi.","dateUnlocked":"Avattu","netSpent":"Nettomenot:","buy":"Osta","buyPackage":"Osta __package__","moreInformation":"Lisätietoja","regionUnavailable":"Tämä tuote ei ole saatavilla alueellasi","avgPrice_3cards":"Kolmen keräilykortin keskiarvo: __price__","groups_leaveGroupsConfirm":"Haluatko varmasti poistua __n__ valituista ryhmistä?","groups_manageGroups":"Ylläpidä ryhmiä","groups_actionGroups":"Valitse alta ryhmät joita haluat muuttaa.","groups_select":"Valitse:","groups_leave":"Poistu ryhmästä","groups_selected":"__n__ valittu.","groups_leaveAdminConfirm_currentlyAdmin":"Olet ryhmän __name__ ylläpitäjä.","groups_leaveAdminConfirm_wantToLeave":"Haluatko varmasti poistua tästä ryhmästä?","export_wishlist":"Vie toivelista","export_type":"Vie tyyppi","export_format":"Tekstimuoto","export_text":"Teksti","export_download":"Lataa","export_copyClipboard":"Kopioi leikepöydälle","none":"Ei mitään","emptyWishlist_title":"Tyhjennä toivelista","emptyWishlist_confirm":"Haluatko varmasti tyhjentää toivelistasi? Tätä toimintoa ei voi perua!","emptyWishlist_removing":"Poistetaan sovellusta __cur__ __total__ista...","about":"Tietoja","never":"Ei koskaan","couponAvailable":"Sinulla on kuponki käytettävissäsi!","launchRandom":"Käynnistä satunnainen peli","playGame":"Pelaa __gamename__:ä?","dropsValue":"Arvokkaimmat kortit","cardsRemain":"Vähiten kortteja täyteen settiin","wishlist":"Toivelista","onWishlist":"Toivelistalla","onWaitlist":"Odotuslistallasi","onWishlistAndWaitlist":"Toive- sekä odotuslistallasi","cancel":"Peruuta","wikiArticle":"Näytä __pcgw__ -artikkeli","viewAll":"NÄYTÄ KAIKKI","gamesWithBooster":"__boostergames__ peliä, joihin voit saada lisäkorttipaketteja","sortBy":"Lajitteluperuste:","playtime":"Peliaika","awards":"Palkinnot","year":"Vuosi","lastonline":"Viimeksi online-tilassa","members":"Jäsen","name":"Nimi","drmThirdPartySub":"Varoitus: Yksi tai useampi nimike tässä paketissa käyttää kolmannen osapuolen DRM:ää __drmlist__.","customize":"Kustomointi","bundleSavingText":"Säästät tämän verran ostamalla paketissa","thewordoptions":"Asetukset","discussions":"Keskustelut","pricing_lowestPrice":"Paras juuri nyt:","pricing_historicalLow":"Entinen paras:","pricing_bundled":"Paketissa:","pricing_withVoucher":"kupongilla __voucher__","pricing_store":"__store__&nbsp;kaupassa","pricing_bundleCount":"__count__ kertaa","webBrowserChat":"Selain keskustelu","steamClientChat":"Steam-keskustelu","equipOnProfile":"Lisää profiiliin","previewBackground":"Esikatsele taustakuvaa","expandSlider":"Laajenna liukusäädin","contractSlider":"Sopimus Liukusäädin","earlyAccess":"Early Access","tagShort":"Käytä lyhyitä avainsanoja tilan säästämiseksi","noPriceData":"Hintatietoja ei saatavilla","userScore":"Käyttäjän pistemäärä","marketPopularItemsToggle":"Vaihda live päivitys suosituille kohteille","showProgressbar":"Näytä Augmented Steamin edistyminen ja tilapalkki","achievements_option":"Näytä saavutukset kauppasivuilla","achievements_summary":"Saavutuksia ansaittu __unlocked__ / __total__ (__percentage__%):","bundle_offerEnds":"Tarjous päättyy","bundle_includes":"Sisältää __num__ esinettä","bundle_tierIncludes":"Tuoteryhmä __tier__ (__price__) sisältää __num__ esinettä","bundle_tier":"Tuoteryhmä __num__","bundle_header":"Paketit, jotka sisältävät tämän pelin","bundle_info":"Paketin tiedot","charts_peakall":"kaikkien aikojen korkein","charts_current":"Pelaajat","charts_playingNow":"pelaamassa nyt","charts_peaktoday":"päivän korkein","hltb_title":"Läpäisyn kesto","hltb_mainE":"Päätarina ja ekstrat","hltb_compl":"Perfektionisti","hltb_main":"Päätarina","options_friendsAndGroups":"Friends and Groups","options_friendsAppendNickname":"Append nicknames to friends' names","options_settingsMngmt_import":"Tuo","options_settingsMngmt_importSuccess":"Asetukset tuotu onnistuneesti","options_settingsMngmt_importFail":"Asetusten tuonti epäonnistui","options_settingsMngmt_export":"Vie","options_settingsMngmt_reset":"Palauta","options_showCustomThemes":"Näytä muokattavat teemat","options_communityDefaultTab":"Vakio yhteisön kotisivu","options_videos":"Videot","options_broadcasts":"Podcastit","options_artwork":"Taide","options_screenshots":"Kuvakaappaukset","options_showBacktotop":"Näytä palaa ylös nappi pitkillä sivuilla","options_contextMenu":"Kontekstivalikko","options_contextSteamStore":"Hae Steam Storea hakusanalla '__query__'","options_contextSteamMarket":"Hae Steam Markettia hakusanalla '__query__'","options_contextItad":"Hae IsThereAnyDealia hakusanalla '__query__'","options_contextBartervg":"Hae Barter.vgtä hakusanalla '__query__'","options_contextSteamdb":"Hae SteamDBtä hakusanalla '__query__'","options_contextSteamdbInstant":"Pikahae SteamDBtä hakusanalla '__query__'","options_contextSteamKeys":"Aktivoi Steam tuoteavain valinoilla","options_wsgf":"Näytä WSGF:n laajakuvatuen merkit","options_versionShow":"Näytä muutoslogi kun Enchanced Steam päivittää","options_steamcardexchange":"Näytä SteamCardExchange linkit merkkilistassa","options_regionalPrice":"Alueellinen hintavertailu","options_excludef2p":"Älä korosta ilmaispelejä.","options_profileLinkImagesNone":"Ei ikoneja","options_profileLinks":"Näytä linkit yhteisösivuille","options_tag":"Tunniste","options_icon":"Kuvake","options_name":"Nimi","options_showAlternativeLinuxIcon":"Näytä vaihtoehtoinen Linux-kuvake","options_replacecommunityhublinks":"Korvaa yhteisö hubin linkit store sivun linkeillä","options_hideannouncementcomments":"Piilota kommentit kaikkien ryhmä tiedotteiden alta vakiona","options_hidetmsymbols":"Hide trademark and copyright symbols in game titles","options_metacritic":"Näytä Metacriticin käyttäjien arviot","options_opencritic":"Näytä Opencritic.com tiedot","options_hideactivelistings":"Piilota aktiiviset listaukset Kauppapaikan kotisivulla","options_showlowestmarketprice":"Näytä pienin Market hinta listauksillesi","options_clear":"Haluatko varmasti nollata asetukset? Tätä ei voi kumota.","options_coupon":"Tuotteet joihin voit käyttää kuponkeja","options_showPackageInfo":"Näytä \"paketin tiedot\" nappula kaikille tuotteille","options_wlbuttoncommunityapp":"Näytä \"Lisää toivelistaan\" nappula tuotteiden yhteisökeskuksissa","options_removeguideslanguagefilter":"Älä suodata oppaita automaattisesti käyttäjän kielen mukaan","options_confirmdeletecomment":"Näytä vahvistus poistaessa kommentteja","options_disablelinkfilter":"Ohita vahvistus ulkopuolisille sivustoille siirryttäessä","options_regionalPriceOn":"Näytä alueellinen hintavertailu","options_horizontalscrolling":"Ota käyttöön vaakasuuntainen vieritys hiiren rullalla","options_supportinfo":"Näytä tuki tiedot","options_drm":"Näytä muun valmistajan DRM-suojaus varoitus","options_profileLinkImages":"Profiili ja ryhmä linkkien kuvien tyyli","options_show1clickgoo":"Näytä \"1-Click turn into Gems...\" nappi tavaraluettelossa","options_hltb":"Näytä HowLongToBeat.com arvio","options_hidespamcomments":"Piilota roskaposti Workshopin ja profiilien kommenteista","options_gift":"Tuotteet jotka omistat lunastamattomina lahjoina","options_regionalPriceMouse":"pitämällä hiirtä hinnan päällä","options_lowestpriceHeader":"Hintahistoria","options_storesAll":"Vertaile kaikkia kauppoja","options_viewInCurrency":"Näytä:","options_showEarlyAccess":"Näytä Early Access -merkinnät","options_profileLinkImagesGray":"Harmaasävy","options_quickinv":"Näytä pikamyynti-napit Steam Yhteisö-esineillä tavaralistassa","options_quickinvDiff":"Pikamyynnin kerroin:","options_sendAgeInfo":"Lähetä ikävahvistus automaattisesti","options_showdeckcompat":"Näytä Steam Deck yhteensopivuus arvio tuote tiedoissa (hae data jos puuttuu)","options_removebroadcasts":"Poista kokonaan suorat lähetykset","options_exfgls":"Näytä muistutus jos sovellus ei kuulu Family Sharingiin","options_mp4video":"Pakota videot MP4 formaattiin","options_youtube":"Näytä YouTube linkit","options_twitch":"Näytä Twitch linkit","options_pcgw":"Näytä PCGamingWiki linkit","options_completionistme":"Näytä Completionist.me linkit","options_protondb":"Näytä ProtonDB linkit","options_storeSteamcards":"Näytä SteamCardExchange-linkit kauppasivuilla","options_spamcommentregex":"Säännöllisen lausekkeen merkkijono:","options_regionalHideworld":"Piilota maapallo-kuvake","options_showAstatslink":"Näytä AStats-linkki sovellussivuilla","options_showYoutubegameplay":"Näytä \"YouTube pelivideo\" linkit","options_showYoutubereviews":"Näytä \"YouTube arvostelu\" linkit","options_openinnewtab":"Avaa ulkoiset linkit uudessa ikkunassa","options_showbartervg":"Näytä Barter.vg linkit","options_guest":"Tuotteet joihin sinulla on vierailulupa","options_collection":"ITAD kokoelmassasi","options_waitlist":"ITAD odotuslista","options_showPlayersInfo":"Show player count information","options_showallstats":"Näytä peliaika tieto \"Kaikki pelis\" sivulla","options_lowestpriceOnwishlist":"Näytä toivelistalla","options_steamrepapi":"Näytä SteamRep tila profiileissa","options_profileSteamid":"Näytä linkki nähdäksesi SteamIDit","options_profilePinnedBg":"Kiinnitä profiilin taustan paikka sivua vierittäessä","options_lowestprice":"Näytä","options_owned":"Tuotteet jotka omistat","options_itadlinks":"Näytä IsThereAnyDeal linkit","options_steamdb":"Näytä SteamDB linkit","options_profileLinkImagesColor":"Värillinen","options_showViewInLibrary":"Näytä \"Näytä kirjastossa\" nappi","options_installSteamButton":"\"Asenna Steam\" nappi","options_replaceViewClient":"Korvaa \"Näytä Steam-ohjelmassa\"","options_showEmptyWishlist":"Näytä \"Tyhjä Toivelista\" painike","options_showWishlistStats":"Näytä toivelista tilastot","options_oneclickremovewl":"Ohita varmistus poistaessa esineitä","options_userNotes_userNotes":"Käyttäjän muistiinpanot","options_userNotes_app":"Sovellukset sivuilla","options_userNotes_wishlist":"Toivelistallani","options_userNotes_loc":"Tallennustilan sijainti","options_userNotes_syncedStorage":"Synkronoitu / Paikallinen tallennustila","options_userNotes_local":"Paikallinen tietokanta","options_inventoryNavText":"Näytä edistynyt navigointi tavaraluettelossa","options_marketTotal":"Näytä maksutapahtumien yhteenveto kauppapaikalla","options_lowestpriceCoupon":"Ota kupongit huomioon hintavertailussa","options_general":"Yleiset asetukset","options_apppage":"Sovellus sivu","options_market":"Kauppapaikka","options_inventory":"Tavaralista","options_profile":"Profiili","options_group":"Ryhmä","options_friendActivity":"Kavereiden aktiivisuus syöte","options_groupLinks":"Asetukset kolmansien osapuolien sivustojen linkeille","options_showLanguagewarning":"Näytä varoitus, jos selaat muulla kielellä kuin","options_homepage":"Kotisivu","options_homepageDefaultTab":"Oletus kotisivu välilehti","options_homepageDefaultTabRemember":"Muista edelliset","options_homepageDefaultTabNewreleases":"Suosittuja uusia julkaisuja","options_homepageDefaultTabTopsellers":"Myydyimmät","options_homepageDefaultTabUpcoming":"Tulevat","options_homepageDefaultTabSpecials":"Erikoistarjoukset","options_wishlist":"Tuotteet toivelistallasi","options_addAnotherRegion":"Lisää","options_skipGotSteam":"Skippaa \"Onko sinulla Steam?\" ikkuna","options_storeGeneralThirdparty":"Informaatio Asetukset 3. Osapuolen sivustoilta","options_purchaseDates":"Näytä sovellusten osto data kauppa sivulla","options_showBadgeProgress":"Näytä merkin edistys kauppasivulla","options_showCoupon":"Näytä käytössä olevat Steam kupongit","options_showWishlistLink":"Näytä toivelistojen linkit profiileissa","options_showWishlistCount":"Näytä kohteiden määrä toivelistassa","options_profileShowcaseTwitch":"Lisää esittely Twitch.tv linkille jos saatavilla","options_profileShowcaseOwnTwitch":"... sisältäen profiilisi","options_profileShowcaseTwitchProfileonly":"... vain jos linkki on Profiilin Yhteenvedossa","options_lang_english":"Englanti","options_lang_brazilian":"Brazilian Portugali","options_lang_bulgarian":"Bulgaria","options_lang_czech":"Tsekki","options_lang_danish":"Danish","options_lang_dutch":"Dutch","options_lang_finnish":"Finnish","options_lang_french":"Ranska","options_lang_greek":"Greek","options_lang_german":"German","options_lang_hungarian":"Hungarian","options_lang_italian":"Italian","options_lang_japanese":"Japanese","options_lang_koreana":"Korean","options_lang_norwegian":"Norwegian","options_lang_polish":"Polish","options_lang_portuguese":"Portuguese","options_lang_russian":"Russian","options_lang_romanian":"Romanian","options_lang_schinese":"Simplified Chinese","options_lang_spanish":"Spanish","options_lang_latam":"Latinalaisen Amerikan espanja","options_lang_swedish":"Swedish","options_lang_tchinese":"Traditional Chinese","options_lang_thai":"Thai","options_lang_turkish":"Turkish","options_lang_ukrainian":"Ukrainian","options_lang_vietnamese":"Vietnam","options_addCustomLink":"Lisää mukautettu linkki","options_autoDetect":"Automaattinen tunnistus","options_addToWaitlist":"Näytä \"Lisää odotuslistalle\" valikko sovellus sivuilla","options_collectionBannerNotOwned":"Only show In Collection banner when I don't own the game on Steam","options_maintainers":"Projektin ylläpitäjät","options_withHelpOf":"__contributors__ suurella avustuksella","options_contributors":"upeiden avustajiemme","options_aboutDesc":"Augmented Steam on Enhanced Steam -laajennuksen forkki.","options_aboutDescLinks":"Lisätietoa saat laajennuksen verkkosivuilta tai discord -serveriltä.","options_footerFork":"IsThereAnyDealin forkki","options_footerAuthor":"Alkuperäinen tekijä jshackles","ready_loading":"Augmented Steam lataa tietoja...","ready_ready":"Augmented Steam on valmis","ready_failed":"__amount__ pyyntö/pyynnöa epäonnistui, lue lisää selaimen konsolista","ready_serverOutage":"Augmented Steam serverit ovat tällä hetkellä ylikuormittuneet","twitch_nowStreaming":"__username__ on lähettämässä suoraa lähetystä Twitchissä","twitch_viewers":"Katsojat","dlcSelect_wishlistedDlc":"Valitse toivelistalla olevat lisäsisällöt","dlcSelect_none":"Tyhjennä valinta","dlcSelect_unownedDlc":"Valitse lisäsisältö, jota en omista","tag_wishlist":"Toivelista","tag_coupon":"Kuponki","tag_invGift":"Lahja","tag_invGuestpass":"Vierailulupa","tag_owned":"Omistetut","tag_notinterested":"Ei kiinnosta","tag_ignoredOwned":"Ignored (owned)","tag_collection":"Noudettu","tag_waitlist":"Odotuslistalla","wallet_customAmount":"Lisää mukautettu summa","wallet_customAmountText":"Mikä tahansa summa yli __minamount__","wallet_customGiftcard":"Valitse __input__ Mukautettu Lahjakortti","wsgf_incomplete":"Keskeneräinen","wsgf_unsupported":"Tämä tulos annetaan niille peleille, joilla ei ole __type__ tukea. Peliä voi olla mahdotonta pelata __type__, tai kuva voi olla venytetty ruudulle sopivaksi. Oikea kuvasuhde ei täten säily.","wsgf_gold":"Tämä merkki on annettu peleille, jotka ovat saaneet täydelliset pisteet WSGF:ltä __type__ tuesta ja ovat __type__ sertifikoitu.","wsgf_silver":"Tämä merkki on annettu peleille, jotka ovat saaneet laskennallisen arvosanan B __type__ tuesta. Kaikki nämä pelit toimivat ilman isompia ongelmia, mutta joissa on kuitenkin muutamia vikoja jotka estävät täydellisen arvosanan.","wsgf_limited":"Tämä merkki on annettu peleille, jotka ovat saaneet laskennallisen arvosanan C __type__ tuesta. Kaikilla näillä peleillä on jonkin sortin __type__ tuki, mutta myös merkittäviä ongelmia.","wsgf_certifications":"WSGF laajakuva sertifioinnit","itad_enableSyncLibrary":"Enable library sync","itad_enableSyncWishlist":"Enable wishlist sync","itad_import":"Määräajoin tapahtuva tuonti:","itad_lastImport":"Last import","itad_from":"from ITAD","itad_to":"to ITAD","itad_syncNow":"Synkronoi nyt","itad_info_itadSteam":"Kun yhdistät Augmented Steamin IsThereAnyDealiin, voit käyttää Augmented Steamin korostusta ja tägejä odotuslistaaso ja kokoelmasi peleihin, vaikka sinulla ei olisi niitä Steamissa.","itad_info_steamItad":"Lisäksi sen avulla voit tuoda pelejä Steam-kirjastostasi ja/tai toivelistastasi IsThereAnyDealiin tarkkuuden parantamiseksi (esim. DLC:t tai listaamattomat pelit). Tällä hetkellä tämä ominaisuus voi vain lisätä nimikkeitä, ei poistaa niitä, joten se ei korvaa IsThereAnyDealin integroitua synkronointia, vaan lisäys siihen.","tradeoffer_numItem":"__num__ tavara","tradeoffer_numItems":"__num__ kohdetta","tradeoffer_back":"Takaisin Vaihto Tarjouksiin","update_dontShow":"Älä näytä uudelleen","update_updated":"Augmented Steam on päivitetty versioon __version__","update_changes":"View all changes on GitHub","register_success":"__gamename__ aktivoitu onnistuneesti","register_owned":"Tämä Steam-tili omistaa jo tähän tarjoukseen sisältyvät tuotteet.","register_notavail":"Pahoittelut. Kyseinen tuote ei ole myynnissä tässä maassa. Tuotetunnustasi ei ole lunastettu.","register_invalid":"Kirjoittamasi tuotetunnus on virheellinen. Tarkista tunnus näppäilyvirheiden varalta.","register_already":"Toinen Steam-tili on jo aktivoinut antamasi tuotetunnuksen.","register_dlc":"Syöttämäsi tuotetunnus vaatii toisen tuotteen omistamisen ennen aktivointia.","register_wallet":"Antamasi koodi on Steam-lahjakortista tai Steam-lompakkokoodi","register_toomany":"Liian monta aktivointiyritystä tältä tililtä. Odota ja yritä myöhemmin uudelleen.","register_default":"Odottamaton virhe. Tuotekoodiasi ei lunastettu. Odota 30 minuuttia ja yritä lunastaa koodi uudestaan.","wl_label":"tilastot","wl_totalPrice":"arvo nyt","wl_inWishlist":"toivelistalla","wl_onSale":"tarjouksessa","wl_noPrice":"ilman hintaa","wl_hidden":"piilotetut sovellukset","wl_hiddenTooltip":"Sovellukset jotka on poistettu/piilotettu eivätlä ole näkyvillä toivelistoilla. Lue lisää klikkaamalla.","wl_removeTitle":"Poista tämä tuote toivelistaltasi?","wl_removeConfirm":"Haluatko varmasti positaa 'appid__appid__' toivelistaltasi?","wl_removeConfirmWarn":"Et voi lisätä sitä uudelleen myöhemmin!","coll_totalTime":"aika yhteensä","coll_inCollection":"kokoelmassa","coll_played":"pelattu","coll_neverPlayed":"ei ikinä pelattu","userNote_add":"Lisää muistiinpano","userNote_update":"Päivitä muistiinpano","userNote_addForGame":"__gamername__ muistiinpano","userNote_notEnoughSpace":"Tallennus tila ei riitä tallentamaan muistiinpanoa","userNote_notEnoughSpaceDesc":"Augmented Steam ei voi tallentaa enempää käyttäjän muistiinpanoja, koska käytetty tallennussovitin ei salli enempää tietojen tallentamista (yritetään käyttää ~__perc__% tallennuskapasiteetista).","userNote_closeOnStorage":"Tallennustilasi on täyttymässä","userNote_closeOnStorageDesc":"Augmented Steam ei pian pysty tallentamaan enää käyttäjän muistiinpanoja (~__perc__% tallennustilan käyttö) nykyisellä tallennussovittimellasi.","userNote_storageWarningDesc":"Voit tallentaa käyttäjän muistiinpanot paikalliseen tietokantaan (ilman synkronointia) tai jatkaa selaimesi tarjoaman tallennustavan käyttämistä (johon uusia muistiinpanoja voidaan lisätä vain, jos poistat vanhoja).","userNote_saveSyncedStorage":"Jatka synkronoidun tallennustilan käyttöä","userNote_saveLocal":"Tallenna muistiinpanot vain paikallisesti","userNote_syncOption":"Sync notes automatically","userNote_syncInfo_1":"You can sync your notes between Augmented Steam and IsThereAnyDeal. If you enable automatic sync, notes will be periodically fetched from ITAD. Edits via Augmented Steam will be mirrored to ITAD immediately.","userNote_syncInfo_2":"You can also manually push or pull notes between Augmented Steam and IsThereAnyDeal. We advise you to do so before enabling automatic sync, to ensure the correct version of the note is used, in case you have different notes stored for the same game.","userNote_syncInfo_3":"You can see all your notes stored in the Notes and Tags section on IsThereAnyDeal.","userNote_syncButtonPush":"Push notes to\nIsThereAnyDeal","userNote_syncButtonPull":"Pull notes from\nIsThereAnyDeal","userNote_syncPulled":"__n__ note(s) were pulled from IsThereAnyDeal","userNote_syncPushed":"__n__ note(s) were pushed to IsThereAnyDeal","userNote_syncFailed":"__n__ note(s) failed to sync","userNote_syncError":"Your note failed to sync","userNote_syncErrorEmpty":"Note is empty","userNote_syncErrorUnknown":"ITAD does not know this game","userNote_syncErrorLength":"Note is too long (__length__, max: __max__)","queue_new":"Uusi jono","queue_newTooltip":"Poista tämä tuote jonosta ja luo uusi jono.","workshop_workshop":"Workshop","workshop_subscriptions":"Tilaukset","workshop_subscribeAll":"Tilaa kaikki","workshop_subscribeConfirm":"Haluatko varmasti tilata kaikki __count__ workshop tuotetta näillä suodattimilla?","workshop_subscribeLoading":"Tilataan __i__/__count__ workshop tuoteta, odotathan...","workshop_unsubscribeAll":"Poista kaikkien tilaus","workshop_unsubscribeConfirm":"Haluatko varmasti poistaa kaikkien __count__ workshop tuotteen tilauksen näillä suodattimilla?","workshop_unsubscribeLoading":"Poistetan __i__/__count__ workshop tuotteen tilauksen, odotathan...","workshop_finished":"Valmis! __success__ onnistunutts, __fail__ epäonnistunutta. Klikkaa OK päivittääksesi sivun","workshop_failed":"__n__ epäonnistui","originalAuthors":"Alkuperäinen tekijä","acknowledgements":"Huomiot","countries_ad":"Andorra","countries_ae":"United Arab Emirates","countries_af":"Afghanistan","countries_ag":"Antigua and Barbuda","countries_ai":"Anguilla","countries_al":"Albania","countries_am":"Armenia","countries_an":"Netherlands Antilles","countries_ao":"Angola","countries_ar":"Argentina","countries_as":"American Samoa","countries_at":"Austria","countries_au":"Australia","countries_aw":"Aruba","countries_az":"Azerbaijan","countries_ba":"Bosnia and Herzegovina","countries_bb":"Barbados","countries_bd":"Bangladesh","countries_be":"Belgium","countries_bf":"Burkina Faso","countries_bg":"Bulgaria","countries_bh":"Bahrain","countries_bi":"Burundi","countries_bj":"Benin","countries_bm":"Bermuda","countries_bn":"Brunei","countries_bo":"Bolivia","countries_br":"Brazil","countries_bs":"Bahamas","countries_bt":"Bhutan","countries_bv":"Bouvet Island","countries_bw":"Botswana","countries_by":"Belarus","countries_bz":"Belize","countries_ca":"Canada","countries_cd":"Congo - Kinshasa","countries_cf":"Central African Republic","countries_cg":"Congo - Brazzaville","countries_ch":"Switzerland","countries_ci":"Côte d’Ivoire","countries_ck":"Cook Islands","countries_cl":"Chile","countries_cm":"Cameroon","countries_cn":"China","countries_co":"Colombia","countries_cr":"Costa Rica","countries_cu":"Cuba","countries_cv":"Cape Verde","countries_cy":"Cyprus","countries_cz":"Czech Republic","countries_de":"Germany","countries_dj":"Djibouti","countries_dk":"Denmark","countries_dm":"Dominica","countries_do":"Dominican Republic","countries_dz":"Algeria","countries_ec":"Ecuador","countries_ee":"Estonia","countries_eg":"Egypt","countries_eh":"Western Sahara","countries_er":"Eritrea","countries_es":"Spain","countries_et":"Ethiopia","countries_fi":"Finland","countries_fj":"Fiji","countries_fk":"Falkland Islands","countries_fm":"Micronesia","countries_fo":"Faroe Islands","countries_fr":"France","countries_ga":"Gabon","countries_gb":"United Kingdom","countries_gd":"Grenada","countries_ge":"Georgia","countries_gf":"French Guiana","countries_gg":"Guernsey","countries_gh":"Ghana","countries_gi":"Gibraltar","countries_gl":"Greenland","countries_gm":"Gambia","countries_gn":"Guinea","countries_gp":"Guadeloupe","countries_gq":"Equatorial Guinea","countries_gr":"Greece","countries_gs":"South Georgia","countries_gt":"Guatemala","countries_gu":"Guam","countries_gw":"Guinea-Bissau","countries_gy":"Guyana","countries_hk":"Hong Kong SAR China","countries_hm":"Heard Island and McDonald Islands","countries_hn":"Honduras","countries_hr":"Croatia","countries_ht":"Haiti","countries_hu":"Hungary","countries_id":"Indonesia","countries_ie":"Ireland","countries_il":"Israel","countries_im":"Isle of Man","countries_in":"India","countries_io":"British Indian Ocean Territory","countries_iq":"Iraq","countries_ir":"Iran","countries_is":"Iceland","countries_it":"Italy","countries_je":"Jersey","countries_jm":"Jamaica","countries_jo":"Jordan","countries_jp":"Japan","countries_ke":"Kenya","countries_kg":"Kyrgyzstan","countries_kh":"Cambodia","countries_ki":"Kiribati","countries_km":"Comoros","countries_kn":"Saint Kitts and Nevis","countries_kp":"North Korea","countries_kr":"South Korea","countries_kw":"Kuwait","countries_ky":"Cayman Islands","countries_kz":"Kazakhstan","countries_la":"Laos","countries_lb":"Lebanon","countries_lc":"Saint Lucia","countries_li":"Liechtenstein","countries_lk":"Sri Lanka","countries_lr":"Liberia","countries_ls":"Lesotho","countries_lt":"Lithuania","countries_lu":"Luxembourg","countries_lv":"Latvia","countries_ly":"Libya","countries_ma":"Morocco","countries_mc":"Monaco","countries_md":"Moldova","countries_me":"Montenegro","countries_mg":"Madagascar","countries_mh":"Marshall Islands","countries_mk":"Macedonia","countries_ml":"Mali","countries_mm":"Myanmar [Burma]","countries_mn":"Mongolia","countries_mo":"Macau SAR China","countries_mp":"Northern Mariana Islands","countries_mq":"Martinique","countries_mr":"Mauritania","countries_ms":"Montserrat","countries_mt":"Malta","countries_mu":"Mauritius","countries_mv":"Maldives","countries_mw":"Malawi","countries_mx":"Mexico","countries_my":"Malaysia","countries_mz":"Mozambique","countries_na":"Namibia","countries_nc":"New Caledonia","countries_ne":"Niger","countries_nf":"Norfolk Island","countries_ng":"Nigeria","countries_ni":"Nicaragua","countries_nl":"Netherlands","countries_no":"Norway","countries_np":"Nepal","countries_nr":"Nauru","countries_nu":"Niue","countries_nz":"New Zealand","countries_om":"Oman","countries_pa":"Panama","countries_pe":"Peru","countries_pf":"French Polynesia","countries_pg":"Papua New Guinea","countries_ph":"Philippines","countries_pk":"Pakistan","countries_pl":"Poland","countries_pm":"Saint Pierre and Miquelon","countries_pn":"Pitcairn Islands","countries_pr":"Puerto Rico","countries_ps":"Palestinian Territories","countries_pt":"Portugal","countries_pw":"Palau","countries_py":"Paraguay","countries_qa":"Qatar","countries_re":"Réunion","countries_ro":"Romania","countries_rs":"Serbia","countries_ru":"Russia","countries_rw":"Rwanda","countries_sa":"Saudi Arabia","countries_sb":"Solomon Islands","countries_sc":"Seychelles","countries_sd":"Sudan","countries_se":"Sweden","countries_sg":"Singapore","countries_sh":"Saint Helena","countries_si":"Slovenia","countries_sk":"Slovakia","countries_sl":"Sierra Leone","countries_sm":"San Marino","countries_sn":"Senegal","countries_so":"Somalia","countries_sr":"Suriname","countries_st":"São Tomé and Príncipe","countries_sv":"El Salvador","countries_sy":"Syria","countries_sz":"Swaziland","countries_tc":"Turks and Caicos Islands","countries_td":"Chad","countries_tf":"French Southern Territories","countries_tg":"Togo","countries_th":"Thailand","countries_tj":"Tajikistan","countries_tk":"Tokelau","countries_tl":"Timor-Leste","countries_tm":"Turkmenistan","countries_tn":"Tunisia","countries_to":"Tonga","countries_tr":"Turkey","countries_tt":"Trinidad and Tobago","countries_tv":"Tuvalu","countries_tw":"Taiwan","countries_tz":"Tanzania","countries_ua":"Ukraine","countries_ug":"Uganda","countries_um":"U.S. Minor Outlying Islands","countries_us":"United States","countries_uy":"Uruguay","countries_uz":"Uzbekistan","countries_va":"Vatican City","countries_vc":"Saint Vincent and the Grenadines","countries_ve":"Venezuela","countries_vg":"British Virgin Islands","countries_vi":"U.S. Virgin Islands","countries_vn":"Vietnam","countries_vu":"Vanuatu","countries_wf":"Wallis and Futuna","countries_ws":"Samoa","countries_ye":"Yemen","countries_yt":"Mayotte","countries_za":"South Africa","countries_zm":"Zambia","countries_zw":"Zimbabwe"}}