{"stats":{"strings":812,"translated":786},"strings":{"deleteCommentPrompt":"Voulez-vous vraiment supprimer ce commentaire ?","downloadDemoHeader":"Télécharger la démo de __gamename__","deckCompat_header":"Compatibilité Steam Deck","deckCompat_unknown":"Inconnue","deckCompat_unsupported":"Non pris en charge","deckCompat_playable":"Jouable","deckCompat_verified":"Vérifiée","featureHint_desc":"Souhaitez-vous activer la fonctionnalité suivante ?","featureHint_reminder":"Vous pouvez modifier vos préférences via la page des options ultérieurement.","thewordyes":"Oui","thewordno":"Non","theworderror":"Erreur","noData":"Pas de données","toomanyrequests":"Trop de requêtes","showComments":"Afficher les commentaires","hideComments":"Cacher les commentaires","thewordunknown":"Inconnu","calcWorkshopSize_fileSize":"Taille du fichier __size__","calcWorkshopSize_calcSize":"Calculer la taille totale","calcWorkshopSize_calcLoading":"Calcul de __i__/__count__ éléments du Workshop, veuillez patienter...","calcWorkshopSize_calcFinished":"Terminé ! Éléments __success__/__total__ calculés avec succès.","calcWorkshopSize_totalSize":"Taille totale : __size__","cart":"Panier","inCart":"Dans le panier","steamidOfUser":"SteamID de __user__","copied":"Copié dans le presse-papiers !","viewSteamid":"Voir le SteamID","moreOnSteampeek":"Voir plus sur SteamPeek","date":"Date","rating":"Évaluation","helpful":"Utile","funny":"Amusante","length":"Taille","visibility":"Visibilité","processing":"Traitement...","wait":"Veuillez patienter","inviteFriends":"Inviter des amis","inviteToGroup":"Inviter dans le groupe","inverse":"Inverser","transactionStatus":"__failed__ requête(s) échouée(s). __size__ sur __total__ transactions récupérées.","customTags":"Tags personnalisés","addTag":"Ajouter un tag","enterTag":"Saisissez le tag personnalisé que vous souhaitez ajouter","status":"Statut :","connect":"Connecter","connected":"Connecté","disconnect":"Déconnecter","disconnected":"Déconnecté","oneclickgoo":"1-Click transformer en gemmes...","viewInLibrary":"Voir dans la bibliothèque","support":"Support","email":"E-mail","contact":"Contact","favEmoticonsDragging":"Glissez les émoticônes ici pour les mettre en favoris","favEmoticonsNoAccess":"Vous n'avez pas accès à cet émoticône","postHistory":"Voir l'historique des messages","addNickname":"Ajouter un surnom","totalSize":"Taille totale","dlcDetails":"Détails sur le contenu téléchargeable","badgeNotUnlocked":"Non débloqué","badgeLevel":"Niveau __level__","each":"chacun","viewInMarket":"Voir sur le Marché de la Communauté","remove":"Retirer","getHelp":"Obtenir de l'aide","addSelectedDlcToCart":"Ajouter les DLC sélectionnés au panier","close":"Fermer","error":"Une erreur s'est produite","go":"Aller","activate":"Activer un produit","activateMultipleHeader":"Saisissez les codes produit ci-dessous, un par ligne","activateMultiple":"Activer plusieurs produits","activateProducts":"Activer les produits","couponApplicationNote":"Un coupon de votre inventaire sera utilisé automatiquement à l'achat.","hide":"Cacher","filters":"Filtres Augmented Steam","cardsOwned":"__owned__ cartes sur __possible__ possédées","libraryMenu":"Bibliothèque","clearCache":"Vider le cache de données","translation":"Traduction","helpTranslate":"Aidez-nous à traduire Augmented Steam sur POEditor","lowest":"Le plus bas","lowestPrice":"Prix actuel le plus bas:","viewBadgeProgress":"Voir la progression du badge","badgeProgress":"Progression du badge","salesTotal":"Total des ventes:","viewNormalBadge":"Voir la progression du badge","apppageSections":"Sélectionnez les sections que vous aimeriez voir sur cette page","website":"Site web","games":"Jeux","badgeCompletionCost":"Coût pour compléter le badge: __cost__","loading":"Chargement...","selling":"Vente...","quickSell":"Vente rapide pour __amount__","quickSellDesc":"Différence de prix de __modifier__ par rapport au prix de l'offre la moins chère actuellement répertoriée sur le marché Steam","instantSell":"Vente instantanée pour __amount__","instantSellDesc":"Le prix de l'ordre d'achat le plus élevé actuellement répertorié sur le marché Steam","quickSellVerify":"Confirmation Steam Guard nécessaire","startingAt":"Prix de départ: __price__","homepageTabs":"Onglets de la page d'accueil","store":"Magasin","viewInStore":"Voir dans le magasin","communityHub":"Hub de la communauté","viewOnWebsite":"Voir sur __website__","drmThirdParty":"Attention : ce titre utilise le DRM d'un tiers __drmlist__.","hoursShort":"__hours__ h","spamCommentShow":"__num__ commentaires de spam masqués sur cette page. Cliquez ici pour les afficher.","addToWishlist":"Ajouter à votre liste de souhaits","addFullgameToWishlist":"Add full game to your wishlist","addToWaitlist":"Ajouter à votre liste d'attente","addFullgameToWaitlist":"Add full game to your Waitlist","removeFromWaitlistTooltip":"Retirer de votre liste d'attente","removeFullgameFromWaitlistTooltip":"Remove full game from your Waitlist","removeFromWishlistAndWaitlistTooltip":"Retirer de votre liste de souhaits et de votre liste d'attente","removeFullgameFromWishlistAndWaitlistTooltip":"Remove full game from both your wishlist and Waitlist","language":"Langue","theworddefault":"Défaut","thewordclear":"Effacer","couponLearnMore_linkText":"En savoir plus","couponLearnMore_fullText":"__linkdesc__ à propos des coupons Steam","show":"Afficher","showAll":"Afficher tout","badgesAll":"Tous les badges","esSupporter":"Supporter Enhanced Steam","community":"Communauté","ownedCollection":"__gametitle__ is already in your IsThereAnyDeal Collection","viewBadge":"Voir le badge","purchaseTotal":"Total des achats:","viewFoilBadge":"Voir la progression du badge premium","viewAstats":"Voir la page AStats","contribute":"Contribuer (GitHub)","reviews":"Évaluations","readReviews":"Lire les évaluations","readMoreReviews":"Lire plus d'évaluations sur","youtubeGameplay":"Gameplay YouTube","youtubeReviews":"Avis sur YouTube","packageInfo":"Infos sur le package","badgeCompletionAvg":"Coût moyen de complétion: __cost__","volumeSoldLast_24":"Volume : __sold__ vendus dans les dernières 24 heures","soldLast_24":"__sold__ vendu dans les dernières 24 heures","homepageCurators":"Recommandations des curateurs Steam","homepageTopnewreleases":"Meilleures nouveautés Steam","homepageSidebar":"Barre latérale","dropCalc":"Cliquez ici pour calculer le nombre de cartes restantes","price":"Prix","marketTransactions":"Transactions dans le marché","loadMarketStats":"Charger Statistiques du marché","cardDropsRemaining":"__drops__ carte(s) restante(s)","badgesDrops":"Badges avec des cartes restantes","usingLanguageReturn":"Cliquez ici pour naviguer sur Steam en __base__.","guides":"Guides","highlight":"Surlignage","save":"Enregistrer","view":"Vue","gameName":"Nom du jeu","notinterested":"Articles pas intéressants","ignoredOwned":"Jeux ignorés car joués sur d'autres plates-formes","searchFilters_reviewsScore_between":"Évaluations entre __lower__% et __upper__%","searchFilters_reviewsScore_any":"Tout score d'évaluation","searchFilters_reviewsScore_upTo":"Évaluations jusqu'à __score__%","searchFilters_reviewsScore_from":"Évaluations à partir de __score__%","searchFilters_reviewsCount_count":"Nombre d'évaluations :","searchFilters_reviewsCount_minCount":"Nombre min.","searchFilters_reviewsCount_maxCount":"Nombre max.","searchFilters_discountPercent_count":"Pourcentage de remise :","searchFilters_discountPercent_minCount":"Min %","searchFilters_discountPercent_maxCount":"Max %","searchFilters_hideCart":"Masquer les articles dans votre panier","searchFilters_hideEa":"Masquer les articles en accès anticipé","searchFilters_hideMixed":"Masquer les articles ayant une évaluation moyenne","searchFilters_hideNegative":"Masquer les articles ayant une évaluation négative","news":"Nouveautés","viewinclient":"Voir dans le client Steam","customBackground":"Arrière-plan personnalisé","customStyle":"Thème personnalisé","customStyleHelp":"Tous les utilisateurs d&apos;Augmented Steam verront ce thème sur votre profil. Les autres utilisateurs ne verront aucune des modifications apportées ici.","noneselected":"Aucun / pas de changement","mostDrops":"Le plus de cartes restantes","netGain":"Bénéfice net:","apppageRecentupdates":"Événements et annonces récents","apppageEaheader":"Boîte d'info accès anticipé","apppageEabanner":"Bannière de discussions sur l'accès anticipé","apppageWorkshop":"Bannière Steam Workshop","apppageGreenlight":"Bannière Steam Greenlight","apppageLegal":"Informations légales","apppageFranchise":"Franchise","apppageMorefromfranchise":"Plus de la franchise","bugFeature":"Signaler un bug / suggérer une fonctionnalité","always":"Toujours","ratingDetails":"Voir le détail de l'évaluation","dropsWorthAvg":"Valeur approximative","familySharingNotice_notice":"Remarque :","familySharingNotice_desc":"Ce jeu est exclu du service de partage familial de Steam.","visitStore":"Visitez la page du magasin","all":"Tous","externalFunds":"Fonds externes utilisés","shoppingCartHistory":"Afficher l'historique du panier","manageWebapiKey":"Gérer ma clé Steam Web API","steamCloudHeader":"Steam Cloud","steamCloudSaves":"Afficher les sauvegardes du cloud","gamesWithDrops":"__dropsgames__ jeux avec des cartes restantes","binderView":"Grille","usingLanguage":"Vous naviguez sur Steam en __current__.","loginWarning":"Assurez-vous que vous êtes connecté à __link__ afin de pouvoir utiliser toutes les fonctionnalités d'Augmented Steam.","visitTradeForum":"Visiter le forum d'échange","purchaseDate":"(Acheté le __date__)","customBackgroundHelp":"Tous les utilisateurs d&apos;Augmented Steam verront cet arrière-plan sur votre profil. Les autres utilisateurs verront votre arrière-plan de profil standard.","dateUnlocked":"Date de déblocage","netSpent":"Dépense nette:","buy":"Acheter","buyPackage":"Acheter __package__","moreInformation":"Plus d'informations","regionUnavailable":"Non disponible dans cette région","avgPrice_3cards":"Prix moyen de 3 cartes à échanger: __price__","groups_leaveGroupsConfirm":"Voulez-vous vraiment quitter les __n__ groupes sélectionnés ?","groups_manageGroups":"Gérer les groupes","groups_actionGroups":"Sélectionnez les groupes ci-dessous sur lesquels vous souhaitez agir.","groups_select":"Sélectionner :","groups_leave":"Quitter les groupes","groups_selected":"__n__ sélectionnés.","groups_leaveAdminConfirm_currentlyAdmin":"Vous êtes actuellement administrateur de __name__.","groups_leaveAdminConfirm_wantToLeave":"Voulez-vous vraiment quitter ce groupe ?","export_wishlist":"Exporter la liste de souhaits","export_type":"Type d'export","export_format":"Format de texte","export_text":"Texte","export_download":"Télécharger","export_copyClipboard":"Copier dans le presse-papier","none":"Aucun","emptyWishlist_title":"Vider la liste de souhaits","emptyWishlist_confirm":"Voulez-vous vraiment vider votre liste de souhaits ? Cette action ne peut pas être annulée !","emptyWishlist_removing":"Suppression de l'application __cur__ sur __total__...","about":"À propos","never":"Jamais","couponAvailable":"Vous avez un coupon disponible !","launchRandom":"Lancer un jeu au hasard","playGame":"Jouer à __gamename__ ?","dropsValue":"Plus haute valeur de carte","cardsRemain":"Le moins de cartes restantes pour compléter le set","wishlist":"Liste de souhaits","onWishlist":"Dans la liste de souhaits","onWaitlist":"Dans la liste d'attente","onWishlistAndWaitlist":"Dans la liste de souhaits et la liste d'attente","cancel":"Annuler","wikiArticle":"Voir l'article de __pcgw__","viewAll":"TOUT AFFICHER","gamesWithBooster":"__boostergames__ jeux éligibles pour des booster packs","sortBy":"Trier par :","playtime":"Temps de jeu","awards":"Récompenses","year":"Année","lastonline":"Dernier en ligne","members":"Membres","name":"Nom","drmThirdPartySub":"Attention : un ou plusieurs titres dans ce package utilisent le DRM d'un tiers __drmlist__.","customize":"Personnaliser","bundleSavingText":"Voici ce que vous économisez en achetant ce bundle","thewordoptions":"Options","discussions":"Discussions","pricing_lowestPrice":"Meilleur actuel :","pricing_historicalLow":"Historiquement le plus bas :","pricing_bundled":"En bundle :","pricing_withVoucher":"avec coupon __voucher__","pricing_store":"sur&nbsp;__store__","pricing_bundleCount":"__count__ fois","webBrowserChat":"Chat dans le navigateur","steamClientChat":"Chat dans le client Steam","equipOnProfile":"Équiper sur le profil","previewBackground":"Prévisualiser l'arrière plan","expandSlider":"Agrandir","contractSlider":"Réduire","earlyAccess":"Accès anticipé","tagShort":"Utiliser des tags courts pour économiser l’espace","noPriceData":"Aucune donnée de prix disponible","userScore":"Score des utilisateurs","marketPopularItemsToggle":"Activer/désactiver la mise à jour en direct des articles populaires","showProgressbar":"Afficher les barres de progression et d'état d'Augmented Steam","achievements_option":"Afficher les succès dans le magasin","achievements_summary":"__unlocked__ sur __total__ (__percentage__%) succès obtenus :","bundle_offerEnds":"L'offre prend fin","bundle_includes":"Comprend __num__ articles","bundle_tierIncludes":"__tier__ (__price__) contient __num__ articles","bundle_tier":"Niveau __num__","bundle_header":"Bundles comprenant ce jeu","bundle_info":"Infos sur le bundle","charts_peakall":"pointe la plus élevée","charts_current":"Joueurs actuels","charts_playingNow":"jouent en ce moment","charts_peaktoday":"pointe du jour","hltb_title":"Combien de temps pour le finir","hltb_mainE":"Histoire principale et extras","hltb_compl":"Perfectionniste","hltb_main":"Histoire principale","options_friendsAndGroups":"Friends and Groups","options_friendsAppendNickname":"Append nicknames to friends' names","options_settingsMngmt_import":"Importer","options_settingsMngmt_importSuccess":"Paramètres importés avec succès","options_settingsMngmt_importFail":"Impossible d'importer les paramètres","options_settingsMngmt_export":"Exporter","options_settingsMngmt_reset":"Réinitialiser","options_showCustomThemes":"Afficher les thèmes personnalisés","options_communityDefaultTab":"Onglet par défaut de l'accueil de la communauté","options_videos":"Vidéos","options_broadcasts":"Diffusions","options_artwork":"Artwork","options_screenshots":"Captures d'écran","options_showBacktotop":"Afficher un bouton de retour en haut sur les pages longues","options_contextMenu":"Menu contextuel","options_contextSteamStore":"Recherche magasin Steam pour '__query__'","options_contextSteamMarket":"Recherche marché Steam pour '__query__'","options_contextItad":"Recherche IsThereAnyDeal pour '__query__'","options_contextBartervg":"Recherche Barter.vg pour '__query__'","options_contextSteamdb":"Recherche SteamDB pour '__query__'","options_contextSteamdbInstant":"Recherche instantanée SteamDB pour '__query__'","options_contextSteamKeys":"Activer les clés de produit Steam de la sélection","options_wsgf":"Afficher les informations du WSGF (écran large)","options_versionShow":"Afficher le Journal des modifications lors de la mise à jour d'Augmented Steam","options_steamcardexchange":"Afficher les liens SteamCardExchange sur les badges","options_regionalPrice":"Comparaison des prix par région","options_excludef2p":"Exclure les jeux Free To Play du surlignage","options_profileLinkImagesNone":"Aucune","options_profileLinks":"Afficher les liens de profil de","options_tag":"Tag","options_icon":"Icône","options_name":"Nom","options_showAlternativeLinuxIcon":"Afficher l'icône Linux alternative","options_replacecommunityhublinks":"Remplacer les liens vers les hubs de la communauté par des liens vers le magasin","options_hideannouncementcomments":"Cacher les commentaires sous toutes les annonces de groupe par défaut","options_hidetmsymbols":"Cacher les symboles des marques déposées et du droit d'auteur dans les titres des jeux","options_metacritic":"Afficher les scores des utilisateurs de Metacritic","options_opencritic":"Afficher les informations d'Opencritic","options_hideactivelistings":"Cacher, par défaut, toutes les offres actives sur la page d'accueil du Marché","options_showlowestmarketprice":"Afficher le prix le plus bas du marché pour vos offres","options_clear":"Voulez-vous vraiment réinitialiser toutes les options ? Cela ne peut pas être annulée.","options_coupon":"Articles pour lesquels vous avez des coupons","options_showPackageInfo":"Afficher les informations sur les packages pour toutes les applications","options_wlbuttoncommunityapp":"Afficher le bouton \"Ajouter à votre liste de souhaits\" dans les hubs de la communauté","options_removeguideslanguagefilter":"Ne pas filtrer automatiquement les guides par la langue de l'utilisateur","options_confirmdeletecomment":"Afficher une confirmation lors de la suppression des commentaires","options_disablelinkfilter":"Désactiver la confirmation lors de l'accès à des sites externes","options_regionalPriceOn":"Afficher la comparaison des prix par région","options_horizontalscrolling":"Activer le défilement horizontal avec la molette de la souris","options_supportinfo":"Afficher les informations de support dans le magasin","options_drm":"Afficher les avertissements sur les DRMs tierces","options_profileLinkImages":"Style d'image des liens de profil et de groupe","options_show1clickgoo":"Ignorer la confirmation lors de la transformation d'objets en gemmes","options_hltb":"Afficher les informations de HowLongToBeat.com","options_hidespamcomments":"Cacher les commentaires de spam du Workshop et des profils","options_gift":"Articles stockés en tant que cadeaux","options_regionalPriceMouse":"Au passage de la souris sur le prix","options_lowestpriceHeader":"Informations sur l'historique des prix","options_storesAll":"Comparer tous les magasins","options_viewInCurrency":"Voir en :","options_showEarlyAccess":"Afficher les bannières d'images pour l'accès anticipé","options_profileLinkImagesGray":"Niveaux de gris","options_quickinv":"Afficher les boutons pour la vente rapide d'objets de la communauté Steam dans l'inventaire","options_quickinvDiff":"Modificateur de vente rapide :","options_sendAgeInfo":"Activer la vérification automatique de l'âge","options_showdeckcompat":"Afficher les évaluations de compatibilité Steam Deck dans la liste des fonctionnalités (et récupérer les données lorsqu'elles sont manquantes)","options_removebroadcasts":"Supprimer complètement toute diffusion en direct sur les pages du magasin","options_exfgls":"Afficher une remarque si l'application est exclue du partage familial","options_mp4video":"Forcer les vidéos du magasin au format MP4","options_youtube":"Afficher les liens YouTube","options_twitch":"Afficher les liens Twitch","options_pcgw":"Afficher les liens PCGamingWiki","options_completionistme":"Afficher les liens Completionist.me","options_protondb":"Afficher les liens ProtonDB","options_storeSteamcards":"Afficher les liens SteamCardExchange dans le magasin","options_spamcommentregex":"Expression régulière :","options_regionalHideworld":"Cacher le globe indicateur","options_showAstatslink":"Afficher le lien AStats dans le magasin","options_showYoutubegameplay":"Afficher les vidéos YouTube de gameplay dans le magasin","options_showYoutubereviews":"Afficher les vidéos YouTube d'évaluation dans le magasin","options_openinnewtab":"Ouvrir les liens externes dans un nouvel onglet","options_showbartervg":"Afficher les liens Barter.vg","options_guest":"Articles pour lesquels vous avez des invitations","options_collection":"Articles dans votre collection ITAD","options_waitlist":"Articles dans votre liste d'attente ITAD","options_showPlayersInfo":"Afficher les informations sur le nombre de joueurs","options_showallstats":"Afficher les statistiques de temps de jeu dans la page \"Tous les jeux\"","options_lowestpriceOnwishlist":"Afficher dans la liste de souhaits","options_steamrepapi":"Afficher le statut SteamRep sur les profils","options_profileSteamid":"Afficher le SteamID sur les profils","options_profilePinnedBg":"Épinglez la position de l'arrière-plan du profil pendant le défilement","options_lowestprice":"Afficher dans le magasin","options_owned":"Articles que vous possédez","options_itadlinks":"Afficher les liens IsThreAnyDeal","options_steamdb":"Afficher les liens SteamDB","options_profileLinkImagesColor":"Colorées","options_showViewInLibrary":"Afficher un bouton \"Voir dans la bibliothèque\" pour les jeux possédés","options_installSteamButton":"Bouton \"Installer Steam\"","options_replaceViewClient":"Remplacer par \"Voir dans le client\"","options_showEmptyWishlist":"Afficher le bouton \"Vider la liste de souhaits\"","options_showWishlistStats":"Afficher les statistiques de liste de souhaits dans la liste de souhaits","options_oneclickremovewl":"Ignorer la confirmation lors de la suppression d'objets","options_userNotes_userNotes":"Notes utilisateur","options_userNotes_app":"Dans le magasin","options_userNotes_wishlist":"Dans ma liste de souhaits","options_userNotes_loc":"Emplacement de stockage","options_userNotes_syncedStorage":"Stockage synchronisé/local","options_userNotes_local":"Base de données locale","options_inventoryNavText":"Activer la navigation avancée dans la page d'inventaire","options_marketTotal":"Afficher un récapitulatif des transactions sur le Marché","options_lowestpriceCoupon":"Inclure les codes des coupons dans la comparaison des prix","options_general":"Général","options_apppage":"Pages du magasin","options_market":"Marché","options_inventory":"Inventaire","options_profile":"Profil","options_group":"Groupe","options_friendActivity":"Flux d'activité des contacts","options_groupLinks":"Afficher les liens de groupe vers :","options_showLanguagewarning":"Afficher un avertissement si vous naviguez dans une langue autre que","options_homepage":"Page d'accueil","options_homepageDefaultTab":"Onglet par défaut de la page d'accueil","options_homepageDefaultTabRemember":"Dernier choix","options_homepageDefaultTabNewreleases":"Sorties populaires","options_homepageDefaultTabTopsellers":"Meilleures ventes","options_homepageDefaultTabUpcoming":"Bientôt","options_homepageDefaultTabSpecials":"Offres","options_wishlist":"Articles souhaités","options_addAnotherRegion":"Ajouter","options_skipGotSteam":"Éviter la fenêtre \"Vous avez Steam ?\"","options_storeGeneralThirdparty":"Options pour les informations de sites tiers","options_purchaseDates":"Afficher les dates d'achat dans le magasin","options_showBadgeProgress":"Afficher la progression des badges dans le magasin","options_showCoupon":"Afficher les coupons applicables dans le magasin","options_showWishlistLink":"Afficher un lien vers la liste de souhaits dans les profils","options_showWishlistCount":"Afficher le nombre d'articles dans la liste de souhaits","options_profileShowcaseTwitch":"Ajouter une vitrine pour Twitch.tv s'il y a un lien","options_profileShowcaseOwnTwitch":"... y compris votre propre profil","options_profileShowcaseTwitchProfileonly":"... uniquement si le lien se trouve dans le résumé du profil","options_lang_english":"Anglais","options_lang_brazilian":"Portugais du Brésil","options_lang_bulgarian":"Bulgare","options_lang_czech":"Tchèque","options_lang_danish":"Danois","options_lang_dutch":"Néerlandais","options_lang_finnish":"Finnois","options_lang_french":"Français","options_lang_greek":"Grec","options_lang_german":"Allemand","options_lang_hungarian":"Hongrois","options_lang_italian":"Italien","options_lang_japanese":"Japonais","options_lang_koreana":"Coréen","options_lang_norwegian":"Norvégien","options_lang_polish":"Polonais","options_lang_portuguese":"Portugais","options_lang_russian":"Russe","options_lang_romanian":"Roumain","options_lang_schinese":"Chinois simplifié","options_lang_spanish":"Espagnol","options_lang_latam":"Espagnol latino-américain","options_lang_swedish":"Suédois","options_lang_tchinese":"Chinois traditionnel","options_lang_thai":"Thai","options_lang_turkish":"Turc","options_lang_ukrainian":"Ukrainien","options_lang_vietnamese":"Vietnamien","options_addCustomLink":"Ajouter un lien personnalisé","options_autoDetect":"Détection automatique","options_addToWaitlist":"Afficher la liste déroulante \"Ajouter à la liste d'attente\" dans le magasin","options_collectionBannerNotOwned":"Only show In Collection banner when I don't own the game on Steam","options_maintainers":"Mainteneurs de projet","options_withHelpOf":"avec beaucoup d'aide de nos __contributors__","options_contributors":"merveilleux contributeurs","options_aboutDesc":"Augmented Steam est un fork de l'extension Enhanced Steam.","options_aboutDescLinks":"Visitez le __website__ de l'extension ou notre __discord__ pour plus d'informations.","options_footerFork":"un fork par IsThereAnyDeal","options_footerAuthor":"auteur original jshackles","ready_loading":"Chargement des données d'Augmented Steam...","ready_ready":"Augmented Steam prêt","ready_failed":"__amount__ requête(s) échouée(s), consultez la console du navigateur pour plus d'informations","ready_serverOutage":"Les serveurs d'Augmented Steam sont actuellement surchargés","twitch_nowStreaming":"__username__ diffuse en direct sur Twitch","twitch_viewers":"Spectateurs","dlcSelect_wishlistedDlc":"Sélectionner les DLC de la liste de souhaits","dlcSelect_none":"Sélectionner aucun","dlcSelect_unownedDlc":"Sélectionner les DLC non-possédés","tag_wishlist":"Liste de souhaits","tag_coupon":"Coupon","tag_invGift":"Cadeau","tag_invGuestpass":"Invitation","tag_owned":"Possédé","tag_notinterested":"Pas intéressé","tag_ignoredOwned":"Ignoré (possédé)","tag_collection":"Collecté","tag_waitlist":"Liste d'attente","wallet_customAmount":"Ajouter un montant personnalisé","wallet_customAmountText":"Tout montant supérieur à __minamount__","wallet_customGiftcard":"Sélectionner __input__ carte-cadeau personnalisée","wsgf_incomplete":"Incomplet","wsgf_unsupported":"Ce score est accordé aux jeux qui ne supportent pas le __type__. Le jeu peut être injouable en __type__ ou l'image est étirée pour s'adapter à la fenêtre. Le format de l'image n'est pas respecté.","wsgf_gold":"Cette médaille est accordée aux jeux qui ont reçu un score parfait du WSGF pour leur support du __type__, et sont certifiés pour le __type__.","wsgf_silver":"Cette médaille est accordée aux jeux qui ont reçu un rang calculé de B pour leur support du __type__. Tous ces jeux n'ont pas de défaut majeur, mais ils en ont au moins un qui les empêche d'avoir un score parfait.","wsgf_limited":"Ce score est accordé aux jeux qui ont reçu un rang calculé de C pour leur support du __type__. Tous ces jeux ont un certain niveau de support du __type__ mais ont des problèmes importants.","wsgf_certifications":"Certifications écran large du WSGF","itad_enableSyncLibrary":"Enable library sync","itad_enableSyncWishlist":"Enable wishlist sync","itad_import":"Importer périodiquement :","itad_lastImport":"Last import","itad_from":"from ITAD","itad_to":"to ITAD","itad_syncNow":"Synchroniser maintenant","itad_info_itadSteam":"Connecter Augmented Steam avec IsThereAnyDeal vous permet d'appliquer le surlignage et les tags d'Augmented Steam aux jeux de votre liste d'attente et de votre collection même si vous ne les avez pas sur Steam.","itad_info_steamItad":"De plus, cela vous permet d'importer des jeux depuis votre bibliothèque Steam et / ou votre liste de souhaits vers IsThereAnyDeal, pour une précision améliorée (par exemple, des DLC ou des jeux non répertoriés). Actuellement, cette fonctionnalité ne peut ajouter que des titres, pas les retirer, donc ce n'est pas un remplacement mais un ajout à la synchronisation intégrée d'IsThereAnyDeal.","tradeoffer_numItem":"__num__ objet","tradeoffer_numItems":"__num__ objets","tradeoffer_back":"Retour aux offres d'échange","update_dontShow":"Ne plus afficher","update_updated":"Augmented Steam a été mis à jour à la version __version__","update_changes":"Afficher tous les changements sur GitHub","register_success":"__gamename__ activé avec succès","register_owned":"Ce compte Steam a déjà fait l'acquisition du ou des produits couverts par cette offre.","register_notavail":"Désolé, mais ce produit n'est pas disponible à l'achat dans ce pays. Votre code produit n'a pas été activé.","register_invalid":"Le code produit que vous avez saisi n'est pas valide. Vérifiez que vous n'avez pas fait d'erreur en saisissant votre code.","register_already":"Le code produit que vous avez saisi est associé à un compte Steam différent.","register_dlc":"Le code produit que vous avez saisi nécessite que vous disposiez d'un autre produit avant de pouvoir être activé.","register_wallet":"Le code que vous avez saisi est un code de porte-monnaie Steam ou d'une carte cadeau","register_toomany":"Trop de tentatives d'activation récentes depuis ce compte ont été effectuées. Veuillez patienter et réessayer d'activer votre code produit ultérieurement.","register_default":"Une erreur s'est produite. Votre code produit n'a pas été activé. Veuillez attendre 30 minutes et réessayer.","wl_label":"stats","wl_totalPrice":"Valeur actuelle","wl_inWishlist":"Dans la liste de souhaits","wl_onSale":"En solde","wl_noPrice":"sans prix","wl_hidden":"applications cachées","wl_hiddenTooltip":"Applications qui ont été supprimées/désinscrites et qui ne sont pas visibles sur les listes de souhaits. Cliquez pour les détails.","wl_removeTitle":"Retirer cet article de votre liste de souhaits ?","wl_removeConfirm":"Êtes-vous sûr de vouloir retirer 'appid __appid__' de votre liste de souhaits ?","wl_removeConfirmWarn":"Il ne pourra pas être rajouté par la suite !","coll_totalTime":"temps total","coll_inCollection":"dans la collection","coll_played":"joués","coll_neverPlayed":"jamais joués","userNote_add":"Ajouter une note","userNote_update":"Mettre la note à jour","userNote_addForGame":"Note pour __gamename__","userNote_notEnoughSpace":"Pas assez d'espace pour enregistrer la note","userNote_notEnoughSpaceDesc":"Augmented Steam ne peut plus enregistrer de notes utilisateur car l'adaptateur de stockage utilisé ne permet pas d'enregistrer plus de données (tentative d'utilisation de ~__perc__% de la capacité de stockage).","userNote_closeOnStorage":"Vous êtes à court de stockage","userNote_closeOnStorageDesc":"Augmented Steam est sur le point de ne plus pouvoir enregistrer de notes utilisateur (~__perc__% d'utilisation du stockage) avec votre adaptateur de stockage actuel.","userNote_storageWarningDesc":"Vous pouvez choisir de stocker vos notes utilisateur dans une base de données locale (sans synchronisation) ou de continuer à utiliser la méthode de stockage fournie par votre navigateur (où de nouvelles notes ne peuvent être ajoutées que si vous en supprimez des plus anciennes).","userNote_saveSyncedStorage":"Continuer d'utiliser l'espace de stockage synchronisé","userNote_saveLocal":"Stocker les notes localement","userNote_syncOption":"Sync notes automatically","userNote_syncInfo_1":"You can sync your notes between Augmented Steam and IsThereAnyDeal. If you enable automatic sync, notes will be periodically fetched from ITAD. Edits via Augmented Steam will be mirrored to ITAD immediately.","userNote_syncInfo_2":"You can also manually push or pull notes between Augmented Steam and IsThereAnyDeal. We advise you to do so before enabling automatic sync, to ensure the correct version of the note is used, in case you have different notes stored for the same game.","userNote_syncInfo_3":"You can see all your notes stored in the Notes and Tags section on IsThereAnyDeal.","userNote_syncButtonPush":"Push notes to\nIsThereAnyDeal","userNote_syncButtonPull":"Pull notes from\nIsThereAnyDeal","userNote_syncPulled":"__n__ note(s) were pulled from IsThereAnyDeal","userNote_syncPushed":"__n__ note(s) were pushed to IsThereAnyDeal","userNote_syncFailed":"__n__ note(s) failed to sync","userNote_syncError":"Your note failed to sync","userNote_syncErrorEmpty":"Note is empty","userNote_syncErrorUnknown":"ITAD does not know this game","userNote_syncErrorLength":"Note is too long (__length__, max: __max__)","queue_new":"Nouvelle liste","queue_newTooltip":"Retirer ce produit de votre liste et démarrer une nouvelle liste.","workshop_workshop":"Workshop","workshop_subscriptions":"Abonnements","workshop_subscribeAll":"S'abonner à tout","workshop_subscribeConfirm":"Voulez-vous vraiment vous abonner aux __count__ objets du workshop avec ces filtres ?","workshop_subscribeLoading":"Abonnement à __i__/__count__ objets du workshop, veuillez patienter...","workshop_unsubscribeAll":"Se désabonner de tout","workshop_unsubscribeConfirm":"Voulez-vous vraiment vous désabonner aux __count__ objets du workshop avec ces filtres ?","workshop_unsubscribeLoading":"Désabonnement de __i__/__count__ objets du workshop, veuillez patienter...","workshop_finished":"Terminé ! __success__ réussis, __fail__ échoués. Cliquez OK pour actualiser la page","workshop_failed":"__n__ échoués","originalAuthors":"Auteurs originaux","acknowledgements":"Remerciements","countries_ad":"Andorre","countries_ae":"Émirats arabes unis","countries_af":"Afghanistan","countries_ag":"Antigua-et-Barbuda","countries_ai":"Anguilla","countries_al":"Albanie","countries_am":"Arménie","countries_an":"Antilles néerlandaises","countries_ao":"Angola","countries_ar":"Argentine","countries_as":"Samoa américaines","countries_at":"Autriche","countries_au":"Australie","countries_aw":"Aruba","countries_az":"Azerbaïdjan","countries_ba":"Bosnie-Herzégovine","countries_bb":"Barbade","countries_bd":"Bangladesh","countries_be":"Belgique","countries_bf":"Burkina Faso","countries_bg":"Bulgarie","countries_bh":"Bahreïn","countries_bi":"Burundi","countries_bj":"Bénin","countries_bm":"Bermudes","countries_bn":"Brunei","countries_bo":"Bolivie","countries_br":"Brésil","countries_bs":"Bahamas","countries_bt":"Bhoutan","countries_bv":"Île Bouvet","countries_bw":"Botswana","countries_by":"Biélorussie","countries_bz":"Bélize","countries_ca":"Canada","countries_cd":"Congo-Kinshasa","countries_cf":"République centrafricaine","countries_cg":"Congo-Brazzaville","countries_ch":"Suisse","countries_ci":"Côte d’Ivoire","countries_ck":"Îles Cook","countries_cl":"Chili","countries_cm":"Cameroun","countries_cn":"Chine","countries_co":"Colombie","countries_cr":"Costa Rica","countries_cu":"Cuba","countries_cv":"Cap-Vert","countries_cy":"Chypre","countries_cz":"République tchèque","countries_de":"Allemagne","countries_dj":"Djibouti","countries_dk":"Danemark","countries_dm":"Dominique","countries_do":"République dominicaine","countries_dz":"Algérie","countries_ec":"Équateur","countries_ee":"Estonie","countries_eg":"Égypte","countries_eh":"Sahara occidental","countries_er":"Érythrée","countries_es":"Espagne","countries_et":"Éthiopie","countries_fi":"Finlande","countries_fj":"Fidji","countries_fk":"Îles Malouines","countries_fm":"Micronésie","countries_fo":"Îles Féroé","countries_fr":"France","countries_ga":"Gabon","countries_gb":"Royaume-Uni","countries_gd":"Grenade","countries_ge":"Géorgie","countries_gf":"Guyane","countries_gg":"Guernesey","countries_gh":"Ghana","countries_gi":"Gibraltar","countries_gl":"Groenland","countries_gm":"Gambie","countries_gn":"Guinée","countries_gp":"Guadeloupe","countries_gq":"Guinée équatoriale","countries_gr":"Grèce","countries_gs":"Géorgie du Sud","countries_gt":"Guatemala","countries_gu":"Guam","countries_gw":"Guinée-Bissau","countries_gy":"Guyana","countries_hk":"RAS de Hong Kong Chine","countries_hm":"Îles Heard-et-MacDonald","countries_hn":"Honduras","countries_hr":"Croatie","countries_ht":"Haïti","countries_hu":"Hongrie","countries_id":"Indonésie","countries_ie":"Irlande","countries_il":"Israël","countries_im":"île de Man","countries_in":"Inde","countries_io":"Territoire britannique de l'océan Indien","countries_iq":"Iraq","countries_ir":"Iran","countries_is":"Islande","countries_it":"Italie","countries_je":"Jersey","countries_jm":"Jamaïque","countries_jo":"Jordanie","countries_jp":"Japon","countries_ke":"Kenya","countries_kg":"Kirghizistan","countries_kh":"Cambodge","countries_ki":"Kiribati","countries_km":"Comores","countries_kn":"Saint-Christophe-et-Niévès","countries_kp":"Corée du Nord","countries_kr":"Corée du Sud","countries_kw":"Koweit","countries_ky":"Îles Caïmans","countries_kz":"Kazakhstan","countries_la":"Laos","countries_lb":"Liban","countries_lc":"Sainte-Lucie","countries_li":"Liechtenstein","countries_lk":"Sri Lanka","countries_lr":"Libéria","countries_ls":"Lesotho","countries_lt":"Lituanie","countries_lu":"Luxembourg","countries_lv":"Lettonie","countries_ly":"Libye","countries_ma":"Maroc","countries_mc":"Monaco","countries_md":"Moldavie","countries_me":"Monténégro","countries_mg":"Madagascar","countries_mh":"Îles Marshall","countries_mk":"Macédoine","countries_ml":"Mali","countries_mm":"Myanmar [Birmanie]","countries_mn":"Mongolie","countries_mo":"RAS de Macao Chine","countries_mp":"Îles Mariannes du Nord","countries_mq":"Martinique","countries_mr":"Mauritanie","countries_ms":"Montserrat","countries_mt":"Malte","countries_mu":"Maurice","countries_mv":"Maldives","countries_mw":"Malawi","countries_mx":"Mexique","countries_my":"Malaisie","countries_mz":"Mozambique","countries_na":"Namibie","countries_nc":"Nouvelle Calédonie","countries_ne":"Niger","countries_nf":"Île Norfolk","countries_ng":"Nigeria","countries_ni":"Nicaragua","countries_nl":"Pays-Bas","countries_no":"Norvège","countries_np":"Népal","countries_nr":"Nauru","countries_nu":"Niue","countries_nz":"Nouvelle-Zélande","countries_om":"Oman","countries_pa":"Panama","countries_pe":"Pérou","countries_pf":"Polynésie française","countries_pg":"Papouasie-Nouvelle-Guinée","countries_ph":"Philippines","countries_pk":"Pakistan","countries_pl":"Pologne","countries_pm":"Saint-Pierre-et-Miquelon","countries_pn":"Îles Pitcairn","countries_pr":"Porto Rico","countries_ps":"Territoires palestiniens","countries_pt":"Portugal","countries_pw":"Palaos","countries_py":"Paraguay","countries_qa":"Qatar","countries_re":"Réunion","countries_ro":"Roumanie","countries_rs":"Serbie","countries_ru":"Russie","countries_rw":"Rwanda","countries_sa":"Arabie saoudite","countries_sb":"îles Salomon","countries_sc":"Seychelles","countries_sd":"Soudan","countries_se":"Suède","countries_sg":"Singapour","countries_sh":"Sainte-Hélène","countries_si":"Slovénie","countries_sk":"Slovaquie","countries_sl":"Sierra Leone","countries_sm":"Saint-Marin","countries_sn":"Sénégal","countries_so":"Somalie","countries_sr":"Suriname","countries_st":"Sao Tomé-et-Principe","countries_sv":"Le Salvador","countries_sy":"Syrie","countries_sz":"Eswatini","countries_tc":"Îles Turques-et-Caïques","countries_td":"Tchad","countries_tf":"Terres australes françaises","countries_tg":"Togo","countries_th":"Thaïlande","countries_tj":"Tadjikistan","countries_tk":"Tokelau","countries_tl":"Timor oriental","countries_tm":"Turkménistan","countries_tn":"Tunisie","countries_to":"Tonga","countries_tr":"Turquie","countries_tt":"Trinité-et-Tobago","countries_tv":"Tuvalu","countries_tw":"Taïwan","countries_tz":"Tanzanie","countries_ua":"Ukraine","countries_ug":"Ouganda","countries_um":"Îles mineures éloignées des États-Unis","countries_us":"États-Unis","countries_uy":"Uruguay","countries_uz":"Ouzbékistan","countries_va":"Vatican","countries_vc":"Saint-Vincent-et-les-Grenadines","countries_ve":"Venezuela","countries_vg":"Îles Vierges britanniques","countries_vi":"Îles Vierges des États-Unis","countries_vn":"Viêt Nam","countries_vu":"Vanuatu","countries_wf":"Wallis-et-Futuna","countries_ws":"Samoa","countries_ye":"Yémen","countries_yt":"Mayotte","countries_za":"Afrique du Sud","countries_zm":"Zambie","countries_zw":"Zimbabwe"}}