{"stats":{"strings":812,"translated":471},"strings":{"deleteCommentPrompt":"Are you sure you want to delete this comment?","downloadDemoHeader":"__gamename__ Demo letöltése","deckCompat_header":"Steam Deck Compatibility","deckCompat_unknown":"Unknown","deckCompat_unsupported":"Unsupported","deckCompat_playable":"Playable","deckCompat_verified":"Verified","featureHint_desc":"Would you like to enable the following feature?","featureHint_reminder":"You can change your preferences through the options page later.","thewordyes":"Igen","thewordno":"Nem","theworderror":"Error","noData":"No data","toomanyrequests":"Too Many Requests","showComments":"Kommentek megjelenítése","hideComments":"Kommentek elrejtése","thewordunknown":"Unknown","calcWorkshopSize_fileSize":"Fájlméret __size__","calcWorkshopSize_calcSize":"Teljes méret kiszámítása","calcWorkshopSize_calcLoading":"Calculating __i__/__count__ workshop items, please wait...","calcWorkshopSize_calcFinished":"Finished! Successfully calculated __success__/__total__ items.","calcWorkshopSize_totalSize":"Teljes méret: __size__","cart":"Kosár","inCart":"In Cart","steamidOfUser":"__user__ SteamID-ja","copied":"Vágólapra helyezve.","viewSteamid":"SteamID megtekintése","moreOnSteampeek":"Még több a SteamPeek-en","date":"Dátum","rating":"Értékelés","helpful":"Hasznos","funny":"Vicces","length":"Hossz","visibility":"Láthatóság","processing":"Feldolgozás..","wait":"Kérem várjon","inviteFriends":"Barátok meghívása","inviteToGroup":"Meghívás csoportba","inverse":"Megfordítás","transactionStatus":"__failed__ kérés sikertelen. Lekért tranzakciók: __size__/__total__","customTags":"Egyedi címkék","addTag":"Címke hozzáadása","enterTag":"Add meg a kívánt egyedi címkét","status":"Státusz:","connect":"Kapcsolódás","connected":"Kapcsolódva","disconnect":"Kapcsolat bontása","disconnected":"Kapcsolat bontva","oneclickgoo":"Drágakőre váltás 1 kattintással","viewInLibrary":"Megtekintés a Könyvtárban","support":"Támogatás","email":"E-mail","contact":"Kapcsolat","favEmoticonsDragging":"Húzz ide emoticon-okat a kedvencekbe helyezéshez","favEmoticonsNoAccess":"You don't have access to this emoticon","postHistory":"Előzmények megtekintése","addNickname":"Adj hozzá egy becenevet","totalSize":"Teljes méret","dlcDetails":"Letölthető tartalom részletei","badgeNotUnlocked":"Nincs feloldva","badgeLevel":"Level __level__","each":"Minden","viewInMarket":"Megnéz a Közösségi Piacon","remove":"Remove","getHelp":"Segítség","addSelectedDlcToCart":"Kijelölt DLC hozzáadása a kosárhoz","close":"Bezár","error":"Hiba történt","go":"Ugrás","activate":"Termék aktiválása","activateMultipleHeader":"Add meg a termékkódokat, soronként egyet","activateMultiple":"Több termék aktiválása","activateProducts":"Termékek aktiválása","couponApplicationNote":"A Raktáradban lévő kupon automatikusan érvénybe lép a pénztárnál.","hide":"Elrejt","filters":"Augmented Steam szűrői","cardsOwned":"__owned__ db kártyád van a lehetséges __possible__ db-ból","libraryMenu":"Könyvtár","clearCache":"Gyorsítótár ürítése","translation":"Fordítás","helpTranslate":"Segíts az Augmented Steam fordításában a POEditor-on","lowest":"Legalacsonyabb","lowestPrice":"A jelenlegi legalacsonyabb ár:","viewBadgeProgress":"Kitűző állapot megtekintése","badgeProgress":"Kitűzőállapot","salesTotal":"Eladás összesen:","viewNormalBadge":"Közönséges kitűzőállapot megnézése","apppageSections":"Válaszd ki azokat a terméktípusokat, melyeket látni szeretnél ebben a részben","website":"Weboldal","games":"Játékok","badgeCompletionCost":"A kitűző összeállításának költsége: __cost__","loading":"Betöltés...","selling":"Eladás...","quickSell":"Gyors eladás __amount__-ért","quickSellDesc":"__modifier__ árkülönbsége a legolcsóbb jelenleg listázotthoz képest Steam Piac-on","instantSell":"Azonalli eladás __amount__-ért","instantSellDesc":"A jelenleg listázott legdrágább megrendelés Steam Piac-on","quickSellVerify":"Steam Guard confirmation needed","startingAt":"Kezdődik: __price__","homepageTabs":"Kezdőlap","store":"Áruház","viewInStore":"Megtekintés a Áruház","communityHub":"Community Hub","viewOnWebsite":"Megtekintés itt: __website__","drmThirdParty":"Figyelem: A játék külső DRM-et tartalmaz __drmlist__.","hoursShort":"__hours__ óra","spamCommentShow":"__num__ kéretlen hozzászólás elrejtve az oldalon.  Kattintson ide a megtekintéshez.","addToWishlist":"Felvétel a kívánságlistára","addFullgameToWishlist":"Add full game to your wishlist","addToWaitlist":"Kívánságlistához adás","addFullgameToWaitlist":"Add full game to your Waitlist","removeFromWaitlistTooltip":"Remove from your Waitlist","removeFullgameFromWaitlistTooltip":"Remove full game from your Waitlist","removeFromWishlistAndWaitlistTooltip":"Remove from both your wishlist and Waitlist","removeFullgameFromWishlistAndWaitlistTooltip":"Remove full game from both your wishlist and Waitlist","language":"Nyelv","theworddefault":"Alapértelmezett","thewordclear":"Törlés","couponLearnMore_linkText":"Learn more","couponLearnMore_fullText":"__linkdesc__ about Steam Coupons","show":"Mutat","showAll":"Show All","badgesAll":"Összes kitűző","esSupporter":"Enhanced Steam Támogató","community":"Közösség","ownedCollection":"__gametitle__ is already in your IsThereAnyDeal Collection","viewBadge":"Kitűzők mutatása","purchaseTotal":"Vásárlás összesen:","viewFoilBadge":"Fóliás kitűzőállapot megnézése","viewAstats":"AStats oldal megnézése","contribute":"Közreműködés (GitHub)","reviews":"Értékelések","readReviews":"Értékelések olvasása","readMoreReviews":"További vélemények a(z)","youtubeGameplay":"YouTube Gameplay","youtubeReviews":"YouTube értékelések","packageInfo":"Csomaginfó","badgeCompletionAvg":"Az összeállítás áltagköltsége: __cost__","volumeSoldLast_24":"Mennyiség: __sold__ eladva az elmúlt 24 órában","soldLast_24":"__sold__ eladva az elmúlt 24 órában","homepageCurators":"Steam Kurátor Ajánlások","homepageTopnewreleases":"Top Steam megjelenések","homepageSidebar":"Oldalsáv","dropCalc":"Kattints ide, hogy megtudd hány kártya eshet még","price":"Ár","marketTransactions":"Piaci tranzakciók","loadMarketStats":"Piaci statisztikák betöltése","cardDropsRemaining":"__drops__ kártya kapható még","badgesDrops":"További kártyát adó kitűzők","usingLanguageReturn":"Click here to browse Steam in __base__.","guides":"Útmutatók","highlight":"Kiemel","save":"Ment","view":"Megtekint","gameName":"Játék neve","notinterested":"A tétel érdektelennek jelölve","ignoredOwned":"Games you ignored as played on different platform","searchFilters_reviewsScore_between":"__lower__% és __upper__% értékelés között","searchFilters_reviewsScore_any":"Bármilyen értékelés","searchFilters_reviewsScore_upTo":"Legfeljebb __score__% értékelés","searchFilters_reviewsScore_from":"Legalább __score__% értékelés","searchFilters_reviewsCount_count":"Értékelések száma:","searchFilters_reviewsCount_minCount":"Min. darab:","searchFilters_reviewsCount_maxCount":"Max. darab:","searchFilters_discountPercent_count":"Discount percent:","searchFilters_discountPercent_minCount":"Min %","searchFilters_discountPercent_maxCount":"Max %","searchFilters_hideCart":"Kosárban lévő elemek elrejtése","searchFilters_hideEa":"Korai Hozzáférés elemek elrejtése","searchFilters_hideMixed":"Vegyes értékelések elrejtése","searchFilters_hideNegative":"Negatív értékelések elrejtése","news":"Hírek","viewinclient":"Megtekintés a Steam kliensben","customBackground":"Egyedi profilháttér","customStyle":"Egyéni stílus","customStyleHelp":"Minden Bővített Steam felhasználó látni fogja ezt a témát a profilodon.A nem Bővített Steam felhasználók nem látják a változtatásokat.","noneselected":"Nincs kiválasztva / Nincs változás","mostDrops":"Legtöbb Esés","netGain":"Tiszta nyereség:","apppageRecentupdates":"Friss események és bejelentések","apppageEaheader":"Korai hozzáférés info doboz","apppageEabanner":"Korai hozzáférés megbeszélések banner","apppageWorkshop":"Steam Műhely Banner","apppageGreenlight":"Steam Greenlight Banner","apppageLegal":"Jogi információ","apppageFranchise":"Franchise","apppageMorefromfranchise":"Több a franchise-ból","bugFeature":"Hibajelentés","always":"Mindig","ratingDetails":"Értékelések megnézése","dropsWorthAvg":"Hozzávetőleges érték","familySharingNotice_notice":"Notice:","familySharingNotice_desc":"This game is excluded from Steam's Family Sharing service.","visitStore":"Áruházi oldal megnézése","all":"Összes","externalFunds":"External Funds Used","shoppingCartHistory":"View Shopping Cart history","manageWebapiKey":"Manage my Steam Web API key","steamCloudHeader":"Steam Felhő","steamCloudSaves":"View Cloud saves","gamesWithDrops":"__dropsgames__ játék ad további kártyákat","binderView":"Rács nézet","usingLanguage":"You are browsing Steam in __current__.","loginWarning":"Győződj meg róla, hogy be vagy jelentkezve __link__, hogy az Augmented Steam összes funkcióját használhasd","visitTradeForum":"Csere fórum meglátogatása","purchaseDate":"(Megvéve ekkor: __date__)","customBackgroundHelp":"Az összes Augmented Steam felhasználó ezt a hátteret fogja látni a profilodban. A nem Augmented Steam felhasználók a hagyományos profilhátteredet fogják látni.","dateUnlocked":"Feloldás dátuma","netSpent":"Tiszta kiadás:","buy":"Vétel","buyPackage":"__package__ megvásárlása","moreInformation":"További információ","regionUnavailable":"Nem elérhető ebben a régióban","avgPrice_3cards":"Három játékkártya átlagára: __price__","groups_leaveGroupsConfirm":"Biztos ki akarsz lépni __n__ kijelölt csoportból?","groups_manageGroups":"Csoportok kezelése","groups_actionGroups":"Válaszd ki a csoportokat amelyeken műveletet kívánsz végrehajtani.","groups_select":"Kijelölés:","groups_leave":"Kilépés csoportokból","groups_selected":"__n__ kijelölve.","groups_leaveAdminConfirm_currentlyAdmin":"You are currently admin of __name__.","groups_leaveAdminConfirm_wantToLeave":"Are you sure you want to leave this group?","export_wishlist":"Kívánságlista exportálása","export_type":"Export típus","export_format":"Szöveg formátum","export_text":"Szöveg","export_download":"Letöltés","export_copyClipboard":"Vágólapra helyezés","none":"Egyik sem","emptyWishlist_title":"Kívánságlista ürítése","emptyWishlist_confirm":"Are you sure you want to empty your wishlist? This action cannot be undone!","emptyWishlist_removing":"App eltávolítása (__cur__/__total__)...","about":"Infó","never":"Soha","couponAvailable":"Van felhasználható kuponod!","launchRandom":"Indíts el egy véletlenszerű játékot","playGame":"Játssz a __gamename__?","dropsValue":"Kapott tárgy legmagasabb értéke","cardsRemain":"Least cards remaining to complete set","wishlist":"Kívánságlista","onWishlist":"On wishlist","onWaitlist":"Várólistán","onWishlistAndWaitlist":"On wishlist and Waitlist","cancel":"Mégse","wikiArticle":"__pcgw__ cikk megtekintése","viewAll":"ÖSSZES MEGTEKINTÉS","gamesWithBooster":"__boostergames__ játékhoz vagy jogosult bónuszcsomagra","sortBy":"Rendezési szempont:","playtime":"Játékidő","awards":"Awards","year":"Év","lastonline":"Legutoljára online","members":"Tagok","name":"Név","drmThirdPartySub":"Figyelem: Ez a csomag egy vagy több 3. féltől származó DRM címet tartalmaz __drmlist__.","customize":"Testreszabás","bundleSavingText":"Ennyit spórolsz a csomag megvásárlásával","thewordoptions":"Beállítások","discussions":"Megbeszélések","pricing_lowestPrice":"Jelenlegi legjobb:","pricing_historicalLow":"Eddigi legalacsonyabb:","pricing_bundled":"Csomagban:","pricing_withVoucher":"kuponnal __voucher__","pricing_store":"itt __store__","pricing_bundleCount":"__count__ alkalommal","webBrowserChat":"Webböngészős csevegés","steamClientChat":"Steam-kliens csevegés","equipOnProfile":"Equip on Profile","previewBackground":"Háttérkép előnézete","expandSlider":"Galéria nagyítása","contractSlider":"Galéria visszaállítása","earlyAccess":"Korai hozzáférés","tagShort":"Használj rövid tag-eket, hogy helyet takaríts meg","noPriceData":"Ár adatok nem elérhetőék","userScore":"Felhasználók pontszáma","marketPopularItemsToggle":"Népszerű tárgyak automatikus frissítésének be- és kikapcsolása","showProgressbar":"Augmented Steam folyamatjelző- és státusz sáv mutatása","achievements_option":"Teljesítmények mutatása az áruház oldalain","achievements_summary":"__unlocked__/__total__(__percentage__%) elért teljesítmény: ","bundle_offerEnds":"Ajánlat vége","bundle_includes":"Tartalmaz __num__ tárgyat","bundle_tierIncludes":"__tier__ (__price__) tartalmaz __num__ tárgyat","bundle_tier":"Szint __num__","bundle_header":"Csomagok, amik tartalmazzák ezt a játékot","bundle_info":"Csomaginfó","charts_peakall":"Eddigi csúcs","charts_current":"Jelenlegi játékosok","charts_playingNow":"Most játszik","charts_peaktoday":"Mai csúcs","hltb_title":"How Long to Beat","hltb_mainE":"Főszál és mellékfeladatok","hltb_compl":"Összesen","hltb_main":"Főszál","options_friendsAndGroups":"Friends and Groups","options_friendsAppendNickname":"Append nicknames to friends' names","options_settingsMngmt_import":"Import","options_settingsMngmt_importSuccess":"Sikeresen importált beállítások","options_settingsMngmt_importFail":"Beállítások importálása sikertelen","options_settingsMngmt_export":"Export","options_settingsMngmt_reset":"Visszaállítás","options_showCustomThemes":"Egyéni témák megjelenítése","options_communityDefaultTab":"Alapértelmezett közösségi főoldal fül:","options_videos":"Videók","options_broadcasts":"Közvetítések","options_artwork":"Alkotások","options_screenshots":"Képernyőképek","options_showBacktotop":"Vissza a tetejére gomb mutatása hosszú oldalakon","options_contextMenu":"Kontextus menü","options_contextSteamStore":"Steam Áruház keresése ezzel: '__query__'","options_contextSteamMarket":"Steam Piac keresése ezzel: '__query__'","options_contextItad":"IsThereAnyDeal keresése ezzel: '__query__'","options_contextBartervg":"Barter.vg keresése ezzel: '__query__'","options_contextSteamdb":"SteamDB keresése ezzel: '__query__'","options_contextSteamdbInstant":"Azonalli SteamDB keresés ezzel: '__query__'","options_contextSteamKeys":"Kijelölésen belüli Steam kulcsok aktiválása","options_wsgf":"Mutassa a WSGF (Széles képernyő) infókat","options_versionShow":"Változtatások mutatása, amikor az Augmented Steam frissül","options_steamcardexchange":"SteamCardExchange linkek mutatása a Kitűzőkőn","options_regionalPrice":"Régiók árainak összehasonlítása","options_excludef2p":"Az ingyenes játékok kizárása a kiemeléstől","options_profileLinkImagesNone":"Semmi","options_profileLinks":"Mutassa a profil linkeket a","options_tag":"Címkézd:","options_icon":"Ikon","options_name":"Név","options_showAlternativeLinuxIcon":"Alternatív Linux ikon megjelenítése","options_replacecommunityhublinks":"Replace community hub links with store page links","options_hideannouncementcomments":"Kommentek automatikus elrejtése csoport bejelentések alatt","options_hidetmsymbols":"Hide trademark and copyright symbols in game titles","options_metacritic":"Mutassa a Metacritic felhasználó pontokat","options_opencritic":"Opencritic.com információk mutatása","options_hideactivelistings":"Összes aktív eladás elrejtése a steamon alapértelemzés szerint","options_showlowestmarketprice":"Legalacsonyabb piaci ár mutatása az általad listázott elemekre","options_clear":"Biztosan alaphelyzetbe állítja a beállításokat? A művelet nem vonható vissza.","options_coupon":"Kuponok","options_showPackageInfo":"Csomag információ megjelenítése minden alkalmazásra","options_wlbuttoncommunityapp":"\"Tedd Kivánságlistára\" gomb megjelenítése a közösségi alkalmazásokon","options_removeguideslanguagefilter":"Ne szűrje automatikusan az Útmutatókat nyelv szerint","options_confirmdeletecomment":"Show confirmation when deleting comments","options_disablelinkfilter":"Megerősítés kikapcsolása külső oldalak esetén","options_regionalPriceOn":"Mutassa a régiók árainak összevetését","options_horizontalscrolling":"Vízszintes görgetés engedélyezése egér görgővel","options_supportinfo":"Támogatás info mutatása az áruház oldalakon","options_drm":"Mutassa a 3. fél általi DRM figyelmeztetéseket","options_profileLinkImages":"Profile and Group links image style","options_show1clickgoo":"Mutassa \"1 klikk cserélje drágakőre\" gomb az alkalmazható raktár tárgyakon.","options_hltb":"Mutassa a HowLongToBeat.com infókat","options_hidespamcomments":"Rejtse el a spam hozzászólásokat a Mühely és profilon.","options_gift":"Ajánékok","options_regionalPriceMouse":"Egér mutató az Ár felett","options_lowestpriceHeader":"Ártörténeti információk","options_storesAll":"Összehasonlítás az összes bolttal","options_viewInCurrency":"Valuta:","options_showEarlyAccess":"Mutassa a Korai Hozzáférés jelzéseket","options_profileLinkImagesGray":"Szürke","options_quickinv":"Gyors Eladás gomb mutatása a Közösségi tárgyakon a raktárban","options_quickinvDiff":"Gyors Eladás szerkesztő:","options_sendAgeInfo":"Automatikusan elküldi az életkor ellenőrzést amikor kérik","options_showdeckcompat":"Show Steam Deck compatibility ratings in the features list (and fetch the data when it's missing)","options_removebroadcasts":"Élő közvetítések eltávolítása teljesen","options_exfgls":"Figyelmeztetés ha egy app ki van zárva a Családi Megosztásból","options_mp4video":"App Store videók MP4 formátumba kényszerítése","options_youtube":"YouTube linkek mutatása","options_twitch":"Twitch linkek mutatása","options_pcgw":"Mutassa a PCGaminfWiki linkeket","options_completionistme":"Completionist.me linkek mutatása","options_protondb":"ProtonDB linkek mutatása","options_storeSteamcards":"SteamCardExchange link mutatása az áruház oldalain","options_spamcommentregex":"Reguláris kifejezés:","options_regionalHideworld":"Globális mutató elrejtése","options_showAstatslink":"AStats hivatkozás mutatása az áruház oldalain","options_showYoutubegameplay":"YouTube játékmenet videók mutatása az app oldalakon","options_showYoutubereviews":"YouTube értékelések mutatása az app oldalakon","options_openinnewtab":"Külső linkek megnyitása új tabon","options_showbartervg":"Barter.vg linkek mutatása","options_guest":"Vendégkártyák","options_collection":"Elemek az ITAD gyűjteményedben","options_waitlist":"Elemek az ITAD kívánságlistádon","options_showPlayersInfo":"Show player count information","options_showallstats":"Játékidő statisztikák mutatása az \"Összes játék\" oldalon","options_lowestpriceOnwishlist":"Mutassa a kívánságlistát","options_steamrepapi":"SteamRep statisztika mutatása a profil oldalakon","options_profileSteamid":"SteamID mutatása a profilokon","options_profilePinnedBg":"Pin the profile background position while scrolling","options_lowestprice":"Mutat","options_owned":"Tárgyaid","options_itadlinks":"IsThereAnyDeal linkek mutatása","options_steamdb":"Mutassa a SteamDB linkeket","options_profileLinkImagesColor":"Színezett","options_showViewInLibrary":"\"Megtekintés a könyvtárban\" gomb mutatása birtokolt játékoknál","options_installSteamButton":"\"Steam telepítése\" gomb","options_replaceViewClient":"Lecserélés \"Megtekintés a Steam kliensben\"-re","options_showEmptyWishlist":"\"Üres kívánságlista\" gomb kimutatása","options_showWishlistStats":"Kívánságlista statisztikák mutatása a kívánságlistán","options_oneclickremovewl":"Skip confirmation when removing items","options_userNotes_userNotes":"Jegyzetek","options_userNotes_app":"App oldalakon","options_userNotes_wishlist":"Kivánságlistámon","options_userNotes_loc":"Storage location","options_userNotes_syncedStorage":"Synced/Local storage","options_userNotes_local":"Lokális adatbázis","options_inventoryNavText":"Bővített kezelési lehetőségek a raktár oldalon","options_marketTotal":"Tranzakció összefoglalás megjelenítése a Piacon","options_lowestpriceCoupon":"Kupon kódok beszámítása ár összehasonlításkor","options_general":"Általános","options_apppage":"App oldal","options_market":"Piac","options_inventory":"Leltár","options_profile":"Profil","options_group":"Csoport","options_friendActivity":"Friend Activity Feed","options_groupLinks":"Csoport linkek mutatása neki:","options_showLanguagewarning":"Figyelmeztessen, ha ettől eltérő nyelven böngészek:","options_homepage":"Főoldal","options_homepageDefaultTab":"Alapértelmezett főoldali lap","options_homepageDefaultTabRemember":"Megjegyezze az előzőt","options_homepageDefaultTabNewreleases":"Népszerű Új Megjelenések","options_homepageDefaultTabTopsellers":"Legkelendőbb","options_homepageDefaultTabUpcoming":"Közelgő","options_homepageDefaultTabSpecials":"Speciálisok","options_wishlist":"Tárgyak a kívánságlistádon","options_addAnotherRegion":"Hozzáad","options_skipGotSteam":"'Van Steamed?' ablak átugrása","options_storeGeneralThirdparty":"Beállítások külső oldalak információiról","options_purchaseDates":"Vásárlás dátumának mutatása az áruház oldalain","options_showBadgeProgress":"Alkalmazások kitűző állapotának mutatása az áruházban","options_showCoupon":"Felhasználható kupon mutatása áruház oldalakon","options_showWishlistLink":"Kívásnságlista linkjének mutatása a profilokon","options_showWishlistCount":"Kívánságlistán szereplő tárgyak számának mutatása","options_profileShowcaseTwitch":"Twitch.tv bemutató hozzáadása, ha van rá link","options_profileShowcaseOwnTwitch":"...beleértve a saját profilod","options_profileShowcaseTwitchProfileonly":"...csak ha a link a profil összefoglalásban van","options_lang_english":"Angol","options_lang_brazilian":"Portugál-Brazil","options_lang_bulgarian":"Bulgár","options_lang_czech":"Cseh","options_lang_danish":"Dán","options_lang_dutch":"Holland","options_lang_finnish":"Finn","options_lang_french":"Francia","options_lang_greek":"Görög","options_lang_german":"Német","options_lang_hungarian":"Magyar","options_lang_italian":"Olasz","options_lang_japanese":"Japán","options_lang_koreana":"Koreai","options_lang_norwegian":"Norvég","options_lang_polish":"Lengyel","options_lang_portuguese":"Portugál","options_lang_russian":"Orosz","options_lang_romanian":"Román","options_lang_schinese":"Egyszerűsített kínai","options_lang_spanish":"Spanyol","options_lang_latam":"Latin-Amerikai Spanyol","options_lang_swedish":"Svéd","options_lang_tchinese":"Hagyományos kínai","options_lang_thai":"Thai","options_lang_turkish":"Török","options_lang_ukrainian":"Ukrán","options_lang_vietnamese":"vietnami","options_addCustomLink":"Egyedi link hozzáadása","options_autoDetect":"Auto felismerés","options_addToWaitlist":"\"Kívánságlistához adás\" lenyíló mutatása app oldalakon","options_collectionBannerNotOwned":"Only show In Collection banner when I don't own the game on Steam","options_maintainers":"Projekt karbantartók","options_withHelpOf":"sok segítséggel __contributors__","options_contributors":"nagyszerű közreműködőinktől","options_aboutDesc":"Augmented Steam is a fork of the Enhanced Steam extension.","options_aboutDescLinks":"Visit the extension's __website__ or our __discord__ for more info.","options_footerFork":"a fork by IsThereAnyDeal","options_footerAuthor":"original author jshackles","ready_loading":"Augmented Steam betölti az adatokat...","ready_ready":"Augmented Steam kész","ready_failed":"__amount__ kérés(ek) sikertelen(ek), nézd meg a böngésző konzolát további információért","ready_serverOutage":"Az Augmented Steam szerverek jelenleg túlterheltek","twitch_nowStreaming":"__username__ éppen közvetít a Twitch-en","twitch_viewers":"Nézők","dlcSelect_wishlistedDlc":"Kívánságlistán szereplő DLC-k kiválasztása","dlcSelect_none":"Kiválasztás törlése","dlcSelect_unownedDlc":"Nem birtokolt DLC-k kiválasztása","tag_wishlist":"Kívánságlista","tag_coupon":"Kupon","tag_invGift":"Ajándék","tag_invGuestpass":"Vendégbelépő","tag_owned":"Birtokolt","tag_notinterested":"Nem érdekel","tag_ignoredOwned":"Ignored (owned)","tag_collection":"Begyűjtött","tag_waitlist":"Kivánságlistán","wallet_customAmount":"Egyéni összeg hozzáadása","wallet_customAmountText":"Any amount over __minamount__","wallet_customGiftcard":"Válassz __input__ egyedi ajándékkártyát","wsgf_incomplete":"Nem teljes","wsgf_unsupported":"Ezt az eredmény azok a játékok kapják amik nem támogatják az __type__-t. A játék játszhatatlan lehet __type__-ben, vagy a kép szét lesz húzva. A helyes arányok nem lesznek megtartva.","wsgf_gold":"Ez az érem olyan játékoknak van kiosztva amik tökéletes pontszámot kaptak a WSGF-től az ő __type__ támogatásuk miatt, és __type__ Hitelesítettek.","wsgf_silver":"Ez az érem azoknak a játékoknak van ítélve akik egy kiszámított B értékelést értek el az ő __type__ támogatásukkal. Minden ilyen játék különösebb gondoktól mentes, de legalább egy olyan hibával rendelkezik ami megakadályozza a tökéletes pontszámot.","wsgf_limited":"Ez a pontszám azoknak a játékoknak jár akik egy kiszámított C szintet kaptak az ő __type__ támogatásukkal. Minden ilyen játék támogatja valamelyest az __type__-t de komoly gondokkal küzdenek.","wsgf_certifications":"WSGF Szélesvásznú Tanusítványok","itad_enableSyncLibrary":"Enable library sync","itad_enableSyncWishlist":"Enable wishlist sync","itad_import":"Időszakos importálás:","itad_lastImport":"Last import","itad_from":"from ITAD","itad_to":"to ITAD","itad_syncNow":"Szinkronizálás","itad_info_itadSteam":"Az Augmented Steam összekapcsolása az IsThereAnyDeal-lel engedélyezi a játékaid kiemelését és címkézését a gyűjteményedben akkor is, ha nincsenek meg Steam-en.","itad_info_steamItad":"Továbbá, engedélyezi a játékaid importálását a Steam könyvtáradból és/vagy kívánságlistádról az IsThereAnyDeal-re további pontosságért (pl. DLC-k, vagy nem listázott játékok). Ez a funkció jelenleg csak hozzáadni tud címeket, törölni nem, így nem teljesen pótolja az IsThereAnyDeal integrált szinkronizációját, csak bővíti.","tradeoffer_numItem":"__num__ tárgy","tradeoffer_numItems":"__num__ tárgyak","tradeoffer_back":"Back to Trade Offers","update_dontShow":"Ne Mutassa Újra","update_updated":"Augmented Steam frissítve lett a __version__ verzióra","update_changes":"View all changes on GitHub","register_success":"__gamename__ sikeresen aktiválva","register_owned":"Ez a Steam fiók már rendelkezik az ebben az ajánlatban szereplő termék(ek)el.","register_notavail":"Sajnáljuk, de a termék nem vásárolható meg ebben az országban. Termékkulcsod nem lett beváltva.","register_invalid":"A megadott termékkód érvénytelen. Kérjük, győződj meg róla, nem gépelted-e el a kódodat.","register_already":"Az általad megadott termékkódot már aktiválták egy másik Steam fiókkal.","register_dlc":"A megadott termékkód aktiválásához egy másik termékkel is rendelkezned kell.","register_wallet":"A kód, amit beírtál egy Steam ajándékkártyáé vagy Steam Pénztárcakód","register_toomany":"Túl sok aktiválási kísérlet történt a közelmúltban erről a felhasználói fiókról vagy IP-címről. Kérjük várj, és majd később próbáld újra a termékkódod.","register_default":"Váratlan hiba történt. Termékkódod nem került beváltásra. Kérjük, várj 30 percet és próbáld meg újra beváltani a kódot.","wl_label":"stats","wl_totalPrice":"jelenlegi érték","wl_inWishlist":"kívánságlistán","wl_onSale":"akciós","wl_noPrice":"ár nélkül","wl_hidden":"hidden apps","wl_hiddenTooltip":"Apps that have been removed/unlisted and are not visible on wishlists. Click for details.","wl_removeTitle":"Remove this item from your wishlist?","wl_removeConfirm":"Are you sure you want to remove 'appid __appid__' from your wishlist?","wl_removeConfirmWarn":"It cannot be re-added afterwards!","coll_totalTime":"összes idő","coll_inCollection":"gyűjteményben","coll_played":"játszott","coll_neverPlayed":"soha nem játszott","userNote_add":"Jegyzet hozzáadása","userNote_update":"Jegyzet frissítése","userNote_addForGame":"Jegyzetek ehhez: __gamename__","userNote_notEnoughSpace":"Nincs elég hely a jegyzet mentéséhez","userNote_notEnoughSpaceDesc":"Augmented Steam can't save any more user notes since your used storage adapter doesn't allow more data to be saved (attempting to use ~__perc__% of the storage capacity).","userNote_closeOnStorage":"You are running close on storage","userNote_closeOnStorageDesc":"Augmented Steam is close to not being able to save any more user notes (~__perc__% storage usage) with your current storage adapter.","userNote_storageWarningDesc":"You can choose to store your user notes in a local database (without synchronization) or continue using the storage method provided by your browser (where new notes can only be added if you delete some old).","userNote_saveSyncedStorage":"Continue using synced storage","userNote_saveLocal":"Jegyzetek lokális tárolása","userNote_syncOption":"Sync notes automatically","userNote_syncInfo_1":"You can sync your notes between Augmented Steam and IsThereAnyDeal. If you enable automatic sync, notes will be periodically fetched from ITAD. Edits via Augmented Steam will be mirrored to ITAD immediately.","userNote_syncInfo_2":"You can also manually push or pull notes between Augmented Steam and IsThereAnyDeal. We advise you to do so before enabling automatic sync, to ensure the correct version of the note is used, in case you have different notes stored for the same game.","userNote_syncInfo_3":"You can see all your notes stored in the Notes and Tags section on IsThereAnyDeal.","userNote_syncButtonPush":"Push notes to\nIsThereAnyDeal","userNote_syncButtonPull":"Pull notes from\nIsThereAnyDeal","userNote_syncPulled":"__n__ note(s) were pulled from IsThereAnyDeal","userNote_syncPushed":"__n__ note(s) were pushed to IsThereAnyDeal","userNote_syncFailed":"__n__ note(s) failed to sync","userNote_syncError":"Your note failed to sync","userNote_syncErrorEmpty":"Note is empty","userNote_syncErrorUnknown":"ITAD does not know this game","userNote_syncErrorLength":"Note is too long (__length__, max: __max__)","queue_new":"Új Sor","queue_newTooltip":"Elem törlése a sorból és új sor kezdése","workshop_workshop":"Műhely","workshop_subscriptions":"Feliratkozások","workshop_subscribeAll":"Feliratkozás mindre","workshop_subscribeConfirm":"Biztos feliratkozol __count__ műhely elemre ezekkel a szűrőkkel?","workshop_subscribeLoading":"Leiratkozás __i__/__count__ műhely elemre,  kérlek várj... ","workshop_unsubscribeAll":"Leiratkozás mindről","workshop_unsubscribeConfirm":"Biztosan le szeretnél iratkozni mind a __count__ műhely elemről ezekkel a szűrőkkel?","workshop_unsubscribeLoading":"Leiratkozás __i__/__count__ műhely elemről,  kérlek várj...","workshop_finished":"Kész!__success__sikeres, __fail__sikertelen. Kattints az OK-ra az oldal frissítéséhez.","workshop_failed":"__n__ sikertelen","originalAuthors":"Eredeti készítők","acknowledgements":"Elismerések","countries_ad":"Andorra","countries_ae":"United Arab Emirates","countries_af":"Afghanistan","countries_ag":"Antigua and Barbuda","countries_ai":"Anguilla","countries_al":"Albania","countries_am":"Armenia","countries_an":"Netherlands Antilles","countries_ao":"Angola","countries_ar":"Argentina","countries_as":"American Samoa","countries_at":"Austria","countries_au":"Australia","countries_aw":"Aruba","countries_az":"Azerbaijan","countries_ba":"Bosnia and Herzegovina","countries_bb":"Barbados","countries_bd":"Bangladesh","countries_be":"Belgium","countries_bf":"Burkina Faso","countries_bg":"Bulgaria","countries_bh":"Bahrain","countries_bi":"Burundi","countries_bj":"Benin","countries_bm":"Bermuda","countries_bn":"Brunei","countries_bo":"Bolivia","countries_br":"Brazil","countries_bs":"Bahamas","countries_bt":"Bhutan","countries_bv":"Bouvet Island","countries_bw":"Botswana","countries_by":"Belarus","countries_bz":"Belize","countries_ca":"Canada","countries_cd":"Congo - Kinshasa","countries_cf":"Central African Republic","countries_cg":"Congo - Brazzaville","countries_ch":"Switzerland","countries_ci":"Côte d’Ivoire","countries_ck":"Cook Islands","countries_cl":"Chile","countries_cm":"Cameroon","countries_cn":"China","countries_co":"Colombia","countries_cr":"Costa Rica","countries_cu":"Cuba","countries_cv":"Cape Verde","countries_cy":"Cyprus","countries_cz":"Czech Republic","countries_de":"Germany","countries_dj":"Djibouti","countries_dk":"Denmark","countries_dm":"Dominica","countries_do":"Dominican Republic","countries_dz":"Algeria","countries_ec":"Ecuador","countries_ee":"Estonia","countries_eg":"Egypt","countries_eh":"Western Sahara","countries_er":"Eritrea","countries_es":"Spain","countries_et":"Ethiopia","countries_fi":"Finland","countries_fj":"Fiji","countries_fk":"Falkland Islands","countries_fm":"Micronesia","countries_fo":"Faroe Islands","countries_fr":"France","countries_ga":"Gabon","countries_gb":"United Kingdom","countries_gd":"Grenada","countries_ge":"Georgia","countries_gf":"French Guiana","countries_gg":"Guernsey","countries_gh":"Ghana","countries_gi":"Gibraltar","countries_gl":"Greenland","countries_gm":"Gambia","countries_gn":"Guinea","countries_gp":"Guadeloupe","countries_gq":"Equatorial Guinea","countries_gr":"Greece","countries_gs":"South Georgia","countries_gt":"Guatemala","countries_gu":"Guam","countries_gw":"Guinea-Bissau","countries_gy":"Guyana","countries_hk":"Hong Kong SAR China","countries_hm":"Heard Island and McDonald Islands","countries_hn":"Honduras","countries_hr":"Croatia","countries_ht":"Haiti","countries_hu":"Hungary","countries_id":"Indonesia","countries_ie":"Ireland","countries_il":"Israel","countries_im":"Isle of Man","countries_in":"India","countries_io":"British Indian Ocean Territory","countries_iq":"Iraq","countries_ir":"Iran","countries_is":"Iceland","countries_it":"Italy","countries_je":"Jersey","countries_jm":"Jamaica","countries_jo":"Jordan","countries_jp":"Japan","countries_ke":"Kenya","countries_kg":"Kyrgyzstan","countries_kh":"Cambodia","countries_ki":"Kiribati","countries_km":"Comoros","countries_kn":"Saint Kitts and Nevis","countries_kp":"North Korea","countries_kr":"South Korea","countries_kw":"Kuwait","countries_ky":"Cayman Islands","countries_kz":"Kazakhstan","countries_la":"Laos","countries_lb":"Lebanon","countries_lc":"Saint Lucia","countries_li":"Liechtenstein","countries_lk":"Sri Lanka","countries_lr":"Liberia","countries_ls":"Lesotho","countries_lt":"Lithuania","countries_lu":"Luxembourg","countries_lv":"Latvia","countries_ly":"Libya","countries_ma":"Morocco","countries_mc":"Monaco","countries_md":"Moldova","countries_me":"Montenegro","countries_mg":"Madagascar","countries_mh":"Marshall Islands","countries_mk":"Macedonia","countries_ml":"Mali","countries_mm":"Myanmar [Burma]","countries_mn":"Mongolia","countries_mo":"Macau SAR China","countries_mp":"Northern Mariana Islands","countries_mq":"Martinique","countries_mr":"Mauritania","countries_ms":"Montserrat","countries_mt":"Malta","countries_mu":"Mauritius","countries_mv":"Maldives","countries_mw":"Malawi","countries_mx":"Mexico","countries_my":"Malaysia","countries_mz":"Mozambique","countries_na":"Namibia","countries_nc":"New Caledonia","countries_ne":"Niger","countries_nf":"Norfolk Island","countries_ng":"Nigeria","countries_ni":"Nicaragua","countries_nl":"Netherlands","countries_no":"Norway","countries_np":"Nepal","countries_nr":"Nauru","countries_nu":"Niue","countries_nz":"New Zealand","countries_om":"Oman","countries_pa":"Panama","countries_pe":"Peru","countries_pf":"French Polynesia","countries_pg":"Papua New Guinea","countries_ph":"Philippines","countries_pk":"Pakistan","countries_pl":"Poland","countries_pm":"Saint Pierre and Miquelon","countries_pn":"Pitcairn Islands","countries_pr":"Puerto Rico","countries_ps":"Palestinian Territories","countries_pt":"Portugal","countries_pw":"Palau","countries_py":"Paraguay","countries_qa":"Qatar","countries_re":"Réunion","countries_ro":"Romania","countries_rs":"Serbia","countries_ru":"Russia","countries_rw":"Rwanda","countries_sa":"Saudi Arabia","countries_sb":"Solomon Islands","countries_sc":"Seychelles","countries_sd":"Sudan","countries_se":"Sweden","countries_sg":"Singapore","countries_sh":"Saint Helena","countries_si":"Slovenia","countries_sk":"Slovakia","countries_sl":"Sierra Leone","countries_sm":"San Marino","countries_sn":"Senegal","countries_so":"Somalia","countries_sr":"Suriname","countries_st":"São Tomé and Príncipe","countries_sv":"El Salvador","countries_sy":"Syria","countries_sz":"Swaziland","countries_tc":"Turks and Caicos Islands","countries_td":"Chad","countries_tf":"French Southern Territories","countries_tg":"Togo","countries_th":"Thailand","countries_tj":"Tajikistan","countries_tk":"Tokelau","countries_tl":"Timor-Leste","countries_tm":"Turkmenistan","countries_tn":"Tunisia","countries_to":"Tonga","countries_tr":"Turkey","countries_tt":"Trinidad and Tobago","countries_tv":"Tuvalu","countries_tw":"Taiwan","countries_tz":"Tanzania","countries_ua":"Ukraine","countries_ug":"Uganda","countries_um":"U.S. Minor Outlying Islands","countries_us":"United States","countries_uy":"Uruguay","countries_uz":"Uzbekistan","countries_va":"Vatican City","countries_vc":"Saint Vincent and the Grenadines","countries_ve":"Venezuela","countries_vg":"British Virgin Islands","countries_vi":"U.S. Virgin Islands","countries_vn":"Vietnam","countries_vu":"Vanuatu","countries_wf":"Wallis and Futuna","countries_ws":"Samoa","countries_ye":"Yemen","countries_yt":"Mayotte","countries_za":"South Africa","countries_zm":"Zambia","countries_zw":"Zimbabwe"}}