{"stats":{"strings":812,"translated":773},"strings":{"deleteCommentPrompt":"Eliminare questo commento?","downloadDemoHeader":"Scarica la demo di __gamename__","deckCompat_header":"Compatibilità Steam Deck","deckCompat_unknown":"Sconosciuta","deckCompat_unsupported":"Non supportato","deckCompat_playable":"Giocabile","deckCompat_verified":"Verificato","featureHint_desc":"Abilitare la seguente funzionalità?","featureHint_reminder":"Potrai modificare in seguito le preferenze dalla pagina delle opzioni.","thewordyes":"Sì","thewordno":"No","theworderror":"Errore","noData":"Nessun dato","toomanyrequests":"Troppe richieste","showComments":"Mostra commenti","hideComments":"Nascondi commenti","thewordunknown":"Unknown","calcWorkshopSize_fileSize":"Dimensione file __size__","calcWorkshopSize_calcSize":"Calcola dimensione totale","calcWorkshopSize_calcLoading":"Calcolo di __i__/__count__ articoli del workshop, attendere...","calcWorkshopSize_calcFinished":"Completato! __success__/__total__ elementi calcolati con successo.","calcWorkshopSize_totalSize":"Dimensione totale: __size__","cart":"Carrello","inCart":"Nel carrello","steamidOfUser":"SteamID di __user__","copied":"Copiato negli appunti!","viewSteamid":"Visualizza lo SteamID","moreOnSteampeek":"Visualizza altro su SteamPeek","date":"Data","rating":"Punteggio","helpful":"Utile","funny":"Divertente","length":"Lunghezza","visibility":"Visibilità","processing":"Elaborazione in corso...","wait":"Attendere prego","inviteFriends":"Invita amici","inviteToGroup":"Invita al gruppo","inverse":"Inverso","transactionStatus":"__failed__ richieste fallite. Sono state recuperate __size__ transazioni su __total__.","customTags":"Etichette personalizzate","addTag":"Aggiungi un'etichetta","enterTag":"Inserisci un'etichetta personalizzata","status":"Stato:","connect":"Connettiti","connected":"Connesso","disconnect":"Disconnettiti","disconnected":"Disconnesso","oneclickgoo":"Trasforma in gemme con un clic...","viewInLibrary":"Visualizza nella libreria","support":"Supporto","email":"Email","contact":"Contatti","favEmoticonsDragging":"Trascina le emoticon qui per aggiungerle ai preferiti","favEmoticonsNoAccess":"Non hai accesso a questa emoticon","postHistory":"Visualizza la cronologia dei messaggi","addNickname":"Aggiungi un soprannome","totalSize":"Dimensione totale","dlcDetails":"Dettagli dei contenuti scaricabili","badgeNotUnlocked":"Da sbloccare","badgeLevel":"Level __level__","each":"Ciascuno","viewInMarket":"Visualizza nel mercato della comunità","remove":"Rimuovi","getHelp":"Ottieni assitenza","addSelectedDlcToCart":"Aggiungi i DLC selezionati al carrello","close":"Chiudi","error":"Si è verificato un errore","go":"Vai","activate":"Attiva un prodotto","activateMultipleHeader":"Inserisci i codici prodotto qui sotto, uno per ogni riga","activateMultiple":"Attiva prodotti multipli","activateProducts":"Attiva prodotti","couponApplicationNote":"Un coupon presente nel tuo inventario verrà utilizzato al momento del pagamento.","hide":"Nascondi","filters":"Filtri di Augmented Steam","cardsOwned":"__owned__ di __possible__ carte nell'inventario","libraryMenu":"Libreria","clearCache":"Svuota la cache","translation":"Traduzione","helpTranslate":"Aiutaci a tradurre Augmented Steam su POEditor","lowest":"Più basso","lowestPrice":"Prezzo più basso:","viewBadgeProgress":"Mostra il progresso della medaglia","badgeProgress":"Progresso della medaglia","salesTotal":"Vendite totali:","viewNormalBadge":"Mostra il progresso della medaglia normale","apppageSections":"Seleziona le sezioni che vorresti vedere su questa pagina","website":"Sito web","games":"Giochi","badgeCompletionCost":"Costo per il completamento: __cost__","loading":"Caricamento in corso...","selling":"Vendita in corso...","quickSell":"Vendita rapida a __amount__","quickSellDesc":"La differenza di prezzo di __modifier__ comparata al prezzo dell'offerta meno costosa attualmente in vendita sul mercato di Steam","instantSell":"Vendita istantanea a __amount__","instantSellDesc":"Il prezzo dell'ordine d'acquisto più alto richiesto sul mercato di Steam","quickSellVerify":"È necessaria la conferma di Steam Guard","startingAt":"A partire da: __price__","homepageTabs":"Schede della pagina principale","store":"Negozio","viewInStore":"Mostra nel negozio","communityHub":"Attività della Comunità","viewOnWebsite":"Visualizza su __website__","drmThirdParty":"Attenzione: questo titolo utilizza DRM di terze parti __drmlist__.","hoursShort":"__hours__ ore","spamCommentShow":"__num__ commenti spam nascosti in questa pagina. Clicca qui per mostrarli.","addToWishlist":"Aggiungi alla tua lista dei desideri","addFullgameToWishlist":"Add full game to your wishlist","addToWaitlist":"Aggiungi alla tua lista dei giochi in attesa","addFullgameToWaitlist":"Add full game to your Waitlist","removeFromWaitlistTooltip":"Rimuovi dalla Lista d'attesa","removeFullgameFromWaitlistTooltip":"Remove full game from your Waitlist","removeFromWishlistAndWaitlistTooltip":"Rimuovi sia dalla Lista dei desideri che dalla Lista d'attesa","removeFullgameFromWishlistAndWaitlistTooltip":"Remove full game from both your wishlist and Waitlist","language":"Lingua","theworddefault":"Predefinito","thewordclear":"Ripulisci","couponLearnMore_linkText":"Ulteriori informazioni","couponLearnMore_fullText":"__linkdesc__ sui coupon di Steam","show":"Mostra","showAll":"Mostra tutto","badgesAll":"Tutte le medaglie","esSupporter":"Sostenitore di Enhanced Steam","community":"Comunità","ownedCollection":"__gametitle__ is already in your IsThereAnyDeal Collection","viewBadge":"Mostra la medaglia","purchaseTotal":"Acquisti totali:","viewFoilBadge":"Visualizza il progresso della medaglia Foil","viewAstats":"Visualizza le statistiche su AStats","contribute":"Contributi (GitHub)","reviews":"Recensioni","readReviews":"Leggi le recensioni","readMoreReviews":"Leggi altre recensioni su","youtubeGameplay":"YouTube Gameplay","youtubeReviews":"Recensioni su YouTube","packageInfo":"Informazioni sul pacchetto","badgeCompletionAvg":"Costo medio di completamento: __cost__","volumeSoldLast_24":"Quantità: __sold__ venduti nelle ultime 24 ore","soldLast_24":"__sold__ venduti nelle ultime 24 ore","homepageCurators":"Consigli dei curatori di Steam","homepageTopnewreleases":"Uscite più popolari su Steam","homepageSidebar":"Barra laterale","dropCalc":"Clicca qui per calcolare le carte da trovare","price":"Prezzo","marketTransactions":"Transazioni del mercato","loadMarketStats":"Carica le statistiche del mercato","cardDropsRemaining":"__drops__ carte ancora da trovare","badgesDrops":"Medaglie con carte da trovare","usingLanguageReturn":"Clicca qui per navigare su Steam in __base__.","guides":"Guide","highlight":"Evidenzia","save":"Salva","view":"Visualizza","gameName":"Nome del gioco","notinterested":"Prodotti ignorati","ignoredOwned":"Games you ignored as played on different platform","searchFilters_reviewsScore_between":"Voto recensione tra __lower__% e __upper__%","searchFilters_reviewsScore_any":"Qualsiasi voto","searchFilters_reviewsScore_upTo":"Voto recensione fino a __score__%","searchFilters_reviewsScore_from":"Voto recensione da __score__%","searchFilters_reviewsCount_count":"Numero recensioni","searchFilters_reviewsCount_minCount":"Numero minimo","searchFilters_reviewsCount_maxCount":"Numero massimo","searchFilters_discountPercent_count":"Percentuale sconto:","searchFilters_discountPercent_minCount":"Min %","searchFilters_discountPercent_maxCount":"Max %","searchFilters_hideCart":"Nascondi prodotti nel carrello","searchFilters_hideEa":"Nascondi prodotti ad accesso anticipato","searchFilters_hideMixed":"Nascondi i prodotti con recensioni nella media","searchFilters_hideNegative":"Nascondi i prodotti con recensioni negative","news":"Notizie","viewinclient":"Visualizza sul client di Steam","customBackground":"Sfondo personalizzato","customStyle":"Tema personalizzato","customStyleHelp":"Tutti gli utenti di Augmented Steam vedranno questo tema sul tuo profilo. Gli altri invece non vedranno cambiamenti.","noneselected":"Nessuno selezionato / Non cambiare","mostDrops":"Quantità","netGain":"Utili netti:","apppageRecentupdates":"Eventi recenti e annunci","apppageEaheader":"Informazione sull'accesso anticipato","apppageEabanner":"Banner delle discussioni sull'accesso anticipato","apppageWorkshop":"Banner sul Workshop di Steam","apppageGreenlight":"Banner su Steam Greenlight","apppageLegal":"Informazioni legali","apppageFranchise":"Serie","apppageMorefromfranchise":"Altro da questa serie","bugFeature":"Segnala Bug / Suggerimenti","always":"Sempre","ratingDetails":"Vedi nel dettaglio","dropsWorthAvg":"Valore approssimativo","familySharingNotice_notice":"Avviso:","familySharingNotice_desc":"Gioco escluso dalla Condivisione familiare della Libreria.","visitStore":"Pagina del Negozio","all":"Tutti","externalFunds":"External Funds Used","shoppingCartHistory":"Visualizza cronologia del carrello","manageWebapiKey":"Gestisci chiave API Web di Steam","steamCloudHeader":"Steam Cloud","steamCloudSaves":"Visualizza salvataggi cloud","gamesWithDrops":"__dropsgames__ giochi con carte da trovare","binderView":"Griglia","usingLanguage":"Stai navigando su Steam in __current__.","loginWarning":"Assicurati di aver effettuato l'accesso a __link__ per poter utilizzare tutte le funzionalità di Augmented Steam.","visitTradeForum":"Visita il forum degli scambi","purchaseDate":"(Acquistato il __date__)","customBackgroundHelp":"Tutti gli utenti di Augmented Steam vedranno questo sfondo sul tuo profilo. Gli altri vedranno il tuo sfondo normale.","dateUnlocked":"Data di sblocco","netSpent":"Spese nette:","buy":"Acquista","buyPackage":"Acquista __package__","moreInformation":"Altre informazioni","regionUnavailable":"Non disponibile in questa regione","avgPrice_3cards":"Prezzo medio di tre carte collezionabili: __price__","groups_leaveGroupsConfirm":"Facendo ciò, abbandonerai i __n__ gruppi selezionati. Continuare?","groups_manageGroups":"Gestisci i gruppi","groups_actionGroups":"Seleziona i gruppi a cui vuoi apportare modifiche.","groups_select":"Seleziona:","groups_leave":"Abbandona Gruppi","groups_selected":"__n__ selezionati.","groups_leaveAdminConfirm_currentlyAdmin":"Attualmente sei amministratore di __name__.","groups_leaveAdminConfirm_wantToLeave":"Lasciare questo gruppo?","export_wishlist":"Esporta la lista dei desideri","export_type":"Tipo di esportazione","export_format":"Formato di testo","export_text":"Testo","export_download":"Scarica","export_copyClipboard":"Copia negli appunti","none":"Nessuno","emptyWishlist_title":"Svuota la lista dei desideri","emptyWishlist_confirm":"Are you sure you want to empty your wishlist? This action cannot be undone!","emptyWishlist_removing":"Rimozione di __cur__ da __total__ in corso...","about":"Informazioni","never":"Mai","couponAvailable":"Hai un coupon a disposizione!","launchRandom":"Avvia un gioco a caso","playGame":"Vuoi giocare a __gamename__?","dropsValue":"Valore più alto","cardsRemain":"Meno carte per completare il set","wishlist":"Lista dei desideri","onWishlist":"On wishlist","onWaitlist":"Nella lista d'attesa","onWishlistAndWaitlist":"Nella Lista dei desideri e nella Lista d'attesa","cancel":"Annulla","wikiArticle":"Visualizza su __pcgw__","viewAll":"MOSTRA TUTTO","gamesWithBooster":"__boostergames__ giochi idonei per i pacchetti di carte","sortBy":"Ordina per:","playtime":"Tempo di gioco","awards":"Awards","year":"Anno","lastonline":"Ultima volta online","members":"Membri","name":"Nome","drmThirdPartySub":"Attenzione: uno o più titoli in questo pacchetto utilizzano DRM di terze parti __drmlist__.","customize":"Personalizza","bundleSavingText":"Ecco quanto risparmi acquistando questo pacchetto","thewordoptions":"Impostazioni","discussions":"Discussioni","pricing_lowestPrice":"Prezzo più basso:","pricing_historicalLow":"Prezzo più basso di sempre:","pricing_bundled":"In bundle:","pricing_withVoucher":"con il codice promozionale __voucher__","pricing_store":"su&nbsp;__store__","pricing_bundleCount":"__count__ volte","webBrowserChat":"Chat web","steamClientChat":"Chat client","equipOnProfile":"Mostra sul profilo","previewBackground":"Anteprima sfondo","expandSlider":"Ingrandisci slider","contractSlider":"Ripristina slider","earlyAccess":"Accesso anticipato","tagShort":"Usa tag corti per salvare spazio","noPriceData":"Storico dei prezzi non disponibile","userScore":"Punteggio degli utenti","marketPopularItemsToggle":"Attiva/disattiva aggiornamenti in diretta per i prodotti popolari","showProgressbar":"Mostra la barra dei progressi e dello stato di Augmented Steam","achievements_option":"Mostra gli achievement sulle pagine del negozio","achievements_summary":"__unlocked__ su __total__ (__percentage__%) achievement ottenuti:","bundle_offerEnds":"Termine dell'offerta:","bundle_includes":"Include __num__ prodotti","bundle_tierIncludes":"__tier__ (__price__) include __num__ prodotti","bundle_tier":"Tier __num__","bundle_header":"Pacchetti che includono questo gioco","bundle_info":"Informazioni sul pacchetto","charts_peakall":"massimo storico","charts_current":"Giocatori attuali","charts_playingNow":"stanno giocando","charts_peaktoday":"massimo di oggi","hltb_title":"How Long to Beat","hltb_mainE":"Storia principale + Extra","hltb_compl":"Completamento al 100%","hltb_main":"Storia principale","options_friendsAndGroups":"Friends and Groups","options_friendsAppendNickname":"Append nicknames to friends' names","options_settingsMngmt_import":"Importa","options_settingsMngmt_importSuccess":"Impostazioni importate correttamente","options_settingsMngmt_importFail":"Impossibile importare le impostazioni","options_settingsMngmt_export":"Esporta","options_settingsMngmt_reset":"Resetta","options_showCustomThemes":"Mostra temi personalizzati","options_communityDefaultTab":"Scheda predefinita della pagina principale della comunità","options_videos":"Video","options_broadcasts":"Trasmissioni","options_artwork":"Immagini","options_screenshots":"Screenshot","options_showBacktotop":"Mostra il pulsante torna in cima per le pagine lunghe","options_contextMenu":"Menu contestuale","options_contextSteamStore":"Cerca «__query__» sul negozio di Steam","options_contextSteamMarket":"Cerca «__query__» sul mercato di Steam","options_contextItad":"Cerca «__query__» su IsThereAnyDeal","options_contextBartervg":"Cerca «__query__» su Barter.vg","options_contextSteamdb":"Cerca «__query__» su SteamDB","options_contextSteamdbInstant":"Cerca istantaneamente «__query__» su SteamDB","options_contextSteamKeys":"Attiva i prodotti su Steam selezionando i codici di attivazione","options_wsgf":"Mostra informazioni WSGF (Widescreen)","options_versionShow":"Mostra il Changelog quando Augmented Steam si aggiorna","options_steamcardexchange":"Mostra link di SteamCardExchange in \"Medaglie\"","options_regionalPrice":"Comparazione dei prezzi regionali","options_excludef2p":"Non evidenziare i giochi Free-to-Play","options_profileLinkImagesNone":"Non mostrare","options_profileLinks":"Mostra link sui profili per","options_tag":"Tag","options_icon":"Icona","options_name":"Nome","options_showAlternativeLinuxIcon":"Mostra icona di Linux alternativa","options_replacecommunityhublinks":"Sostituisci collegamenti alle Attività della Comunità con i collegamenti alla Pagina del negozio","options_hideannouncementcomments":"Nascondi i commenti sotto tutti gli annunci di gruppo per impostazione predefinita","options_hidetmsymbols":"Hide trademark and copyright symbols in game titles","options_metacritic":"Mostra i voti degli utenti Metacritic","options_opencritic":"Visualizza informazioni da Opencritic.com","options_hideactivelistings":"Nascondi le inserzioni attive sulla homepage del Mercato","options_showlowestmarketprice":"Mostra il prezzo più basso sul mercato per le tue inserzioni","options_clear":"Sei sicuro di voler ripristinare tutte le impostazioni? Questa operazione non potrà essere annullata.","options_coupon":"Giochi con coupon","options_showPackageInfo":"Mostra \"Informazioni sul pacchetto\" per tutte le applicazioni","options_wlbuttoncommunityapp":"Mostra pulsante \"Aggiungi a Lista dei desideri\" in Attività della Comunità","options_removeguideslanguagefilter":"Non filtrare automaticamente le Guide per lingua","options_confirmdeletecomment":"Mostra conferma durante l'eliminazione dei commenti","options_disablelinkfilter":"Disattiva conferma per accesso a siti esterni","options_regionalPriceOn":"Mostra comparazione dei prezzi regionali","options_horizontalscrolling":"Abilita lo scorrimento orizzontale con la rotella del mouse.","options_supportinfo":"Mostra le informazioni di assistenza sulle pagine dei prodotti","options_drm":"Mostra avvisi per i DRM di terze parti","options_profileLinkImages":"Profile and Group links image style","options_show1clickgoo":"Mostra \"Trasforma in gemme con un clic...\" sugli oggetti dell'inventario","options_hltb":"Mostra informazioni da HowLongToBeat.com","options_hidespamcomments":"Nascondi commenti spam da Workshop e Profili","options_gift":"Giochi che ti hanno donato","options_regionalPriceMouse":"al passaggio del mouse","options_lowestpriceHeader":"Informazioni sui prezzi","options_storesAll":"Confronta tutti i negozi","options_viewInCurrency":"Visualizza in:","options_showEarlyAccess":"Mostra banner di accesso anticipato","options_profileLinkImagesGray":"Scala di grigi","options_quickinv":"Mostra il pulsante \"Vendita rapida\" nell'Inventario degli oggetti","options_quickinvDiff":"Modificatore vendita rapida:","options_sendAgeInfo":"Se richiesta, Inserisci automaticamente la data di nascita","options_showdeckcompat":"Mostra la compatibilità con Steam Deck nell'elenco delle funzionalità (e recupera i dati quando mancano)","options_removebroadcasts":"Rimuovi tutte le trasmissioni in diretta","options_exfgls":"Mostra un avviso se l'app è esclusa dalla Condivisione familiare","options_mp4video":"Costringi i video dei prodotti a riprodurre il formato MP4","options_youtube":"Mostra i link di YouTube","options_twitch":"Mostra i link di Twitch","options_pcgw":"Mostra pulsante di PC Gaming Wiki","options_completionistme":"Mostra i link di Completionist.me","options_protondb":"Mostra i link di ProtonDB","options_storeSteamcards":"Mostra link a SteamCardExchange sulle pagine del negozio","options_spamcommentregex":"Stringa di Espressione Regolare:","options_regionalHideworld":"Nascondi icona del globo","options_showAstatslink":"Mostra pulsante di AStats sulle pagine del negozio","options_showYoutubegameplay":"Mostra i video gameplay di YouTube nelle pagine dei prodotti","options_showYoutubereviews":"Visualizza le videorecensioni su YouTube nelle pagine dei prodotti","options_openinnewtab":"Apri i link esterni in una nuova scheda","options_showbartervg":"Visualizza i link Barter.vg","options_guest":"Giochi per i quali hai un Pass Ospite","options_collection":"Prodotti nella tua collezione su ITAD","options_waitlist":"Prodotti nella tua lista d'attesa di ITAD","options_showPlayersInfo":"Show player count information","options_showallstats":"Visualizza le statistiche di gioco nella pagina \"Tutti i giochi\"","options_lowestpriceOnwishlist":"Mostra nella lista dei desideri","options_steamrepapi":"Mostra status di SteamRep nelle pagine del profilo","options_profileSteamid":"Mostra lo SteamID sui profili","options_profilePinnedBg":"Blocca la posizione dello sfondo del profilo durante lo scorrimento","options_lowestprice":"Mostra lo storico dei prezzi","options_owned":"Giochi che possiedi","options_itadlinks":"Visualizza i link di IsThereAnyDeal","options_steamdb":"Mostra pulsante di Steam Database","options_profileLinkImagesColor":"A colori","options_showViewInLibrary":"Mostra il pulsante \"Visualizza nella libreria\" per i giochi in possesso","options_installSteamButton":"Pulsante \"Installa Steam\"","options_replaceViewClient":"Sostituisci con \"Visualizza nel client\"","options_showEmptyWishlist":"Mostra il pulsante \"Svuota lista dei desideri\"","options_showWishlistStats":"Mostra le statistiche della lista dei desideri nelle liste dei desideri","options_oneclickremovewl":"Salta la conferma quando si rimuovono prodotti","options_userNotes_userNotes":"Note utente","options_userNotes_app":"Sulla pagina app","options_userNotes_wishlist":"Nella mia lista dei desideri","options_userNotes_loc":"Posizione di archiviazione","options_userNotes_syncedStorage":"Archiviazione sincronizzata/locale","options_userNotes_local":"Database locale","options_inventoryNavText":"Mostra navigazione avanzata nell'Inventario","options_marketTotal":"Mostra riepilogo delle transazioni sul Mercato","options_lowestpriceCoupon":"Includi i coupon nel confronto dei prezzi","options_general":"Generale","options_apppage":"Pagina app","options_market":"Mercato","options_inventory":"Inventario","options_profile":"Profilo","options_group":"Gruppo","options_friendActivity":"Attività degli amici","options_groupLinks":"Mostra i link del gruppo a:","options_showLanguagewarning":"Mostra un avviso quando si naviga in una lingua differente","options_homepage":"Homepage","options_homepageDefaultTab":"Scheda homepage predefinita","options_homepageDefaultTabRemember":"Ricorda precedente","options_homepageDefaultTabNewreleases":"Popolari appena rilasciati","options_homepageDefaultTabTopsellers":"I più venduti","options_homepageDefaultTabUpcoming":"In arrivo","options_homepageDefaultTabSpecials":"Offerte speciali","options_wishlist":"Giochi in Lista dei desideri","options_addAnotherRegion":"Aggiungi","options_skipGotSteam":"Salta la finestra 'Hai già Steam?'","options_storeGeneralThirdparty":"Opzioni per informazioni da siti di terze parti","options_purchaseDates":"Mostra data d'acquisto nelle pagine del negozio","options_showBadgeProgress":"Mostra progresso della medaglia sulle pagine del negozio","options_showCoupon":"Mostra i coupon utilizzabili sulle pagine dei prodotti","options_showWishlistLink":"Mostra link della Lista dei Desideri sul profilo","options_showWishlistCount":"Visualizza il numero di elementi nella lista dei desideri","options_profileShowcaseTwitch":"Aggiungi una vetrina per Twitch.tv se è presente un link","options_profileShowcaseOwnTwitch":"... anche sul tuo profilo","options_profileShowcaseTwitchProfileonly":"... solo se il link è nella bio del profilo","options_lang_english":"Inglese","options_lang_brazilian":"Portoghese brasiliano","options_lang_bulgarian":"Bulgaro","options_lang_czech":"Cecoslovacco","options_lang_danish":"Danese","options_lang_dutch":"Olandese","options_lang_finnish":"Finlandese","options_lang_french":"Francese","options_lang_greek":"Greco","options_lang_german":"Tedesco","options_lang_hungarian":"Ungherese","options_lang_italian":"Italiano","options_lang_japanese":"Giapponese","options_lang_koreana":"Coreano","options_lang_norwegian":"Norvegese","options_lang_polish":"Polacco","options_lang_portuguese":"Portoghese","options_lang_russian":"Russo","options_lang_romanian":"Romeno","options_lang_schinese":"Cinese semplificato","options_lang_spanish":"Spagnolo","options_lang_latam":"Spagnolo latinoamericano","options_lang_swedish":"Svedese","options_lang_tchinese":"Cinese tradizionale","options_lang_thai":"Thailandese","options_lang_turkish":"Turco","options_lang_ukrainian":"Ucraino","options_lang_vietnamese":"Vietnamita","options_addCustomLink":"Aggiungi un link personalizzato","options_autoDetect":"Rileva automaticamente","options_addToWaitlist":"Mostra la tendina \"Aggiungi alla lista d'attesa\" nelle pagine dei prodotti","options_collectionBannerNotOwned":"Only show In Collection banner when I don't own the game on Steam","options_maintainers":"Manutentori del progetto","options_withHelpOf":"con l'aiuto dei nostri __contributors__","options_contributors":"meravigliosi collaboratori","options_aboutDesc":"Augmented Steam è un fork dell'estensione Enhanced Steam.","options_aboutDescLinks":"Per maggiori informazioni visita il sito web dell'estensione __website__ o il nostro __discord__.","options_footerFork":"un fork di IsThereAnyDeal","options_footerAuthor":"autore originale jshackles","ready_loading":"Caricamento di Augmented Steam in corso...","ready_ready":"Augmented Steam pronto","ready_failed":"__amount__ richiesta/e fallita/e, controlla la console del browser per più informazioni.","ready_serverOutage":"I server di Augmented Steam sono al momento sovraccaricati.","twitch_nowStreaming":"__username__ è in diretta su Twitch","twitch_viewers":"Spettatori","dlcSelect_wishlistedDlc":"Seleziona DLC in lista dei desideri","dlcSelect_none":"Nessuno","dlcSelect_unownedDlc":"Seleziona DLC non in libreria","tag_wishlist":"Lista dei desideri","tag_coupon":"Coupon","tag_invGift":"Dono","tag_invGuestpass":"Pass ospite","tag_owned":"In libreria","tag_notinterested":"Non fa per me","tag_ignoredOwned":"Ignored (owned)","tag_collection":"In una collezione","tag_waitlist":"In lista dei desideri","wallet_customAmount":"Importo personalizzato","wallet_customAmountText":"Any amount over __minamount__","wallet_customGiftcard":"Seleziona __input__ buono regalo personalizzato","wsgf_incomplete":"Incompleto","wsgf_unsupported":"Questo punteggio viene assegnato ai giochi che che non hanno alcun supporto __type__. Questi giochi potrebbero essere ingiocabili in __type__, le immagini distorte o allungate. Il loro aspect-ratio corretto non viene mantenuto.","wsgf_gold":"Questa medaglia viene assegnata ai giochi che hanno ricevuto punteggi perfetti da WSGF per il loro supporto __type__, e sono certificati __type__.","wsgf_silver":"Questa medaglia viene assegnata ai giochi che hanno ricevuto il grado B per il loro supporto __type__. Tutti questi giochi non hanno grossi difetti, ma hanno almeno una lacuna che gli impedisce di ottenere un punteggio perfetto.","wsgf_limited":"Questo punteggio viene assegnato ai giochi che che hanno ricevuto il grado C per il loro supporto __type__. Tutti questi giochi hanno problemi significativi, pur avendo un certo livello di supporto __type__.","wsgf_certifications":"Certificazioni WSGF Widescreen","itad_enableSyncLibrary":"Enable library sync","itad_enableSyncWishlist":"Enable wishlist sync","itad_import":"Importa periodicamente","itad_lastImport":"Last import","itad_from":"from ITAD","itad_to":"to ITAD","itad_syncNow":"Sincronizza ora","itad_info_itadSteam":"Collegando Augmented Steam con IsThereAnyDeal avrai la possibilità di evidenziare ed etichettare i giochi e collezioni nella tua lista d'attesa anche se non sono nella tua libreria di Steam.","itad_info_steamItad":"Inoltre, ti permette di importare giochi per la tua libreria Steam e/o aggiungere la lista dei desideri su IsThereAnyDeal, per un accuretezza migliore (es: DLC o giochi non elencati). Al momento questa funzionalità può solo aggiungere titoli, non rimuoverli, e di conseguenza non è un rimpiazzo per la sincronizzazione integrata di IsThereAnyDeal ma un aggiunta.","tradeoffer_numItem":"__num__ oggetto","tradeoffer_numItems":"__num__ oggetti","tradeoffer_back":"Torna alle offerte di scambio","update_dontShow":"Non mostrare più","update_updated":"Augmented Steam è stato aggiornato alla versione __version__","update_changes":"View all changes on GitHub","register_success":"Il prodotto __gamename__ è stato attivato","register_owned":"Questo account di Steam possiede già i prodotti contenuti in questa offerta.","register_notavail":"Siamo spiacenti, ma il prodotto in questione non può essere acquistato in questo Paese. Il tuo codice prodotto non è stato riscattato.","register_invalid":"Il codice prodotto immesso non è valido. Verifica di averlo digitato correttamente.","register_already":"Questo codice prodotto è già stato attivato in un altro account di Steam.","register_dlc":"Per l'attivazione del codice prodotto immesso è necessario il possesso di un altro prodotto.","register_wallet":"Il codice inserito è relativo ad un buono regalo di Steam o ad un codice del Portafoglio di Steam","register_toomany":"Sono stati effettuati troppi tentativi di attivazione da questo account. Attendi e riprova più tardi.","register_default":"Si è verificato un errore inaspettato e il codice non è stato riscattato. Aspetta 30 minuti, quindi riprova a riscattare il codice.","wl_label":"statistiche","wl_totalPrice":"valore attuale","wl_inWishlist":"nella lista dei desideri","wl_onSale":"in sconto","wl_noPrice":"senza il prezzo","wl_hidden":"app nascoste","wl_hiddenTooltip":"I prodotti che sono stati rimossi o non sono elecati, non sono visibili nella lista dei desideri. Clicca per i dettagli.","wl_removeTitle":"Rimuovere questo articolo dalla lista dei desideri?","wl_removeConfirm":"Rimuovere 'appid __appid__' dalla lista dei desideri?","wl_removeConfirmWarn":"Non può essere aggiunto nuovamente in seguito!","coll_totalTime":"tempo totale","coll_inCollection":"nella collezione","coll_played":"giocato","coll_neverPlayed":"mai giocati","userNote_add":"Aggiungi una nota","userNote_update":"Modifica la nota","userNote_addForGame":"Nota per __gamename__","userNote_notEnoughSpace":"Spazio insufficiente per salvare la nota","userNote_notEnoughSpaceDesc":"Augmented Steam non può salvare altre note utente (~__perc__% della capacità di archiviazione) poiché il sistema di archiviazione utilizzato non consente di salvare altri dati.","userNote_closeOnStorage":"Spazio di archiviazione in esaurimento","userNote_closeOnStorageDesc":"Molto presto (~__perc__% di utilizzo dello spazio di archiviazione) Augmented Steam non sarà più in grado di salvare altre note dell'utente usando l'attuale sistema di archiviazione.","userNote_storageWarningDesc":"Puoi scegliere di archiviare le note utente in un database locale (senza sincronizzazione) o continuare con il metodo di archiviazione del browser (dove le nuove note possono essere aggiunte eliminando alcune note vecchie).","userNote_saveSyncedStorage":"Continua a usare lo spazio di archiviazione sincronizzato","userNote_saveLocal":"Memorizza le note localmente","userNote_syncOption":"Sync notes automatically","userNote_syncInfo_1":"You can sync your notes between Augmented Steam and IsThereAnyDeal. If you enable automatic sync, notes will be periodically fetched from ITAD. Edits via Augmented Steam will be mirrored to ITAD immediately.","userNote_syncInfo_2":"You can also manually push or pull notes between Augmented Steam and IsThereAnyDeal. We advise you to do so before enabling automatic sync, to ensure the correct version of the note is used, in case you have different notes stored for the same game.","userNote_syncInfo_3":"You can see all your notes stored in the Notes and Tags section on IsThereAnyDeal.","userNote_syncButtonPush":"Push notes to\nIsThereAnyDeal","userNote_syncButtonPull":"Pull notes from\nIsThereAnyDeal","userNote_syncPulled":"__n__ note(s) were pulled from IsThereAnyDeal","userNote_syncPushed":"__n__ note(s) were pushed to IsThereAnyDeal","userNote_syncFailed":"__n__ note(s) failed to sync","userNote_syncError":"Your note failed to sync","userNote_syncErrorEmpty":"Note is empty","userNote_syncErrorUnknown":"ITAD does not know this game","userNote_syncErrorLength":"Note is too long (__length__, max: __max__)","queue_new":"Nuovo elenco scoperte","queue_newTooltip":"Rimuovi questo prodotto dall'elenco scoperte e inizia un nuovo elenco.","workshop_workshop":"Workshop","workshop_subscriptions":"Sottoscrizioni","workshop_subscribeAll":"Sottoscrivi tutto","workshop_subscribeConfirm":"Sei sicuro di voler sottoscrivere  __count__ oggetti del workshop con questi filtri?","workshop_subscribeLoading":"Sottoscrivendo __i__/__count__ oggetti del workshop, aspettare perfavore...","workshop_unsubscribeAll":"Annulla tutte le sottoscrizioni","workshop_unsubscribeConfirm":"Sei sicuro di voler eliminare la sottoscrizione da __count__ oggetti del workshop con questi filtri?","workshop_unsubscribeLoading":"Rimuovendo sottoscrizione da __i__/__count__ oggetti del workshop, aspettare perfavore...","workshop_finished":"Finito! __success__ con successo, __fail__ falliti. Fai clic su OK per ricaricare la pagina","workshop_failed":"__n__ fallito/i","originalAuthors":"Autori originali","acknowledgements":"Riconoscimenti","countries_ad":"Andorra","countries_ae":"Emirati Arabi Uniti","countries_af":"Afghanistan","countries_ag":"Antigua e Barbuda","countries_ai":"Anguilla","countries_al":"Albania","countries_am":"Armenia","countries_an":"Antille Olandesi","countries_ao":"Angola","countries_ar":"Argentina","countries_as":"Samoa Americane","countries_at":"Austria","countries_au":"Australia","countries_aw":"Aruba","countries_az":"Azerbaigian","countries_ba":"Bosnia Erzegovina","countries_bb":"Barbados","countries_bd":"Bangladesh","countries_be":"Belgio","countries_bf":"Burkina Faso","countries_bg":"Bulgaria","countries_bh":"Bahrein","countries_bi":"Burundi","countries_bj":"Benin","countries_bm":"Bermuda","countries_bn":"Brunei","countries_bo":"Bolivia","countries_br":"Brasile","countries_bs":"Bahamas","countries_bt":"Bhutan","countries_bv":"Isola Bouvet","countries_bw":"Botswana","countries_by":"Bielorussia","countries_bz":"Belize","countries_ca":"Canada","countries_cd":"Congo Belga","countries_cf":"Repubblica Centrafricana","countries_cg":"Congo Francese","countries_ch":"Svizzera","countries_ci":"Costa d'Avorio","countries_ck":"Isole Cook","countries_cl":"Cile","countries_cm":"Camerun","countries_cn":"Cina","countries_co":"Colombia","countries_cr":"Costa Rica","countries_cu":"Cuba","countries_cv":"Capo Verde","countries_cy":"Cipro","countries_cz":"Repubblica Ceca","countries_de":"Germania","countries_dj":"Gibuti","countries_dk":"Danimarca","countries_dm":"Dominica","countries_do":"Repubblica Dominicana","countries_dz":"Algeria","countries_ec":"Ecuador","countries_ee":"Estonia","countries_eg":"Egitto","countries_eh":"Sahara Occidentale","countries_er":"Eritrea","countries_es":"Spagna","countries_et":"Etiopia","countries_fi":"Finlandia","countries_fj":"Fiji","countries_fk":"Isole Falkland","countries_fm":"Micronesia","countries_fo":"Isole Faroe","countries_fr":"Francia","countries_ga":"Gabon","countries_gb":"Regno Unito","countries_gd":"Grenada","countries_ge":"Georgia","countries_gf":"Guyana Francese","countries_gg":"Guernsey","countries_gh":"Ghana","countries_gi":"Gibilterra","countries_gl":"Groenlandia","countries_gm":"Gambia","countries_gn":"Guinea","countries_gp":"Guadalupa","countries_gq":"Guinea Equatoriale","countries_gr":"Grecia","countries_gs":"Georgia del Sud","countries_gt":"Guatemala","countries_gu":"Guam","countries_gw":"Guinea-Bissau","countries_gy":"Guyana","countries_hk":"Hong Kong","countries_hm":"Isola Heard e Isole McDonald","countries_hn":"Honduras","countries_hr":"Croazia","countries_ht":"Haiti","countries_hu":"Ungheria","countries_id":"Indonesia","countries_ie":"Irlanda","countries_il":"Israele","countries_im":"Isola di Man","countries_in":"India","countries_io":"Territori Britannici dell'Oceano Indiano","countries_iq":"Iraq","countries_ir":"Iran","countries_is":"Islanda","countries_it":"Italia","countries_je":"Jersey","countries_jm":"Giamaica","countries_jo":"Giordania","countries_jp":"Giappone","countries_ke":"Kenya","countries_kg":"Kirghizistan","countries_kh":"Cambogia","countries_ki":"Kiribati","countries_km":"Comore","countries_kn":"Saint Kitts e Nevis","countries_kp":"Corea del Nord","countries_kr":"Corea del Sud","countries_kw":"Kuwait","countries_ky":"Isole Cayman","countries_kz":"Kazakistan","countries_la":"Laos","countries_lb":"Libano","countries_lc":"Santa Lucia","countries_li":"Liechtenstein","countries_lk":"Sri Lanka","countries_lr":"Liberia","countries_ls":"Lesotho","countries_lt":"Lituania","countries_lu":"Lussemburgo","countries_lv":"Lettonia","countries_ly":"Libia","countries_ma":"Marocco","countries_mc":"Monaco","countries_md":"Moldavia","countries_me":"Montenegro","countries_mg":"Madagascar","countries_mh":"Isole Marshall","countries_mk":"Macedonia","countries_ml":"Mali","countries_mm":"Myanmar [Birmania]","countries_mn":"Mongolia","countries_mo":"Macao","countries_mp":"Isole Marianne Settentrionali","countries_mq":"Martinica","countries_mr":"Mauritania","countries_ms":"Montserrat","countries_mt":"Malta","countries_mu":"Mauritius","countries_mv":"Maldive","countries_mw":"Malawi","countries_mx":"Messico","countries_my":"Malesia","countries_mz":"Mozambico","countries_na":"Namibia","countries_nc":"Nuova Caledonia","countries_ne":"Niger","countries_nf":"Isola Norfolk","countries_ng":"Nigeria","countries_ni":"Nicaragua","countries_nl":"Paesi Bassi","countries_no":"Norvegia","countries_np":"Nepal","countries_nr":"Nauru","countries_nu":"Niue","countries_nz":"Nuova Zelanda","countries_om":"Oman","countries_pa":"Panama","countries_pe":"Perù","countries_pf":"Polinesia Francese","countries_pg":"Papua Nuova Guinea","countries_ph":"Filippine","countries_pk":"Pakistan","countries_pl":"Polonia","countries_pm":"Saint-Pierre e Miquelon","countries_pn":"Isole Pitcairn","countries_pr":"Porto Rico","countries_ps":"Territori palestinesi","countries_pt":"Portogallo","countries_pw":"Palau","countries_py":"Paraguay","countries_qa":"Qatar","countries_re":"La Riunione","countries_ro":"Romania","countries_rs":"Serbia","countries_ru":"Russia","countries_rw":"Ruanda","countries_sa":"Arabia Saudita","countries_sb":"Isole Salomone","countries_sc":"Seychelles","countries_sd":"Sudan","countries_se":"Svezia","countries_sg":"Singapore","countries_sh":"Sant'Elena","countries_si":"Slovenia","countries_sk":"Slovacchia","countries_sl":"Sierra Leone","countries_sm":"San Marino","countries_sn":"Senegal","countries_so":"Somania","countries_sr":"Suriname","countries_st":"São Tomé e Príncipe","countries_sv":"El Salvador","countries_sy":"Siria","countries_sz":"eSwatini","countries_tc":"Isole Turks e Caicos","countries_td":"Chad","countries_tf":"Territori Australi Francesi","countries_tg":"Togo","countries_th":"Thailandia","countries_tj":"Tagikistan","countries_tk":"Tokelau","countries_tl":"Timor Est","countries_tm":"Turkmenistan","countries_tn":"Tunisia","countries_to":"Tonga","countries_tr":"Turchia","countries_tt":"Trinidad e Tobago","countries_tv":"Tuvalu","countries_tw":"Taiwan","countries_tz":"Tanzania","countries_ua":"Ucraina","countries_ug":"Uganda","countries_um":"Isole Minori Esterne Americane","countries_us":"Stati Uniti","countries_uy":"Uruguay","countries_uz":"Uzbekistan","countries_va":"Città del Vaticano","countries_vc":"Saint Vincent e Grenadine","countries_ve":"Venezuela","countries_vg":"Isole Vergini Britanniche","countries_vi":"Isole Vergini Americane","countries_vn":"Vietnam","countries_vu":"Vanuatu","countries_wf":"Wallis e Futuna","countries_ws":"Samoa","countries_ye":"Yemen","countries_yt":"Mayotte","countries_za":"Sud Africa","countries_zm":"Zambia","countries_zw":"Zimbabwe"}}