{"stats":{"strings":812,"translated":780},"strings":{"deleteCommentPrompt":"このコメントを削除してもよろしいですか？","downloadDemoHeader":"__gamename__ のデモをダウンロード","deckCompat_header":"Steam Deckの互換性","deckCompat_unknown":"不明","deckCompat_unsupported":"未サポート","deckCompat_playable":"プレイ可能","deckCompat_verified":"確認済み","featureHint_desc":"次の機能を有効にしますか?","featureHint_reminder":"後でオプションページから設定を変更できます。","thewordyes":"はい","thewordno":"いいえ","theworderror":"エラー","noData":"データ無し","toomanyrequests":"リクエストが多すぎます","showComments":"コメントを表示する","hideComments":"コメントを非表示にする","thewordunknown":"不明","calcWorkshopSize_fileSize":"ファイルサイズ__size__","calcWorkshopSize_calcSize":"合計サイズを計算","calcWorkshopSize_calcLoading":"__i__/__count__ 個のワークショップアイテムを計算しています。お待ちください...","calcWorkshopSize_calcFinished":"完了しました。 __success__/__total__ を正常に計算しました。","calcWorkshopSize_totalSize":"合計サイズ：__size__","cart":"カート","inCart":"カート内","steamidOfUser":"__user__ のSteamID","copied":"クリップボードにコピーしました！","viewSteamid":"SteamIDを見る","moreOnSteampeek":"SteamPeekでもっと見る","date":"日付","rating":"評価","helpful":"参考になる","funny":"面白い","length":"長さ","visibility":"ビジビリティ","processing":"処理中…","wait":"お待ちください","inviteFriends":"フレンドを勧誘","inviteToGroup":"グループへ勧誘","inverse":"選択部分の反転","transactionStatus":"__failed__個のリクエストが失敗した。__total__個中__size__個の取引が見つかりました。","customTags":"カスタムタグ","addTag":"タグを追加","enterTag":"追加したいカスタムタグを入力","status":"ステータス：","connect":"接続","connected":"接続済み","disconnect":"接続解除","disconnected":"解除済み","oneclickgoo":"1-Clickでジェムに変換…","viewInLibrary":"ライブラリで表示","support":"サポート情報","email":"メールアドレス","contact":"連絡","favEmoticonsDragging":"絵文字をここにドラッグしてお気に入りに追加","favEmoticonsNoAccess":"この絵文字にアクセスできません","postHistory":"記事の履歴を表示","addNickname":"ニックネームを追加する","totalSize":"合計サイズ","dlcDetails":"ダウンロードコンテンツの詳細","badgeNotUnlocked":"未解除","badgeLevel":"レベル __level__","each":"各","viewInMarket":"コミュニティマーケットで表示","remove":"削除","getHelp":"ヘルプを参照する","addSelectedDlcToCart":"選択したDLCをカートに追加","close":"閉じる","error":"エラーが発生しました","go":"頁へ","activate":"製品を有効化","activateMultipleHeader":"以下に1行に1つの製品コードを入力してください","activateMultiple":"複数の製品を有効化","activateProducts":"製品を有効化","couponApplicationNote":"インベントリにあるクーポンは支払い時に自動的に適用されます。","hide":"非表示","filters":"Augmented Steamのフィルター","cardsOwned":"__possible__ 枚のカード中__owned__枚所有しています","libraryMenu":"ライブラリ","clearCache":"キャッシュされたデータをクリア","translation":"翻訳","helpTranslate":"POEditorでAugmented Steamの翻訳にご協力ください","lowest":"最低","lowestPrice":"現在の最安値:","viewBadgeProgress":"バッジの進捗状況を表示","badgeProgress":"バッジの進捗状況","salesTotal":"販売合計:","viewNormalBadge":"普通のバッジの進捗状況を表示","apppageSections":"このページに表示したいセクションを選択してください","website":"ウェブサイト","games":"ゲーム","badgeCompletionCost":"バッジ完成までのコスト: __cost__","loading":"読み込み中...","selling":"販売中…","quickSell":"__amount__をクイック販売","quickSellDesc":"Steamマーケットでの最低出品価格との差は__modifier__","instantSell":"__amount__個を今すぐ売却する","instantSellDesc":"Steamマーケットでの最高注文価格","quickSellVerify":"Steam Guardの確認が必要です","startingAt":"開始時刻: __price__","homepageTabs":"ホームページタブ","store":"ストア","viewInStore":"ストアで表示","communityHub":"コミュニティハブ","viewOnWebsite":"__website__で見る","drmThirdParty":"警告: このタイトルはサードパーティーのDRM「__drmlist__」を使用します。","hoursShort":"__hours__ 時間","spamCommentShow":"このページで __num__ 件のスパムコメントが非表示にされています。ここをクリックして表示。","addToWishlist":"ウィッシュリストに追加","addFullgameToWishlist":"Add full game to your wishlist","addToWaitlist":"ウェイトリストに追加","addFullgameToWaitlist":"Add full game to your Waitlist","removeFromWaitlistTooltip":"待機リストから削除","removeFullgameFromWaitlistTooltip":"Remove full game from your Waitlist","removeFromWishlistAndWaitlistTooltip":"欲しいものリストと待機リストの両方から削除","removeFullgameFromWishlistAndWaitlistTooltip":"Remove full game from both your wishlist and Waitlist","language":"言語","theworddefault":"デフォルト","thewordclear":"クリア","couponLearnMore_linkText":"もっと詳しく知る","couponLearnMore_fullText":"__linkdesc__ Steamクーポンについて","show":"表示","showAll":"全て表示","badgesAll":"全バッジ","esSupporter":"Enhanced Steam サポーター","community":"コミュニティ","ownedCollection":"__gametitle__ is already in your IsThereAnyDeal Collection","viewBadge":"バッジを表示","purchaseTotal":"購入合計:","viewFoilBadge":"キラバッジの進捗状況を表示","viewAstats":"AStats のページを表示","contribute":"貢献する (GitHub)","reviews":"レビュー","readReviews":"レビューを読む","readMoreReviews":"レビューをさらに読む","youtubeGameplay":"YouTube 実況","youtubeReviews":"YouTubeレビュー","packageInfo":"パッケージ情報","badgeCompletionAvg":"完成までの平均コスト: __cost__","volumeSoldLast_24":"売上数: 過去24時間で __sold__ 本売れました","soldLast_24":"過去24時間で __sold__ 本売れました","homepageCurators":"Steamキュレーターからのおすすめ","homepageTopnewreleases":"Steamで人気の近日登場","homepageSidebar":"サイドバー","dropCalc":"残りのドロップを計算するにはここをクリックしてください","price":"価格","marketTransactions":"マーケットでの取引","loadMarketStats":"マーケット統計を読み込む","cardDropsRemaining":"残りカードドロップは__drops__枚です","badgesDrops":"カードドロップが残っているバッジ","usingLanguageReturn":"__base__ で Steam を閲覧するにはここをクリックしてください。","guides":"ガイド","highlight":"強調表示","save":"保存","view":"表示","gameName":"ゲーム名","notinterested":"興味なしにマークされたアイテム","ignoredOwned":"他のプラットフォームでプレイしたため無視したゲーム","searchFilters_reviewsScore_between":"レビュースコア：__lower__%から__upper__%まで","searchFilters_reviewsScore_any":"レビュースコア：任意","searchFilters_reviewsScore_upTo":"レビュースコア：最大__score__%","searchFilters_reviewsScore_from":"レビュースコア：最低__score__%","searchFilters_reviewsCount_count":"レビュー数：","searchFilters_reviewsCount_minCount":"最低","searchFilters_reviewsCount_maxCount":"最大","searchFilters_discountPercent_count":"割引率:","searchFilters_discountPercent_minCount":"最小 %","searchFilters_discountPercent_maxCount":"最大 %","searchFilters_hideCart":"カート内のアイテムを非表示","searchFilters_hideEa":"早期アクセスのアイテムを非表示","searchFilters_hideMixed":"賛否両論のアイテムを非表示","searchFilters_hideNegative":"不評のアイテムを非表示","news":"ニュース","viewinclient":"Steamクライアントで表示する","customBackground":"カスタム背景","customStyle":"カスタムテーマ","customStyleHelp":"Augmented Steamを使用しているユーザーには、あなたのプロフィールがここで選択したテーマに変更されて表示されます。Augmented Steamを使用していないユーザーには、ここでのテーマ変更は表示されません。","noneselected":"選択なし / 変更なし","mostDrops":"最大ドロップ数","netGain":"純利益:","apppageRecentupdates":"最近のイベントとお知らせ","apppageEaheader":"早期アクセス情報ボックス","apppageEabanner":"早期アクセス議論バナー","apppageWorkshop":"Steamワークショップバナー","apppageGreenlight":"Steam Greenlightバナー","apppageLegal":"法的情報","apppageFranchise":"フランチャイズ","apppageMorefromfranchise":"フランチャイズのその他のアイテム","bugFeature":"バグを報告 / 機能を提案","always":"常に表示","ratingDetails":"評価の詳細を表示","dropsWorthAvg":"およその価値","familySharingNotice_notice":"お知らせ:","familySharingNotice_desc":"このゲームはSteamファミリーシェアリングから除外されています。","visitStore":"ストアページを表示","all":"全て","externalFunds":"外部資金使用状況","shoppingCartHistory":"買い物カゴの履歴を表示","manageWebapiKey":"Steam Web APIキーの管理","steamCloudHeader":"Steamクラウド","steamCloudSaves":"クラウドセーブを表示","gamesWithDrops":"__dropsgames__本のゲームでドロップ数が残っています","binderView":"バインダー表示","usingLanguage":"あなたは現在 __current__ でSteamを閲覧しています。","loginWarning":"Augmented Steamのすべての機能を利用するため、__link__にログインしてください。","visitTradeForum":"トレードフォーラムを開く","purchaseDate":"(購入日： __date__)","customBackgroundHelp":"Augmented Steamのユーザーに対して、あなたのプロフィールにこの背景が表示されます。非Augmented Steamのユーザーに対しては通常のプロフィール背景が表示されます。","dateUnlocked":"日時がアンロック","netSpent":"純支出:","buy":"購入","buyPackage":"__package__を購入する","moreInformation":"詳細情報","regionUnavailable":"この地域では利用できません","avgPrice_3cards":"3枚のトレーディングカードの平均価格: __price__","groups_leaveGroupsConfirm":"選択した__n__個のグループから脱退してもよろしいですか？","groups_manageGroups":"グループの管理","groups_actionGroups":"操作を行うグループを選択してください。","groups_select":"選択：","groups_leave":"グループから脱退","groups_selected":"__n__個を選択しました。","groups_leaveAdminConfirm_currentlyAdmin":"あなたは現在 __name__ の管理者です","groups_leaveAdminConfirm_wantToLeave":"このグループを脱退してもよろしいですか？","export_wishlist":"ウィッシュリストをエクスポート","export_type":"タイプをエクスポート","export_format":"テキストフォーマット","export_text":"テキスト","export_download":"ダウンロード","export_copyClipboard":"クリップボードへコピー","none":"なし","emptyWishlist_title":"ウィッシュリストを空にする","emptyWishlist_confirm":"Are you sure you want to empty your wishlist? This action cannot be undone!","emptyWishlist_removing":"__total__個のアプリから__cur__個目を削除しています…","about":"この拡張機能について","never":"表示しない","couponAvailable":"クーポンが利用できます!","launchRandom":"ランダムなゲームを起動","playGame":"__gamename__をプレイしますか?","dropsValue":"最高ドロップ値","cardsRemain":"完了するために必要なカードの残り枚数","wishlist":"ウィッシュリスト","onWishlist":"On wishlist","onWaitlist":"ウェイトリスト内","onWishlistAndWaitlist":"欲しいものリストと待機リスト","cancel":"キャンセル","wikiArticle":"__pcgw__ の記事を表示","viewAll":"すべて表示","gamesWithBooster":"__boostergames__本のゲームにブースターパックの受取資格があります","sortBy":"ソート順:","playtime":"プレイ時間","awards":"受賞歴","year":"年","lastonline":"最後のオンライン","members":"メンバー","name":"名前","drmThirdPartySub":"警告: このパッケージ内の1つ以上のタイトルがサードパーティーのDRM「__drmlist__」を使用しています。","customize":"カスタマイズ","bundleSavingText":"このバンドルの購入でお得になる金額","thewordoptions":"オプション","discussions":"議論","pricing_lowestPrice":"現在最安：","pricing_historicalLow":"史上最安：","pricing_bundled":"バンドル内の回数：","pricing_withVoucher":"割引「__voucher__」が適用可能","pricing_store":"__store__にての販売","pricing_bundleCount":"__count__回","webBrowserChat":"ウェブブラウザーチャット","steamClientChat":"Steam クライアントチャット","equipOnProfile":"プロフィールに装備","previewBackground":"背景をプレビュー","expandSlider":"スライダーを拡張","contractSlider":"スライダーを縮小","earlyAccess":"早期アクセス","tagShort":"スペースの節約のため短縮タグを使用する","noPriceData":"価格データがありません","userScore":"ユーザースコア","marketPopularItemsToggle":"人気アイテムのリアルタイム更新切替","showProgressbar":"Augmented Steam進行と状態バーを表示する","achievements_option":"ストアページで実績を表示","achievements_summary":"__total__個の中の__unlocked__個(__percentage__%)の実績を解除しました：","bundle_offerEnds":"セール終了まで:","bundle_includes":"__num__ 個のアイテムが含まれます","bundle_tierIncludes":"__tier__ (__price__) は __num__ 個のアイテムを含みます","bundle_tier":"Tier __num__","bundle_header":"このゲームを含むバンドル","bundle_info":"バンドル情報","charts_peakall":"最大同時接続数","charts_current":"現在のプレイヤー数","charts_playingNow":"現在プレイ中","charts_peaktoday":"今日の最大同時接続数","hltb_title":"How Long to Beat","hltb_mainE":"主なストーリーとおまけ","hltb_compl":"完璧主義者","hltb_main":"主なストーリー","options_friendsAndGroups":"Friends and Groups","options_friendsAppendNickname":"Append nicknames to friends' names","options_settingsMngmt_import":"インポート","options_settingsMngmt_importSuccess":"設定インポートが成功した","options_settingsMngmt_importFail":"設定インポートが失敗した","options_settingsMngmt_export":"エクスポート","options_settingsMngmt_reset":"リセット","options_showCustomThemes":"カスタムテーマを表示","options_communityDefaultTab":"デフォルトのコミュニティホームページタブ","options_videos":"動画","options_broadcasts":"ブロードキャスト","options_artwork":"作品","options_screenshots":"スクリーンショット","options_showBacktotop":"長いページで「ページ先頭に戻る」ボタンを表示する","options_contextMenu":"右クリックメニュー","options_contextSteamStore":"Steamストアで「__query__」を検索","options_contextSteamMarket":"Steamマーケットで「__query__」を検索","options_contextItad":"IsThereAnyDealで「__query__」を検索","options_contextBartervg":"Barter.vgで「__query__」を検索","options_contextSteamdb":"SteamDBで「__query__」を検索","options_contextSteamdbInstant":"SteamDBで「__query__」をインスタント検索","options_contextSteamKeys":"選択されたSteamアイテムキーを有効化する","options_wsgf":"WSGF (ワイドスクリーン) 情報を表示","options_versionShow":"Augmented Steamのアップデート時に変更履歴を表示する","options_steamcardexchange":"バッジにSteamCardExchangeへのリンクを表示","options_regionalPrice":"地域別価格比較","options_excludef2p":"無料プレイのゲームを強調表示から除外","options_profileLinkImagesNone":"なし","options_profileLinks":"プロフィールに以下のリンクを表示","options_tag":"タグ","options_icon":"アイコン","options_name":"名前","options_showAlternativeLinuxIcon":"代わりのLinuxアイコンを表示する","options_replacecommunityhublinks":"コミュニティハブのリンクをストアページのリンクに置き換える","options_hideannouncementcomments":"全てのグループアナウンスのコメントをデフォルトで非表示にする","options_hidetmsymbols":"Hide trademark and copyright symbols in game titles","options_metacritic":"Metacriticのユーザースコアを表示","options_opencritic":"Opencritic.com の情報を表示","options_hideactivelistings":"デフォルトでマーケットのホームページのアクティブリストをすべて非表示","options_showlowestmarketprice":"あなたの最低出品価格を表示","options_clear":"本当にすべてのオプションをリセットしますか？これは取り消しできません。","options_coupon":"クーポンがあるアイテム","options_showPackageInfo":"全アプリのパッケージ情報を表示","options_wlbuttoncommunityapp":"「ウィッシュリストに追加」ボタンをコミュニティアプリハブに表示","options_removeguideslanguagefilter":"ユーザーの言語設定によるガイドの自動フィルタリングをしない","options_confirmdeletecomment":"コメントを削除する際に確認を表示する","options_disablelinkfilter":"外部サイトにアクセスする際の確認を無効にする","options_regionalPriceOn":"地域別価格比較を表示","options_horizontalscrolling":"マウスホイールで横スクロールを許可する","options_supportinfo":"サポート情報をストアページで表示する","options_drm":"サードパーティーDRMの警告を表示","options_profileLinkImages":"Profile and Group links image style","options_show1clickgoo":"「1-click でジェムに変換」ボタンを適用可能なインベントリアイテムに表示","options_hltb":"HowLongToBeat.comの情報を表示","options_hidespamcomments":"ワークショップとプロフィールのスパムコメントを非表示","options_gift":"ギフトで保管しているアイテム","options_regionalPriceMouse":"価格をマウスオーバーで","options_lowestpriceHeader":"価格履歴情報","options_storesAll":"すべてのストアを比較","options_viewInCurrency":"通貨:","options_showEarlyAccess":"早期アクセスの画像バナーを表示","options_profileLinkImagesGray":"グレースケール","options_quickinv":"「今すぐ売却」ボタンをインベントリ内のSteamコミュニティアイテムに表示する","options_quickinvDiff":"「今すぐ売却」の単位","options_sendAgeInfo":"必要な時は、年齢確認を自動送信する","options_showdeckcompat":"機能リストに Steam Deck の互換性評価を表示する (データが欠落している場合は取得)","options_removebroadcasts":"すべてのライブブロードキャストをブロックする","options_exfgls":"アプリがファミリーシェアリングから除外された時に通知を送る","options_mp4video":"アプリストアの動画をMP4フォーマットに強制変換","options_youtube":"YouTubeのリンクを表示","options_twitch":"Twitchのリンクを表示","options_pcgw":"PCGamingWikiのリンクを表示","options_completionistme":"Completionist.meのリンクを表示","options_protondb":"ProtonDBのリンクを表示","options_storeSteamcards":"ストアページでSteamCardExchangeのリンクを表示する","options_spamcommentregex":"正規表現:","options_regionalHideworld":"地球儀アイコンを非表示","options_showAstatslink":"アプリページに AStats のリンクを表示","options_showYoutubegameplay":"アプリページでYouTube実況を表示","options_showYoutubereviews":"アプリページでYouTubeレビュー動画を表示","options_openinnewtab":"外部リンクを新しいタブで開く","options_showbartervg":"Barter.vgのリンクを表示","options_guest":"ゲストパスがあるアイテム","options_collection":"ITADコレクション内のアイテム","options_waitlist":"ITADウェイトリスト内のアイテム","options_showPlayersInfo":"プレイヤー数の情報を表示","options_showallstats":"「すべてのゲーム」ページでプレイ時間データを表示する","options_lowestpriceOnwishlist":"ウィッシュリストで表示","options_steamrepapi":"プロフィールページにSteamRepステータスを表示する","options_profileSteamid":"プロフィールでSteamIDを表示","options_profilePinnedBg":"スクロール中にプロフィールの背景の位置を固定する","options_lowestprice":"表示する","options_owned":"所有しているアイテム","options_itadlinks":"IsThereAnyDealのリンクを表示","options_steamdb":"SteamDBへのリンクを表示","options_profileLinkImagesColor":"カラー","options_showViewInLibrary":"すでに持っているゲームに「ライブラリで表示」を表示","options_installSteamButton":"「Steamをインストール」ボタン","options_replaceViewClient":"「Steamクライアントで表示する」に書き換える","options_showEmptyWishlist":"「ウィッシュリストを空にする」ボタンを表示","options_showWishlistStats":"ウィッシュリストでウィッシュリスト統計情報を表示","options_oneclickremovewl":"アイテムを削除するときに確認をスキップする","options_userNotes_userNotes":"ユーザーノート","options_userNotes_app":"アプリページ","options_userNotes_wishlist":"自分の欲しいものリスト","options_userNotes_loc":"保存場所","options_userNotes_syncedStorage":"同期済み/ローカルストレージ","options_userNotes_local":"ローカルデータベース","options_inventoryNavText":"インベントリページ上で高度な案内を表示","options_marketTotal":"マーケットで取引概要を表示","options_lowestpriceCoupon":"価格比較にクーポンコードを含める","options_general":"全般","options_apppage":"アプリページ","options_market":"マーケット","options_inventory":"インベントリ","options_profile":"プロフィール","options_group":"グループ","options_friendActivity":"フレンドアクティビティフィード","options_groupLinks":"グループリンクを表示：","options_showLanguagewarning":"別の言語で閲覧している場合警告を表示する","options_homepage":"ホームページ","options_homepageDefaultTab":"デフォルトのホームページタブ","options_homepageDefaultTabRemember":"以前の状況を記憶する","options_homepageDefaultTabNewreleases":"人気の新作","options_homepageDefaultTabTopsellers":"売り上げ上位","options_homepageDefaultTabUpcoming":"近日登場","options_homepageDefaultTabSpecials":"スペシャル","options_wishlist":"ウィッシュリストにあるアイテム","options_addAnotherRegion":"追加","options_skipGotSteam":"「Steam をお持ちですか？」のウィンドウをスキップする","options_storeGeneralThirdparty":"サードパーティーサイト由来の情報についてのオプション","options_purchaseDates":"ストアページにアプリの購入日を表示","options_showBadgeProgress":"ストアページにバッジの進捗状況を表示","options_showCoupon":"ストアページに適用可能なクーポンを表示","options_showWishlistLink":"プロフィールにウィッシュリストのリンクを表示","options_showWishlistCount":"ウィッシュ リストのアイテムの数を表示する","options_profileShowcaseTwitch":"Twitch.tvのリンクがある場合、そのためのショーケースを追加","options_profileShowcaseOwnTwitch":"... あなた自身のプロフィールにも追加","options_profileShowcaseTwitchProfileonly":"... プロフィールの自己紹介がリンクを含む場合のみ","options_lang_english":"英語","options_lang_brazilian":"ブラジルポルトガル語","options_lang_bulgarian":"ブルガリア語","options_lang_czech":"チェコ語","options_lang_danish":"デンマーク語","options_lang_dutch":"オランダ語","options_lang_finnish":"フィンランド語","options_lang_french":"フランス語","options_lang_greek":"ギリシャ語","options_lang_german":"ドイツ語","options_lang_hungarian":"ハンガリー語","options_lang_italian":"イタリア語","options_lang_japanese":"日本語","options_lang_koreana":"韓国語","options_lang_norwegian":"ノルウェー語","options_lang_polish":"ポーランド語","options_lang_portuguese":"ポルトガル語","options_lang_russian":"ロシア語","options_lang_romanian":"ルーマニア語","options_lang_schinese":"簡体中国語","options_lang_spanish":"スペイン語","options_lang_latam":"スペイン語 - ラテンアメリカ","options_lang_swedish":"スウェーデン語","options_lang_tchinese":"繁体中国語","options_lang_thai":"タイ語","options_lang_turkish":"トルコ語","options_lang_ukrainian":"ウクライナ語","options_lang_vietnamese":"ベトナム語","options_addCustomLink":"カスタムリンクを追加","options_autoDetect":"自動検出","options_addToWaitlist":"アイテムページで「ウェイトリストに追加 」ボタンを表示","options_collectionBannerNotOwned":"Only show In Collection banner when I don't own the game on Steam","options_maintainers":"プロジェクト保守者","options_withHelpOf":"__contributors__から多大なるご助力を賜りました。","options_contributors":"協力者たち","options_aboutDesc":"Augmented Steam は Enhanced Steam 拡張機能のフォークです。","options_aboutDescLinks":"詳細については、拡張機能の __website__ または __discord__ をご覧ください。","options_footerFork":"フォーク: IsThereAnyDeal","options_footerAuthor":"原作者: jshackles","ready_loading":"Augmented Steam がデータをロード中……","ready_ready":"Augmented Steam 準備完了","ready_failed":"__amount__個のリクエストが失敗した、ブラウザコンソールにて詳細情報を見る","ready_serverOutage":"Augmented Steamサーバーはただいま過負荷しています","twitch_nowStreaming":"__username__ はTwitchで配信中です","twitch_viewers":"視聴者","dlcSelect_wishlistedDlc":"ウィッシュリストに入ったDLCを選択","dlcSelect_none":"何も選択しない","dlcSelect_unownedDlc":"未所有のDLCを選択","tag_wishlist":"ウィッシュリスト","tag_coupon":"クーポン","tag_invGift":"ギフト","tag_invGuestpass":"ゲストパス","tag_owned":"所持","tag_notinterested":"興味なし","tag_ignoredOwned":"無視(所有済み)","tag_collection":"収集済み","tag_waitlist":"ウェイトリストに追加した","wallet_customAmount":"カスタムした額を追加","wallet_customAmountText":"Any amount over __minamount__","wallet_customGiftcard":"__input__カスタムギフトカードを選択","wsgf_incomplete":"不完全","wsgf_unsupported":"このスコアは、__type__のサポートがないゲームに贈られます。 このゲームは__type__ではプレイできないか、画像がウィンドウに合わせて引き伸ばされます。正しいアスペクト比は保たれません","wsgf_gold":"このメダルは、 __type__ のサポートに対しWSGFから完璧なスコアを受け、__type__認証済みのゲームに贈られます。","wsgf_silver":"このメダルは、__type__のサポートに対しB相当のグレードを受けたゲームに贈られます。これらのゲームのすべてに大きな欠陥はありませんが、完璧なスコアになるのを妨げた欠点が少なくともひとつはあります。","wsgf_limited":"このスコアは、__type__のサポートに対しC相当のグレードを受けたゲームに贈られます。これらのゲームのすべてにある程度の水準の__type__サポートがありますが、明らかな問題を抱えています。","wsgf_certifications":"WSGF ワイドスクリーン認定","itad_enableSyncLibrary":"Enable library sync","itad_enableSyncWishlist":"Enable wishlist sync","itad_import":"定期インポート：","itad_lastImport":"Last import","itad_from":"from ITAD","itad_to":"to ITAD","itad_syncNow":"直ちに同期する","itad_info_itadSteam":"Augmented SteamをIsThereAnyDealと接続すると、Steamでゲームを所持していない場合も、IsThereAnyDealのウェイトリストとコレクションをAugmented Steamでハイライトやタグすることができます。","itad_info_steamItad":"また、精確さをさらに上げるため、ゲームをSteamライブラリまたはウィッシュリストからIsThereAnyDealへインポートすることも可能（例えば、DLCまたは収録されていないゲーム）です。今、削除機能は実装されていないため、この機能を使ってアイテムを追加するだけができます。IsThereAnyDealが統合した同期機能の代わりにはなれませんが、補充としてはできます。","tradeoffer_numItem":"__num__ 個のアイテム","tradeoffer_numItems":"__num__ 個のアイテム","tradeoffer_back":"トレードオファーに戻る","update_dontShow":"今後表示しない","update_updated":"Augmented Steamは、__version__ にアップデートされました","update_changes":"View all changes on GitHub","register_success":"__gamename__ を有効化しました","register_owned":"このSteamアカウントには、この注文に含まれるゲームが既に持ちます。","register_notavail":"この製品はお客様の居住国ではご利用いただけません。この製品コードの有効化は行われていません。","register_invalid":"入力した製品コードは無効です。入力したキーが正しいことを確認してください。","register_already":"入力された製品コードは別の Steam アカウントですでに有効になっています。","register_dlc":"入力された製品コードを有効化するには、ベースとなる別の製品を所有している必要があります。","register_wallet":"入力されたコードは Steam ギフトカードか Steam ウォレットコードです。","register_toomany":"このアカウントから、有効化を試みる回数が多すぎます。後でまたお試しください。","register_default":"予期しないエラーが発生したため、製品コードを有効化できませんでした。30分後に再度お試しください。","wl_label":"統計","wl_totalPrice":"合計価格","wl_inWishlist":"ウィッシュリスト内","wl_onSale":"セール中","wl_noPrice":"価格が表示されない","wl_hidden":"非表示のアプリ","wl_hiddenTooltip":"削除/非公開にされ、欲しいものリストに表示されないアプリ。クリックして詳細を表示してください。","wl_removeTitle":"このアイテムを欲しいものリストから削除しますか？","wl_removeConfirm":"欲しいものリストから \"appid __appid__\" を削除してもよろしいですか？","wl_removeConfirmWarn":"後から再度追加することはできません！","coll_totalTime":"総時間数","coll_inCollection":"コレクション内","coll_played":"プレイした","coll_neverPlayed":"プレイしなかった","userNote_add":"メモを追加","userNote_update":"メモを更新","userNote_addForGame":"__gamename__のメモ","userNote_notEnoughSpace":"メモを保存するのに十分な容量がありません","userNote_notEnoughSpaceDesc":"使用されているストレージアダプターではこれ以上のデータの保存が許可されていないため (ストレージ容量の ~__perc__% を使用しようとしています)、Augmented Steam はこれ以上ユーザーノートを保存できません。","userNote_closeOnStorage":"ストレージが不足しています","userNote_closeOnStorageDesc":"Augmented Steam は、現在のストレージアダプターでは、ユーザーノートをこれ以上保存できなくなる可能性が近づいています。(ストレージ使用量 ~__perc__%)","userNote_storageWarningDesc":"ユーザーノートをローカル データベースに保存する(同期なし) か、ブラウザーが提供する保存方法を引き続き使用する(古いメモを削除した場合にのみ新しいメモを追加できる)かを選択できます。","userNote_saveSyncedStorage":"同期されたストレージを引き続き使用する","userNote_saveLocal":"メモをローカルに保存する","userNote_syncOption":"Sync notes automatically","userNote_syncInfo_1":"You can sync your notes between Augmented Steam and IsThereAnyDeal. If you enable automatic sync, notes will be periodically fetched from ITAD. Edits via Augmented Steam will be mirrored to ITAD immediately.","userNote_syncInfo_2":"You can also manually push or pull notes between Augmented Steam and IsThereAnyDeal. We advise you to do so before enabling automatic sync, to ensure the correct version of the note is used, in case you have different notes stored for the same game.","userNote_syncInfo_3":"You can see all your notes stored in the Notes and Tags section on IsThereAnyDeal.","userNote_syncButtonPush":"Push notes to\nIsThereAnyDeal","userNote_syncButtonPull":"Pull notes from\nIsThereAnyDeal","userNote_syncPulled":"__n__ note(s) were pulled from IsThereAnyDeal","userNote_syncPushed":"__n__ note(s) were pushed to IsThereAnyDeal","userNote_syncFailed":"__n__ note(s) failed to sync","userNote_syncError":"Your note failed to sync","userNote_syncErrorEmpty":"Note is empty","userNote_syncErrorUnknown":"ITAD does not know this game","userNote_syncErrorLength":"Note is too long (__length__, max: __max__)","queue_new":"新しいキュー","queue_newTooltip":"この製品を自分のキューから削除し、新しいキューを始めます。","workshop_workshop":"ワークショップ","workshop_subscriptions":"サブスクリプション","workshop_subscribeAll":"すべてをサブスクライブ","workshop_subscribeConfirm":"現在のフィルターで全部 __count__ 個のワークショップアイテムをサブスクライブしますか？","workshop_subscribeLoading":"__i__/__count__ 個のワークショップアイテムをサブスクライブ中、お待ち下さい…","workshop_unsubscribeAll":"サブスクリプションをすべて解除","workshop_unsubscribeConfirm":"現在のフィルターで全部 __count__ 個のワークショップアイテムのサブスクリプションを解除しますか？","workshop_unsubscribeLoading":"__i__/__count__ 個のワークショップアイテムのサブスクリプションを解除中、お待ち下さい…","workshop_finished":"完成しました！ __success__ 個は成功、 __fail__ 個は失敗失敗しました。OKをクリックして再読み込み。","workshop_failed":"__n__ は失敗した。","originalAuthors":"元開発者","acknowledgements":"感謝","countries_ad":"アンドラ","countries_ae":"アラブ首長国連邦","countries_af":"アフガニスタン","countries_ag":"アンティグア・バーブーダ","countries_ai":"アンギラ","countries_al":"アルバニア","countries_am":"アルメニア","countries_an":"オランダ領アンティル諸島","countries_ao":"アンゴラ","countries_ar":"アルゼンチン","countries_as":"アメリカ領サモア","countries_at":"オーストリア","countries_au":"オーストラリア","countries_aw":"アルバ","countries_az":"アゼルバイジャン","countries_ba":"ボスニア・ヘルツェゴビナ","countries_bb":"バルバドス","countries_bd":"バングラデシュ","countries_be":"ベルギー","countries_bf":"ブルキナファソ","countries_bg":"ブルガリア","countries_bh":"バーレーン","countries_bi":"ブルンジ","countries_bj":"ベナン","countries_bm":"バミューダ諸島","countries_bn":"ブルネイ","countries_bo":"ボリビア","countries_br":"ブラジル","countries_bs":"バハマ","countries_bt":"ブータン","countries_bv":"ブーベ島","countries_bw":"ボツワナ","countries_by":"ベラルーシ","countries_bz":"ベリーズ","countries_ca":"カナダ","countries_cd":"コンゴ - キンシャサ","countries_cf":"中央アフリカ共和国","countries_cg":"コンゴ - ブラザヴィル","countries_ch":"スイス","countries_ci":"コートジボワール","countries_ck":"クック諸島","countries_cl":"チリ","countries_cm":"カメルーン","countries_cn":"中国","countries_co":"コロンビア","countries_cr":"コスタリカ","countries_cu":"キューバ","countries_cv":"カーボベルデ","countries_cy":"キプロス","countries_cz":"チェコ共和国","countries_de":"ドイツ","countries_dj":"ジブチ","countries_dk":"デンマーク","countries_dm":"ドミニカ","countries_do":"ドミニカ共和国","countries_dz":"アルジェリア","countries_ec":"エクアドル","countries_ee":"エストニア","countries_eg":"エジプト","countries_eh":"西サハラ","countries_er":"エリトリア","countries_es":"スペイン","countries_et":"エチオピア","countries_fi":"フィンランド","countries_fj":"フィジー","countries_fk":"フォークランド諸島","countries_fm":"ミクロネシア","countries_fo":"フェロー諸島","countries_fr":"フランス","countries_ga":"ガボン","countries_gb":"イギリス","countries_gd":"グレナダ","countries_ge":"ジョージア","countries_gf":"フランス領ギニア","countries_gg":"ガーンジー","countries_gh":"ガーナ","countries_gi":"ジブラルタル","countries_gl":"グリーンランド","countries_gm":"ガンビア","countries_gn":"ギニア","countries_gp":"グアドループ","countries_gq":"赤道ギニア","countries_gr":"ギリシャ","countries_gs":"サウスジョージア島","countries_gt":"グアテマラ","countries_gu":"グアム","countries_gw":"ギニアビサウ","countries_gy":"ガイアナ","countries_hk":"香港","countries_hm":"ハード島とマクドナルド諸島","countries_hn":"ホンジュラス","countries_hr":"クロアチア","countries_ht":"ハイチ","countries_hu":"ハンガリー","countries_id":"インドネシア","countries_ie":"アイルランド","countries_il":"イスラエル","countries_im":"マン島","countries_in":"インド","countries_io":"イギリス領インド洋地域","countries_iq":"イラク","countries_ir":"イラン","countries_is":"アイスランド","countries_it":"イタリア","countries_je":"ジャージー","countries_jm":"ジャマイカ","countries_jo":"ヨルダン","countries_jp":"日本","countries_ke":"ケニア","countries_kg":"キルギス","countries_kh":"カンボジア","countries_ki":"キリバス","countries_km":"コモロ","countries_kn":"セントクリストファー・ネイビス","countries_kp":"北朝鮮","countries_kr":"韓国","countries_kw":"クウェート","countries_ky":"ケイマン諸島","countries_kz":"カザフスタン","countries_la":"ラオス","countries_lb":"レバノン","countries_lc":"セントルシア","countries_li":"リヒテンシュタイン","countries_lk":"スリランカ","countries_lr":"リベリア","countries_ls":"レソト","countries_lt":"リトアニア","countries_lu":"ルクセンブルク","countries_lv":"ラトビア","countries_ly":"リビア","countries_ma":"モロッコ","countries_mc":"モナコ","countries_md":"モルドバ","countries_me":"モンテネグロ","countries_mg":"マダガスカル","countries_mh":"マーシャル諸島","countries_mk":"マケドニア","countries_ml":"マリ","countries_mm":"ミャンマー (ビルマ)","countries_mn":"モンゴル","countries_mo":"マカオ","countries_mp":"北マリアナ諸島","countries_mq":"マルティニーク","countries_mr":"モーリタニア","countries_ms":"モントセラト","countries_mt":"マルタ","countries_mu":"モーリシャス","countries_mv":"モルディブ","countries_mw":"マラウイ","countries_mx":"メキシコ","countries_my":"マレーシア","countries_mz":"モザンビーク","countries_na":"ナミビア","countries_nc":"ニューカレドニア","countries_ne":"ニギア","countries_nf":"ノーフォーク島","countries_ng":"ナイジェリア","countries_ni":"ニカラグア","countries_nl":"オランダ","countries_no":"ノルウェー","countries_np":"ネパール","countries_nr":"ナウル","countries_nu":"ニウエ","countries_nz":"ニュージーランド","countries_om":"オマーン","countries_pa":"パナマ","countries_pe":"ペルー","countries_pf":"フランス領ポリネシア","countries_pg":"パプアニューギニア","countries_ph":"フィリピン","countries_pk":"パキスタン","countries_pl":"ポーランド","countries_pm":"サンピエール島・ミクロン島","countries_pn":"ピトケアン諸島","countries_pr":"プエルトリコ","countries_ps":"パレスチナ領域","countries_pt":"ポルトガル","countries_pw":"パラオ","countries_py":"パラグアイ","countries_qa":"カタール","countries_re":"レユニオン","countries_ro":"ルーマニア","countries_rs":"セルビア","countries_ru":"ロシア連邦","countries_rw":"ルワンダ","countries_sa":"サウジアラビア","countries_sb":"ソロモン諸島","countries_sc":"セーシェル","countries_sd":"スーダン","countries_se":"スウェーデン","countries_sg":"シンガポール","countries_sh":"セントヘレナ","countries_si":"スロベニア","countries_sk":"スロバキア","countries_sl":"シエラレオネ","countries_sm":"サンマリノ","countries_sn":"セネガル","countries_so":"ソマリア","countries_sr":"スリナム","countries_st":"サントメ・プリンシペ","countries_sv":"エルサルバドル","countries_sy":"シリア","countries_sz":"スワジランド","countries_tc":"タークス・カイコス諸島","countries_td":"チャド","countries_tf":"フランス領南方・南極地域","countries_tg":"トーゴ","countries_th":"タイ","countries_tj":"タジキスタン","countries_tk":"トケラウ","countries_tl":"東ティモール","countries_tm":"トルクメニスタン","countries_tn":"チュニジア","countries_to":"トンガ","countries_tr":"トルコ","countries_tt":"トリニダード・トバゴ","countries_tv":"ツバル","countries_tw":"台湾","countries_tz":"タンザニア","countries_ua":"ウクライナ","countries_ug":"ウガンダ","countries_um":"合衆国領有小離島","countries_us":"アメリカ合衆国","countries_uy":"ウルグアイ","countries_uz":"ウズベキスタン","countries_va":"バチカン市国","countries_vc":"セントビンセント及びグレナディーン諸島","countries_ve":"ベネズエラ","countries_vg":"イギリス領バージン諸島","countries_vi":"アメリカ領ヴァージン諸島","countries_vn":"ベトナム","countries_vu":"バヌアツ","countries_wf":"ウォリス・フツナ","countries_ws":"サモア","countries_ye":"イエメン","countries_yt":"マヨット","countries_za":"南アフリカ","countries_zm":"ザンビア","countries_zw":"ジンバブエ"}}