{"stats":{"strings":812,"translated":318},"strings":{"deleteCommentPrompt":"Are you sure you want to delete this comment?","downloadDemoHeader":"Download __gamename__ Demo","deckCompat_header":"Steam Deck Compatibility","deckCompat_unknown":"Unknown","deckCompat_unsupported":"Unsupported","deckCompat_playable":"Playable","deckCompat_verified":"Verified","featureHint_desc":"Would you like to enable the following feature?","featureHint_reminder":"You can change your preferences through the options page later.","thewordyes":"Yes","thewordno":"No","theworderror":"Error","noData":"No data","toomanyrequests":"Too Many Requests","showComments":"Show Comments","hideComments":"Hide Comments","thewordunknown":"Unknown","calcWorkshopSize_fileSize":"File size __size__","calcWorkshopSize_calcSize":"Calculate Total Size","calcWorkshopSize_calcLoading":"Calculating __i__/__count__ workshop items, please wait...","calcWorkshopSize_calcFinished":"Finished! Successfully calculated __success__/__total__ items.","calcWorkshopSize_totalSize":"Total size: __size__","cart":"Cart","inCart":"In Cart","steamidOfUser":"__user__의 Steam ID","copied":"클립보드에 복사되었습니다!","viewSteamid":"SteamID 보기","moreOnSteampeek":"SteamPeek에서 더보기","date":"날짜","rating":"평가","helpful":"도움이 되는","funny":"재밌는","length":"길이","visibility":"공개여부","processing":"처리중...","wait":"기다려 주세요","inviteFriends":"친구 추가","inviteToGroup":"그룹 채팅에 초대","inverse":"반대로","transactionStatus":"__failed__ 요청이 실패하였습니다. __total__ 트랜잭션 중 __size__를 검색했습니다.","customTags":"커스텀 태그","addTag":"태그 추가","enterTag":"추가할 커스텀 태그를 입력하세요.","status":"상태:","connect":"연결","connected":"연결됨","disconnect":"연결 끊기","disconnected":"연결 끊김","oneclickgoo":"1클릭으로 보석으로 전환...","viewInLibrary":"라이브러리 보기","support":"지원","email":"이메일","contact":"문의","favEmoticonsDragging":"이모티콘을 여기로 드래그하여 즐겨 찾기에 추가","favEmoticonsNoAccess":"You don't have access to this emoticon","postHistory":"게시물 기록 보기","addNickname":"별명 추가","totalSize":"전체 크기","dlcDetails":"다운로드 컨텐츠 세부사항","badgeNotUnlocked":"잠금을 해제하지 않음","badgeLevel":"Level __level__","each":"각각","viewInMarket":"상점에서 보기","remove":"Remove","getHelp":"도움 얻기","addSelectedDlcToCart":"선택된 DLC를 장바구니에 추가","close":"닫기","error":"오류가 발생했습니다","go":"검색","activate":"제품 코드 활성화하기","activateMultipleHeader":"아래에 제품 코드를 한 줄에 하나씩 입력하십시오.","activateMultiple":"여러 개의 제품 활성화","activateProducts":"제품 활성화","couponApplicationNote":"보관함에 있는 쿠폰은 결제할 때 자동으로 적용됩니다.","hide":"숨김","filters":"Augmented Steam filters","cardsOwned":"__possible__장의 카드 중 __owned__장을 소유하고 있음","libraryMenu":"라이브러리","clearCache":"캐쉬된 데이터 삭제","translation":"번역","helpTranslate":"Help us translate Augmented Steam over at POEditor","lowest":"최저","lowestPrice":"현재 최저가:","viewBadgeProgress":"배지 진행 상황 보기","badgeProgress":"배지 진행 상황 보기","salesTotal":"총 판매 금액:","viewNormalBadge":"배지 진행 상황 보기","apppageSections":"보고싶어하는 부문을 고르세요.","website":"홈페이지","games":"게임","badgeCompletionCost":"배지를 완성시키기 위한 비용: __cost__","loading":"불러오는중...","selling":"판매...","quickSell":"__amount__ 빠른 판매","quickSellDesc":"현재 Steam 장터에 등록된 가장 저렴한 가격과 비교한 __modifier__의 가격차이","instantSell":"__amount__즉시 판매","instantSellDesc":"현재 Steam 장터에 등록된 가장 높은 구매 주문 가격","quickSellVerify":"Steam Guard confirmation needed","startingAt":"시작 시간 : __price__","homepageTabs":"홈페이지 탭","store":"상점","viewInStore":"다음에 표시 상점","communityHub":"Community Hub","viewOnWebsite":"__website__에서 보기","drmThirdParty":"경고 : 이 타이틀은 제 3자의 DRM을 사용합니다 __drmlist__.","hoursShort":"__hours__ 시간","spamCommentShow":"__num__ 개의 스팸 댓글들을 가렸습니다. 보고 싶다면 여길 누르세요.","addToWishlist":"찜 목록에 추가","addFullgameToWishlist":"Add full game to your wishlist","addToWaitlist":"Add to your Waitlist","addFullgameToWaitlist":"Add full game to your Waitlist","removeFromWaitlistTooltip":"Remove from your Waitlist","removeFullgameFromWaitlistTooltip":"Remove full game from your Waitlist","removeFromWishlistAndWaitlistTooltip":"Remove from both your wishlist and Waitlist","removeFullgameFromWishlistAndWaitlistTooltip":"Remove full game from both your wishlist and Waitlist","language":"언어","theworddefault":"기본값","thewordclear":"Clear","couponLearnMore_linkText":"Learn more","couponLearnMore_fullText":"__linkdesc__ about Steam Coupons","show":"열기","showAll":"Show All","badgesAll":"모든 배지","esSupporter":"Enhanced Steam 서포터","community":"커뮤니티","ownedCollection":"__gametitle__ is already in your IsThereAnyDeal Collection","viewBadge":"배지 표시","purchaseTotal":"총 구매 금액:","viewFoilBadge":"은박 배지 진행상황 보기","viewAstats":"AStats 페이지 보기","contribute":"기여하기 (GitHub)","reviews":"리뷰","readReviews":"리뷰 보기","readMoreReviews":"에서 더 많은 리뷰 보기","youtubeGameplay":"YouTube 게임플레이","youtubeReviews":"YouTube 리뷰","packageInfo":"패키지 정보","badgeCompletionAvg":"배지 완성 평균 비용: __cost__","volumeSoldLast_24":"최근 24시간 동안 팔린 개수: __sold__ 개","soldLast_24":"최근 24시간 동안 __sold__ 개 팔림","homepageCurators":"Steam 큐레이터 추천","homepageTopnewreleases":"Top Steam Releases","homepageSidebar":"사이드바","dropCalc":"획득 가능한 카드 세어보기","price":"가격","marketTransactions":"장터 거래 금액","loadMarketStats":"Load Market Stats","cardDropsRemaining":"획득 가능한 카드 : __drops__ 장","badgesDrops":"카드를 받을 수 있는 배지","usingLanguageReturn":"Click here to browse Steam in __base__.","guides":"가이드","highlight":"강조","save":"저장","view":"보기","gameName":"게임명","notinterested":"관심 없음이 표시 된 항목","ignoredOwned":"Games you ignored as played on different platform","searchFilters_reviewsScore_between":"Between __lower__% and __upper__% review score","searchFilters_reviewsScore_any":"Any review score","searchFilters_reviewsScore_upTo":"Up to __score__% review score","searchFilters_reviewsScore_from":"From __score__% review score","searchFilters_reviewsCount_count":"Reviews count:","searchFilters_reviewsCount_minCount":"Min count","searchFilters_reviewsCount_maxCount":"Max count","searchFilters_discountPercent_count":"Discount percent:","searchFilters_discountPercent_minCount":"Min %","searchFilters_discountPercent_maxCount":"Max %","searchFilters_hideCart":"Hide items in your Cart","searchFilters_hideEa":"Hide Early Access items","searchFilters_hideMixed":"평가가 복합적인 제품 숨기기","searchFilters_hideNegative":"평가가 부정적인 제품 숨기기","news":"뉴스","viewinclient":"스팀 클라이언트에서 보기","customBackground":"사용자 지정 배경","customStyle":"커스텀 테마","customStyleHelp":"Augmented Steam을 사용하는  모든 사람들이 당신의 프로파일에서 이 테마를 볼 것입니다. Augmented Steam을 사용하지 않는 사람에게는 여기에서의 테마변경이 보이지 않을 것입니다.","noneselected":"선택되지 않음/ 변경 없음","mostDrops":"획득 가능한 개수순","netGain":"순 이익 금액:","apppageRecentupdates":"Recent Events & Announcements","apppageEaheader":"Early Access Info Box","apppageEabanner":"Early Access Discussions Banner","apppageWorkshop":"Steam Workshop Banner","apppageGreenlight":"Steam Greenlight Banner","apppageLegal":"법률 정보","apppageFranchise":"Franchise","apppageMorefromfranchise":"More From Franchise","bugFeature":"버그 신고/기능 제안","always":"항상","ratingDetails":"평가 내용 보기","dropsWorthAvg":"대략적인 가치","familySharingNotice_notice":"Notice:","familySharingNotice_desc":"This game is excluded from Steam's Family Sharing service.","visitStore":"상점 페이지 방문","all":"전체","externalFunds":"External Funds Used","shoppingCartHistory":"View Shopping Cart history","manageWebapiKey":"Manage my Steam Web API key","steamCloudHeader":"Steam Cloud","steamCloudSaves":"View Cloud saves","gamesWithDrops":"카드 획득 가능한 게임 : __dropsgames__ 개","binderView":"바인더 형태로 보기","usingLanguage":"You are browsing Steam in __current__.","loginWarning":"Make sure that you are logged into __link__ in order to be able to use all features of Augmented Steam.","visitTradeForum":"거래 포럼 방문","purchaseDate":"(__date__ 에 구매)","customBackgroundHelp":"Augmented Steam의 모든 사용자는 당신의 사용자 지정 배경을 볼 수 있습니다. Augmented Steam을 사용하지 않는 이용자는 당신의 일반 프로필 배경을 볼 수 있습니다.","dateUnlocked":"날짜 잠금해제","netSpent":"순 소비 금액:","buy":"구입","buyPackage":"__package__ 구매","moreInformation":"추가 정보","regionUnavailable":"이 지역에서는 사용할 수 없습니다","avgPrice_3cards":"트레이딩 카드 3개의 평균 가격: __price__","groups_leaveGroupsConfirm":"Are you sure you want to leave __n__ selected groups?","groups_manageGroups":"Manage groups","groups_actionGroups":"Select the groups below that you wish to take action on.","groups_select":"Select:","groups_leave":"Leave Groups","groups_selected":"__n__ selected.","groups_leaveAdminConfirm_currentlyAdmin":"You are currently admin of __name__.","groups_leaveAdminConfirm_wantToLeave":"Are you sure you want to leave this group?","export_wishlist":"Export wishlist","export_type":"Export type","export_format":"Text format","export_text":"Text","export_download":"Download","export_copyClipboard":"Copy to clipboard","none":"None","emptyWishlist_title":"찜 목록 비우기","emptyWishlist_confirm":"Are you sure you want to empty your wishlist? This action cannot be undone!","emptyWishlist_removing":"Removing app __cur__ from __total__...","about":"정보","never":"사용하지 않음","couponAvailable":"사용 가능한 쿠폰이 있습니다!","launchRandom":"무작위 게임 실행","playGame":"__gamename__실행","dropsValue":"높은 가치순","cardsRemain":"Least cards remaining to complete set","wishlist":"찜 목록","onWishlist":"On wishlist","onWaitlist":"In Waitlist","onWishlistAndWaitlist":"On wishlist and Waitlist","cancel":"취소","wikiArticle":"__pcgw__ 기사 보기","viewAll":"모두 보기","gamesWithBooster":"부스터팩 자격 : __boostergames__ 개","sortBy":"정렬 순서","playtime":"Playtime","awards":"Awards","year":"Year","lastonline":"마지막 접속 후 지난 시간","members":"Members","name":"Name","drmThirdPartySub":"경고 : 이 패키지에 포함된 하나 이상의 타이틀에서 타사 DRM을 사용합니다 __drmlist__.","customize":"직접 꾸미기","bundleSavingText":"본 묶음으로 구매하면 절약되는 금액입니다","thewordoptions":"설정","discussions":"토론","pricing_lowestPrice":"Current best:","pricing_historicalLow":"Historical low:","pricing_bundled":"In bundle:","pricing_withVoucher":"with voucher __voucher__","pricing_store":"at&nbsp;__store__","pricing_bundleCount":"__count__ times","webBrowserChat":"웹 브라우저 채팅","steamClientChat":"스팀 클라이언트 채팅","equipOnProfile":"Equip on Profile","previewBackground":"배경 미리보기","expandSlider":"확대","contractSlider":"축소","earlyAccess":"앞서 해보기","tagShort":"공간을 절약하기 위해 짧은 태그 사용","noPriceData":"가격에 대한 자료가 없습니다","userScore":"유저 평점","marketPopularItemsToggle":"인기 있는 항목에 대한 실시간 업데이트 켜기/끄기","showProgressbar":"Show Augmented Steam progress and status bar","achievements_option":"상점 페이지에 도전과제 표시","achievements_summary":"__unlocked__ of __total__ (__percentage__%) achievements earned:","bundle_offerEnds":"종료 일시 : ","bundle_includes":"__num__ 아이템 포함","bundle_tierIncludes":"__num__개의 항목을 포함하는 __tier__ (__price__)","bundle_tier":"__num__ 묶음","bundle_header":"이 게임을 포함한 번들","bundle_info":"번들 정보","charts_peakall":"역대 최고조","charts_current":"최근 플레이어의 수","charts_playingNow":"현재 플레이","charts_peaktoday":"오늘의 최고조","hltb_title":"플레이 타임","hltb_mainE":"메인과 추가 스토리","hltb_compl":"완벽하게 모두 플레이","hltb_main":"메인","options_friendsAndGroups":"Friends and Groups","options_friendsAppendNickname":"Append nicknames to friends' names","options_settingsMngmt_import":"불러오기","options_settingsMngmt_importSuccess":"성공적으로 세팅을 불러왔습니다","options_settingsMngmt_importFail":"세팅을 불러오는 데 실패했습니다","options_settingsMngmt_export":"내보내기","options_settingsMngmt_reset":"초기화","options_showCustomThemes":"Show custom themes","options_communityDefaultTab":"Default community home page tab","options_videos":"Videos","options_broadcasts":"Broadcasts","options_artwork":"Artwork","options_screenshots":"Screenshots","options_showBacktotop":"Show back to top button on long pages","options_contextMenu":"Context Menu","options_contextSteamStore":"Search Steam Store for '__query__'","options_contextSteamMarket":"Search Steam Market for '__query__'","options_contextItad":"Search IsThereAnyDeal for '__query__'","options_contextBartervg":"Search Barter.vg for '__query__'","options_contextSteamdb":"Search SteamDB for '__query__'","options_contextSteamdbInstant":"Instant Search SteamDB for '__query__'","options_contextSteamKeys":"Activate steam product keys within selection","options_wsgf":"WSGF (와이드 스크린) 정보를 표시","options_versionShow":"Augmented Steam이 업데이트 될 때 변경 내용 보이기","options_steamcardexchange":"배지에 SteamCardExchange에 대한 링크를 표시합니다.","options_regionalPrice":"지역별 가격 비교","options_excludef2p":"무료게임을 강조에서 제외","options_profileLinkImagesNone":"표시하지 않음","options_profileLinks":"프로필에 링크를 추가","options_tag":"태그","options_icon":"아이콘","options_name":"이름","options_showAlternativeLinuxIcon":"다른 리눅스 아이콘 표시","options_replacecommunityhublinks":"Replace community hub links with store page links","options_hideannouncementcomments":"Hide comments under all group announcements by default","options_hidetmsymbols":"Hide trademark and copyright symbols in game titles","options_metacritic":"Metacritic 유저 점수를 보임","options_opencritic":"Opencritic.com 정보 표시","options_hideactivelistings":"상점 홈페이지에 있는 모든 활동 목록을 숨김니다.","options_showlowestmarketprice":"Show the lowest market price for your listings","options_clear":"모든 설정을 초기화 합니까? 초기화 후 취소할 수 없습니다.","options_coupon":"쿠폰을 소유한 아이템","options_showPackageInfo":"모든 앱의 패키지 정보를 표시","options_wlbuttoncommunityapp":"커뮤니티 허브에서 \"찜 목록에 추가\" 버튼 보이기","options_removeguideslanguagefilter":"사용자 언어를 기준으로 자동 가이드 필터링 하지 않기","options_confirmdeletecomment":"Show confirmation when deleting comments","options_disablelinkfilter":"외부 사이트에 접속할 때 확인여부를 묻지 않도록 설정","options_regionalPriceOn":"지역별 가격 비교를 보여준다","options_horizontalscrolling":"Enable horizontal scrolling with the mouse wheel","options_supportinfo":"Show support information","options_drm":"3rd party DRM 경고를 보입니다.","options_profileLinkImages":"Profile and Group links image style","options_show1clickgoo":"보관함 아이템에 적용되는 \"원클릭으로 젬 교환...\" 버튼 보여주기","options_hltb":"HowLongToBeat.com의 정보 보기","options_hidespamcomments":"창작마당 & 프로필에서 스팸 댓글 숨기기","options_gift":"선물","options_regionalPriceMouse":"가격 위에 마우스를 올릴때","options_lowestpriceHeader":"가격 기록 정보","options_storesAll":"모든 상점 판매가 비교하기","options_viewInCurrency":"View in:","options_showEarlyAccess":"앞서 해보기 게임을 배너에 표시","options_profileLinkImagesGray":"그레이스케일","options_quickinv":"인벤토리에 스팀 커뮤니티 아이템의 빠른 판매 버튼을 표시","options_quickinvDiff":"빠른 판매 한정자:","options_sendAgeInfo":"연령 확인 요청시 자동으로 정보를 보냄","options_showdeckcompat":"Show Steam Deck compatibility ratings in the features list (and fetch the data when it's missing)","options_removebroadcasts":"라이브 방송을 전부 없애기","options_exfgls":"Show a notice if app is excluded from Family Sharing","options_mp4video":"Force videos to be in MP4 format","options_youtube":"Show YouTube links","options_twitch":"Show Twitch links","options_pcgw":"PCGamingWiki 링크 보기","options_completionistme":"Show Completionist.me links","options_protondb":"Show ProtonDB links","options_storeSteamcards":"상점 페이지에서 SteamCardExchange 링크 보기","options_spamcommentregex":"정규표현식 문자열 : ","options_regionalHideworld":"세계 표시 숨기기","options_showAstatslink":"AStats 링크 보기","options_showYoutubegameplay":"Show \"YouTube Gameplay\" links","options_showYoutubereviews":"Show \"YouTube Reviews\" links","options_openinnewtab":"Open external links in a new tab","options_showbartervg":"Show Barter.vg links","options_guest":"손님","options_collection":"Items in your ITAD Collection","options_waitlist":"Items in your ITAD Waitlist","options_showPlayersInfo":"Show player count information","options_showallstats":"Show playtime stats on \"All Games\" page","options_lowestpriceOnwishlist":"찜 목록 보기","options_steamrepapi":"프로필 페이지에 SteamREP 정보를 표시합니다.","options_profileSteamid":"Show a link to view SteamIDs","options_profilePinnedBg":"Pin the profile background position while scrolling","options_lowestprice":"표시","options_owned":"당신이 소유한 아이템","options_itadlinks":"Show IsThereAnyDeal links","options_steamdb":"SteamDB 링크를 보입니다.","options_profileLinkImagesColor":"컬러","options_showViewInLibrary":"Show \"View in Library\" button","options_installSteamButton":"\"Install Steam\" button","options_replaceViewClient":"Replace with \"View in Client\"","options_showEmptyWishlist":"\"찜 목록 비우기\" 버튼 보이기","options_showWishlistStats":"Show wishlist stats","options_oneclickremovewl":"Skip confirmation when removing items","options_userNotes_userNotes":"User notes","options_userNotes_app":"On app pages","options_userNotes_wishlist":"On my wishlist","options_userNotes_loc":"Storage location","options_userNotes_syncedStorage":"Synced/Local storage","options_userNotes_local":"Local database","options_inventoryNavText":"인벤토리 페이지에서 쪽수 검색 보기","options_marketTotal":"장터 거래 금액 요약 보기","options_lowestpriceCoupon":"가격 비교시 쿠폰 적용하기","options_general":"일반","options_apppage":"App page","options_market":"장터","options_inventory":"인벤토리","options_profile":"프로필","options_group":"Group","options_friendActivity":"Friend Activity Feed","options_groupLinks":"Options for links to 3rd party sites","options_showLanguagewarning":"다음 언어 이외의 언어로 브라우징시 경고 보기","options_homepage":"홈페이지","options_homepageDefaultTab":"기본 홈페이지 탭","options_homepageDefaultTabRemember":"이전 기억","options_homepageDefaultTabNewreleases":"인기 신제품","options_homepageDefaultTabTopsellers":"인기상품","options_homepageDefaultTabUpcoming":"발매예정","options_homepageDefaultTabSpecials":"특가상품","options_wishlist":"찜 목록","options_addAnotherRegion":"추가하기","options_skipGotSteam":"'스팀이 설치되어 있습니까?' 창 생략","options_storeGeneralThirdparty":"서드파티 사이트에서 추출한 정보에 대한 옵션","options_purchaseDates":"상점 페이지에 상품 구매 날짜를 표시","options_showBadgeProgress":"상점 페이지에 배지 진행률을 표시","options_showCoupon":"Show applicable Steam coupon","options_showWishlistLink":"프로필에 찜 목록 링크를 표시","options_showWishlistCount":"찜 목록에 있는 항목의 수를 표시","options_profileShowcaseTwitch":"Add a showcase for Twitch.tv if there is a link","options_profileShowcaseOwnTwitch":"... including your own profile","options_profileShowcaseTwitchProfileonly":"... only if the link is in the Profile Summary","options_lang_english":"영어","options_lang_brazilian":"포르투갈어-브라질","options_lang_bulgarian":"불가리아어","options_lang_czech":"체코어","options_lang_danish":"덴마크어","options_lang_dutch":"네덜란드어","options_lang_finnish":"핀란드어","options_lang_french":"프랑스어","options_lang_greek":"그리스어","options_lang_german":"독일어","options_lang_hungarian":"헝가리어","options_lang_italian":"이탈리아어","options_lang_japanese":"일본어","options_lang_koreana":"한국어","options_lang_norwegian":"노르웨이어","options_lang_polish":"폴란드어","options_lang_portuguese":"포르투갈어","options_lang_russian":"러시아어","options_lang_romanian":"루마니아어","options_lang_schinese":"중국어 (간체)","options_lang_spanish":"스페인어","options_lang_latam":"Latin American Spanish","options_lang_swedish":"스웨덴어","options_lang_tchinese":"중국어 (번체)","options_lang_thai":"태국어","options_lang_turkish":"터키어","options_lang_ukrainian":"우크라이나어","options_lang_vietnamese":"Vietnamese","options_addCustomLink":"Add custom link","options_autoDetect":"Auto-detect","options_addToWaitlist":"Show \"Add to Waitlist\" dropdown on app pages","options_collectionBannerNotOwned":"Only show In Collection banner when I don't own the game on Steam","options_maintainers":"Project Maintainers","options_withHelpOf":"with a lot of help by our __contributors__","options_contributors":"wonderful contributors","options_aboutDesc":"Augmented Steam is a fork of the Enhanced Steam extension.","options_aboutDescLinks":"Visit the extension's __website__ or our __discord__ for more info.","options_footerFork":"a fork by IsThereAnyDeal","options_footerAuthor":"original author jshackles","ready_loading":"Augmented Steam 데이터 로딩중...","ready_ready":"Augmented Steam 준비","ready_failed":"__amount__ request(s) failed, check browser console for more information","ready_serverOutage":"Augmented Steam servers are currently overloaded","twitch_nowStreaming":"__username__는 트위치에서 라이브 스트리밍 중","twitch_viewers":"시청자","dlcSelect_wishlistedDlc":"찜한 상품 목록의 DLC를 선택","dlcSelect_none":"선택된 항목 없음","dlcSelect_unownedDlc":"소유하지 않은 DLC를 선택","tag_wishlist":"찜 목록","tag_coupon":"쿠폰","tag_invGift":"선물","tag_invGuestpass":"게스트 패스","tag_owned":"소유","tag_notinterested":"관심 없음","tag_ignoredOwned":"Ignored (owned)","tag_collection":"Collected","tag_waitlist":"Waitlisted","wallet_customAmount":"특정 금액만큼 추가","wallet_customAmountText":"Any amount over __minamount__","wallet_customGiftcard":"Select __input__ Custom Gift Card","wsgf_incomplete":"미완성","wsgf_unsupported":"__type__ 지원이 되지 않아 이 점수를 받은 게임입니다. __type__ (으)로 실행 되지 않을 수도 있거나 윈도우에 맞게 이미지가 조정될 수 있습니다. 가로세로 비율이 유지되지 않습니다.","wsgf_gold":"WSGF 에서 __type__ 부분에 대해 완벽한 점수를 받고 __type__ 지원이 되어 메달을 수여한 게임입니다.","wsgf_silver":" __type__ 부분에서 B등급을 받아 메달을 수여한 게임입니다. 주된 결점이 없는 게임이지만 완벽한 점수를 받기에 최소한 하나의 흠이 있는 게임입니다.","wsgf_limited":"__type__ 부분에서 C등급을 받아 메달을 수여한 게임입니다. __type__ 지원이 어느 정도 되지만 중요한 문제가 있는 게임입니다.","wsgf_certifications":"WSGF 와이드스크린 인증","itad_enableSyncLibrary":"Enable library sync","itad_enableSyncWishlist":"Enable wishlist sync","itad_import":"Periodically import:","itad_lastImport":"Last import","itad_from":"from ITAD","itad_to":"to ITAD","itad_syncNow":"Sync now","itad_info_itadSteam":"Connecting Augmented Steam with IsThereAnyDeal allows you to apply Augmented Steam's highlighting and tagging to games in your Waitlist and Collection even if you don't have them on Steam.","itad_info_steamItad":"Furthermore, it allows you to import games from your Steam Library and/or Wishlist to IsThereAnyDeal, for improved accuracy (e.g. DLCs or unlisted games). Currently this feature can only add titles, not remove them, so it's not the replacement for IsThereAnyDeal's integrated sync, but an addition to it.","tradeoffer_numItem":"__num__ 항목","tradeoffer_numItems":"__num__ 항목들","tradeoffer_back":"Back to Trade Offers","update_dontShow":"다시 표시하지 않음","update_updated":"Augmented Steam이 __version__ 버전으로 업데이트 되었습니다.","update_changes":"View all changes on GitHub","register_success":"성공적으로 활성화됨  __gamename__","register_owned":"이 스팀 계정은 이 제안에 포함되어있는 상품(들)을 이미 소유하고 있습니다.","register_notavail":"죄송합니다. 이 지역에서는 사용할 수 없는 상품입니다. 귀하의 제품 코드가 등록되지 않았습니다.","register_invalid":"귀하가 입력하신 제품 코드는 유효하지 않습니다. 제품 코드를 확인해 주세요.","register_already":"귀하가 입력하신 제품 코드는 이미 다른 계정에서 사용했습니다.","register_dlc":"귀하가 입력한 제품 코드를 활성화하려면 다른 제품이 먼저 등록되어 있어야 합니다.","register_wallet":"입력한 코드는 스팀 기프트 카드 또는 스팀 월렛 코드입니다.","register_toomany":"이 계정은 최근에 너무 많은 제풐 코드를 등록하였습니다. 잠시 후 다시 시도해주세요.","register_default":"오류가 발생했습니다. 귀하의 제품 코드가 등록되지 않았습니다. 30분 뒤에 다시 시도해주세요.","wl_label":"stats","wl_totalPrice":"current value","wl_inWishlist":"on wishlist","wl_onSale":"on sale","wl_noPrice":"without price","wl_hidden":"hidden apps","wl_hiddenTooltip":"Apps that have been removed/unlisted and are not visible on wishlists. Click for details.","wl_removeTitle":"Remove this item from your wishlist?","wl_removeConfirm":"Are you sure you want to remove 'appid __appid__' from your wishlist?","wl_removeConfirmWarn":"It cannot be re-added afterwards!","coll_totalTime":"total time","coll_inCollection":"in collection","coll_played":"played","coll_neverPlayed":"never played","userNote_add":"Add a note","userNote_update":"Update note","userNote_addForGame":"Note for __gamename__","userNote_notEnoughSpace":"Not enough space to save note","userNote_notEnoughSpaceDesc":"Augmented Steam can't save any more user notes since your used storage adapter doesn't allow more data to be saved (attempting to use ~__perc__% of the storage capacity).","userNote_closeOnStorage":"You are running close on storage","userNote_closeOnStorageDesc":"Augmented Steam is close to not being able to save any more user notes (~__perc__% storage usage) with your current storage adapter.","userNote_storageWarningDesc":"You can choose to store your user notes in a local database (without synchronization) or continue using the storage method provided by your browser (where new notes can only be added if you delete some old).","userNote_saveSyncedStorage":"Continue using synced storage","userNote_saveLocal":"Store notes locally","userNote_syncOption":"Sync notes automatically","userNote_syncInfo_1":"You can sync your notes between Augmented Steam and IsThereAnyDeal. If you enable automatic sync, notes will be periodically fetched from ITAD. Edits via Augmented Steam will be mirrored to ITAD immediately.","userNote_syncInfo_2":"You can also manually push or pull notes between Augmented Steam and IsThereAnyDeal. We advise you to do so before enabling automatic sync, to ensure the correct version of the note is used, in case you have different notes stored for the same game.","userNote_syncInfo_3":"You can see all your notes stored in the Notes and Tags section on IsThereAnyDeal.","userNote_syncButtonPush":"Push notes to\nIsThereAnyDeal","userNote_syncButtonPull":"Pull notes from\nIsThereAnyDeal","userNote_syncPulled":"__n__ note(s) were pulled from IsThereAnyDeal","userNote_syncPushed":"__n__ note(s) were pushed to IsThereAnyDeal","userNote_syncFailed":"__n__ note(s) failed to sync","userNote_syncError":"Your note failed to sync","userNote_syncErrorEmpty":"Note is empty","userNote_syncErrorUnknown":"ITAD does not know this game","userNote_syncErrorLength":"Note is too long (__length__, max: __max__)","queue_new":"New Queue","queue_newTooltip":"Remove this product from your queue and start a new queue.","workshop_workshop":"Workshop","workshop_subscriptions":"Subscriptions","workshop_subscribeAll":"Subscribe All","workshop_subscribeConfirm":"Are you sure you want to subscribe to all __count__ workshop items with these filters?","workshop_subscribeLoading":"Subscribing to __i__/__count__ workshop items, please wait...","workshop_unsubscribeAll":"Unsubscribe All","workshop_unsubscribeConfirm":"Are you sure you want to unsubscribe to all __count__ workshop items with these filters?","workshop_unsubscribeLoading":"Unsubscribing from __i__/__count__ workshop items, please wait...","workshop_finished":"Finished! __success__ successful, __fail__ failed. Click OK to refresh the page","workshop_failed":"__n__ failed","originalAuthors":"Original authors","acknowledgements":"Acknowledgments","countries_ad":"Andorra","countries_ae":"United Arab Emirates","countries_af":"Afghanistan","countries_ag":"Antigua and Barbuda","countries_ai":"Anguilla","countries_al":"Albania","countries_am":"Armenia","countries_an":"Netherlands Antilles","countries_ao":"Angola","countries_ar":"Argentina","countries_as":"American Samoa","countries_at":"Austria","countries_au":"Australia","countries_aw":"Aruba","countries_az":"Azerbaijan","countries_ba":"Bosnia and Herzegovina","countries_bb":"Barbados","countries_bd":"Bangladesh","countries_be":"Belgium","countries_bf":"Burkina Faso","countries_bg":"Bulgaria","countries_bh":"Bahrain","countries_bi":"Burundi","countries_bj":"Benin","countries_bm":"Bermuda","countries_bn":"Brunei","countries_bo":"Bolivia","countries_br":"Brazil","countries_bs":"Bahamas","countries_bt":"Bhutan","countries_bv":"Bouvet Island","countries_bw":"Botswana","countries_by":"Belarus","countries_bz":"Belize","countries_ca":"Canada","countries_cd":"Congo - Kinshasa","countries_cf":"Central African Republic","countries_cg":"Congo - Brazzaville","countries_ch":"Switzerland","countries_ci":"Côte d’Ivoire","countries_ck":"Cook Islands","countries_cl":"Chile","countries_cm":"Cameroon","countries_cn":"China","countries_co":"Colombia","countries_cr":"Costa Rica","countries_cu":"Cuba","countries_cv":"Cape Verde","countries_cy":"Cyprus","countries_cz":"Czech Republic","countries_de":"Germany","countries_dj":"Djibouti","countries_dk":"Denmark","countries_dm":"Dominica","countries_do":"Dominican Republic","countries_dz":"Algeria","countries_ec":"Ecuador","countries_ee":"Estonia","countries_eg":"Egypt","countries_eh":"Western Sahara","countries_er":"Eritrea","countries_es":"Spain","countries_et":"Ethiopia","countries_fi":"Finland","countries_fj":"Fiji","countries_fk":"Falkland Islands","countries_fm":"Micronesia","countries_fo":"Faroe Islands","countries_fr":"France","countries_ga":"Gabon","countries_gb":"United Kingdom","countries_gd":"Grenada","countries_ge":"Georgia","countries_gf":"French Guiana","countries_gg":"Guernsey","countries_gh":"Ghana","countries_gi":"Gibraltar","countries_gl":"Greenland","countries_gm":"Gambia","countries_gn":"Guinea","countries_gp":"Guadeloupe","countries_gq":"Equatorial Guinea","countries_gr":"Greece","countries_gs":"South Georgia","countries_gt":"Guatemala","countries_gu":"Guam","countries_gw":"Guinea-Bissau","countries_gy":"Guyana","countries_hk":"Hong Kong SAR China","countries_hm":"Heard Island and McDonald Islands","countries_hn":"Honduras","countries_hr":"Croatia","countries_ht":"Haiti","countries_hu":"Hungary","countries_id":"Indonesia","countries_ie":"Ireland","countries_il":"Israel","countries_im":"Isle of Man","countries_in":"India","countries_io":"British Indian Ocean Territory","countries_iq":"Iraq","countries_ir":"Iran","countries_is":"Iceland","countries_it":"Italy","countries_je":"Jersey","countries_jm":"Jamaica","countries_jo":"Jordan","countries_jp":"Japan","countries_ke":"Kenya","countries_kg":"Kyrgyzstan","countries_kh":"Cambodia","countries_ki":"Kiribati","countries_km":"Comoros","countries_kn":"Saint Kitts and Nevis","countries_kp":"North Korea","countries_kr":"South Korea","countries_kw":"Kuwait","countries_ky":"Cayman Islands","countries_kz":"Kazakhstan","countries_la":"Laos","countries_lb":"Lebanon","countries_lc":"Saint Lucia","countries_li":"Liechtenstein","countries_lk":"Sri Lanka","countries_lr":"Liberia","countries_ls":"Lesotho","countries_lt":"Lithuania","countries_lu":"Luxembourg","countries_lv":"Latvia","countries_ly":"Libya","countries_ma":"Morocco","countries_mc":"Monaco","countries_md":"Moldova","countries_me":"Montenegro","countries_mg":"Madagascar","countries_mh":"Marshall Islands","countries_mk":"Macedonia","countries_ml":"Mali","countries_mm":"Myanmar [Burma]","countries_mn":"Mongolia","countries_mo":"Macau SAR China","countries_mp":"Northern Mariana Islands","countries_mq":"Martinique","countries_mr":"Mauritania","countries_ms":"Montserrat","countries_mt":"Malta","countries_mu":"Mauritius","countries_mv":"Maldives","countries_mw":"Malawi","countries_mx":"Mexico","countries_my":"Malaysia","countries_mz":"Mozambique","countries_na":"Namibia","countries_nc":"New Caledonia","countries_ne":"Niger","countries_nf":"Norfolk Island","countries_ng":"Nigeria","countries_ni":"Nicaragua","countries_nl":"Netherlands","countries_no":"Norway","countries_np":"Nepal","countries_nr":"Nauru","countries_nu":"Niue","countries_nz":"New Zealand","countries_om":"Oman","countries_pa":"Panama","countries_pe":"Peru","countries_pf":"French Polynesia","countries_pg":"Papua New Guinea","countries_ph":"Philippines","countries_pk":"Pakistan","countries_pl":"Poland","countries_pm":"Saint Pierre and Miquelon","countries_pn":"Pitcairn Islands","countries_pr":"Puerto Rico","countries_ps":"Palestinian Territories","countries_pt":"Portugal","countries_pw":"Palau","countries_py":"Paraguay","countries_qa":"Qatar","countries_re":"Réunion","countries_ro":"Romania","countries_rs":"Serbia","countries_ru":"Russia","countries_rw":"Rwanda","countries_sa":"Saudi Arabia","countries_sb":"Solomon Islands","countries_sc":"Seychelles","countries_sd":"Sudan","countries_se":"Sweden","countries_sg":"Singapore","countries_sh":"Saint Helena","countries_si":"Slovenia","countries_sk":"Slovakia","countries_sl":"Sierra Leone","countries_sm":"San Marino","countries_sn":"Senegal","countries_so":"Somalia","countries_sr":"Suriname","countries_st":"São Tomé and Príncipe","countries_sv":"El Salvador","countries_sy":"Syria","countries_sz":"Swaziland","countries_tc":"Turks and Caicos Islands","countries_td":"Chad","countries_tf":"French Southern Territories","countries_tg":"Togo","countries_th":"Thailand","countries_tj":"Tajikistan","countries_tk":"Tokelau","countries_tl":"Timor-Leste","countries_tm":"Turkmenistan","countries_tn":"Tunisia","countries_to":"Tonga","countries_tr":"Turkey","countries_tt":"Trinidad and Tobago","countries_tv":"Tuvalu","countries_tw":"Taiwan","countries_tz":"Tanzania","countries_ua":"Ukraine","countries_ug":"Uganda","countries_um":"U.S. Minor Outlying Islands","countries_us":"United States","countries_uy":"Uruguay","countries_uz":"Uzbekistan","countries_va":"Vatican City","countries_vc":"Saint Vincent and the Grenadines","countries_ve":"Venezuela","countries_vg":"British Virgin Islands","countries_vi":"U.S. Virgin Islands","countries_vn":"Vietnam","countries_vu":"Vanuatu","countries_wf":"Wallis and Futuna","countries_ws":"Samoa","countries_ye":"Yemen","countries_yt":"Mayotte","countries_za":"South Africa","countries_zm":"Zambia","countries_zw":"Zimbabwe"}}