{"stats":{"strings":812,"translated":515},"strings":{"deleteCommentPrompt":"Weet je zeker dat je deze opmerking wilt verwijderen?","downloadDemoHeader":"Demo van __gamename__ downloaden","deckCompat_header":"Compatibiliteit met Steam Deck","deckCompat_unknown":"Onbekend","deckCompat_unsupported":"Niet-ondersteund","deckCompat_playable":"Speelbaar","deckCompat_verified":"Geverifieerd","featureHint_desc":"Wil je de volgende functie inschakelen?","featureHint_reminder":"Je kunt je voorkeuren later wijzigen via de opties.","thewordyes":"Ja","thewordno":"Nee","theworderror":"Fout","noData":"Geen gegevens","toomanyrequests":"Too Many Requests","showComments":"Opmerkingen weergeven","hideComments":"Opmerkingen verbergen","thewordunknown":"Unknown","calcWorkshopSize_fileSize":"Bestandsgrootte van __size__","calcWorkshopSize_calcSize":"Bereken ","calcWorkshopSize_calcLoading":"Calculating __i__/__count__ workshop items, please wait...","calcWorkshopSize_calcFinished":"Finished! Successfully calculated __success__/__total__ items.","calcWorkshopSize_totalSize":"Totale grootte: __size__","cart":"Winkelwagen","inCart":"In winkelwagen","steamidOfUser":"__user__'s SteamID","copied":"Gekopieerd naar uw klembord!","viewSteamid":"Bekijk SteamID","moreOnSteampeek":"Meer op SteamPeek","date":"Datum","rating":"Beoordeling","helpful":"Nuttig","funny":"Grappig","length":"Lengte","visibility":"Zichtbaarheid","processing":"Aan het verwerken...","wait":"Wachten a.u.b.","inviteFriends":"Vrienden Uitnodigen","inviteToGroup":"Naar Groep Uitnodigen","inverse":"Omkeren","transactionStatus":"__failed__ verzoek(en) gefaald. __size__ van de __total__ transacties ontvangen.","customTags":"Aangepaste Tags","addTag":"Voeg tag toe","enterTag":"Voer de aangepaste tag in die u wilt toevoegen","status":"Status:","connect":"Verbind","connected":"Verbonden","disconnect":"Loskoppelen","disconnected":"Losgekoppeld","oneclickgoo":"1-Klik in Gems veranderen...","viewInLibrary":"Bekijk in jouw Bibliotheek","support":"Ondersteuning","email":"E-mail","contact":"Contact","favEmoticonsDragging":"Sleep emoticons hier om favoriet te maken","favEmoticonsNoAccess":"Je hebt geen toegang tot deze emoticon","postHistory":"Bekijk post geschiedenis","addNickname":"Bijnaam toevoegen","totalSize":"Totale grote","dlcDetails":"Downloadbare Content Details","badgeNotUnlocked":"Niet ontgrendelt","badgeLevel":"Level __level__","each":"Elke","viewInMarket":"Bekijk in de Communitymarkt","remove":"Remove","getHelp":"Zoek Hulp","addSelectedDlcToCart":"Voeg geselecteerde DLC toe aan je winkelwagen","close":"Sluiten","error":"Er is een fout opgetreden","go":"Begin / start","activate":"Product activeren","activateMultipleHeader":"Voer de productcodes hieronder in (één per regel)","activateMultiple":"Activeer meerdere producten","activateProducts":"Activeer producten","couponApplicationNote":"Een waardebon in je inventaris wordt automatisch toegepast bij het afrekenen.","hide":"Verberg","filters":"Augmented Steam filters","cardsOwned":"__owned__ of __possible__ kaarten bezeten","libraryMenu":"Bibliotheek","clearCache":"Gecachete data verwijderen","translation":"Vertaal","helpTranslate":"Help on om Augmented Steam te vertalen via POEditor","lowest":"Laagste","lowestPrice":"Huidige Laagste Prijs:","viewBadgeProgress":"Bekijk badge voortgang","badgeProgress":"Badgevoortgang","salesTotal":"Verkoop totaal:","viewNormalBadge":"Bekijk normale Badge progressie","apppageSections":"Selecteer de secties die u wilt zien op deze pagina","website":"Webpagina","games":"Spellen","badgeCompletionCost":"Koste van de complete badge: __cost__","loading":"Laden...","selling":"Verkopen...","quickSell":"Snel verkopen voor __amount__","quickSellDesc":"Een prijsverschil van __modifier__ vergeleken met de laagste verkoopprijs momenteel op de Steam Communitymarkt","instantSell":"Direct verkopen voor __amount__","instantSellDesc":"De hoogste aankooporderprijs momenteel op de Steam Communitymarkt","quickSellVerify":"Bevestiging van Steam Guard nodig","startingAt":"Vanaf: __price__","homepageTabs":"Thuispagina tabbladen","store":"Winkel","viewInStore":"Bekijk in Winkel","communityHub":"Communityhub","viewOnWebsite":"Kijk op __website__","drmThirdParty":"Waarschuwing: Dit programma maakt gebruik van DRM van derden __drmlist__.","hoursShort":"__hours__ uren","spamCommentShow":"__num__ spam reacties verborgen op deze pagina. Klik hier om ze te vertonen.","addToWishlist":"Voeg toe aan verlanglijst","addFullgameToWishlist":"Add full game to your wishlist","addToWaitlist":"Voeg toe aan Wachtlijst","addFullgameToWaitlist":"Add full game to your Waitlist","removeFromWaitlistTooltip":"Remove from your Waitlist","removeFullgameFromWaitlistTooltip":"Remove full game from your Waitlist","removeFromWishlistAndWaitlistTooltip":"Remove from both your wishlist and Waitlist","removeFullgameFromWishlistAndWaitlistTooltip":"Remove full game from both your wishlist and Waitlist","language":"Taal","theworddefault":"Standaard","thewordclear":"Legen","couponLearnMore_linkText":"Meer informatie","couponLearnMore_fullText":"__linkdesc__ over Steam-coupons","show":"Toon","showAll":"Alles tonen","badgesAll":"Alle Badges","esSupporter":"Enhanced Steam Supporter","community":"Gemeenschap","ownedCollection":"__gametitle__ is already in your IsThereAnyDeal Collection","viewBadge":"Bekijk Badge","purchaseTotal":"Gekocht totaal:","viewFoilBadge":"Bekijk Folie Badge Progressie","viewAstats":"Bekijk AStats pagina","contribute":"Bijdragen (GitHub)","reviews":"Recensies ","readReviews":"Lees de recensies","readMoreReviews":"Lees meer recensies op","youtubeGameplay":"YouTube Gameplay","youtubeReviews":"YouTube Reviews","packageInfo":"Pakket informatie","badgeCompletionAvg":"Gemiddelde kosten voor completen: __cost__","volumeSoldLast_24":"Hoeveelheid: __sold__ verkocht in de afgelopen 24 uur","soldLast_24":"__sold__ verkocht in de afgelopen 24 uur","homepageCurators":"Steam-Curator Aanbevelingen","homepageTopnewreleases":"Top Steam Releases","homepageSidebar":"Zijbalk","dropCalc":"Klik hier om resterende drops te berekenen","price":"Prijs","marketTransactions":"Market Transacties","loadMarketStats":"Laadt Market Statistieken","cardDropsRemaining":"__drops__ kaart drops overblijvende","badgesDrops":"Badges Met Kaart Drops Resterende","usingLanguageReturn":"Click here to browse Steam in __base__.","guides":"Gidsen","highlight":"Markeer","save":"Bewaar","view":"Bekijk","gameName":"Spel Naam","notinterested":"Voorwerpen gemarkeerd als niet interessant","ignoredOwned":"Games you ignored as played on different platform","searchFilters_reviewsScore_between":"Tussen __lower__% en __upper__% review score","searchFilters_reviewsScore_any":"Alle review scores","searchFilters_reviewsScore_upTo":"Tot __score__% review score","searchFilters_reviewsScore_from":"Vanaf __score__% review score","searchFilters_reviewsCount_count":"Review aantal:","searchFilters_reviewsCount_minCount":"Minimaal aantal","searchFilters_reviewsCount_maxCount":"Maximaal aantal","searchFilters_discountPercent_count":"Discount percent:","searchFilters_discountPercent_minCount":"Min %","searchFilters_discountPercent_maxCount":"Max %","searchFilters_hideCart":"Verberg items in je winkelwagen","searchFilters_hideEa":"Verberg Early Access items","searchFilters_hideMixed":"Verberg verdeeld beoordeelde items","searchFilters_hideNegative":"Verberg negatief beoordeelde items","news":"Nieuws","viewinclient":"Bekijk in Steam Client","customBackground":"Custom Achtergrond","customStyle":"Aangepast Thema","customStyleHelp":"Alle gebruikers van Augmented Steam zullen dit thema zien op uw profiel. Niet-Augmented Steam gebruikers zullen eventuele thema veranderingen hier niet zien.","noneselected":"Niets geselecteerd / Geen wijziging","mostDrops":"Meeste Gevallen","netGain":"Nettowinst:","apppageRecentupdates":"Recente Evenementen & Aankondigen","apppageEaheader":"Early Access Info Box","apppageEabanner":"Early Access Discussie Banner","apppageWorkshop":"Steam Workshop Banner","apppageGreenlight":"Steam Greenlight Banner","apppageLegal":"Juridische informatie","apppageFranchise":"Franchise","apppageMorefromfranchise":"Meer Van Franchise","bugFeature":"Meldt Bug / Suggereren Feature","always":"Altijd","ratingDetails":"Bekijk cijfer details","dropsWorthAvg":"Gemiddeld Waard","familySharingNotice_notice":"Opmerking:","familySharingNotice_desc":"Dit spel is uitgesloten van de gezinsbibliotheek van Steam.","visitStore":"Bezoek Winkel Pagina","all":"Alle","externalFunds":"Externe Middelen Gebruikt","shoppingCartHistory":"Geschiedenis van winkelwagen weergeven","manageWebapiKey":"Mijn Steam Web API-sleutel beheren","steamCloudHeader":"Steam Cloud","steamCloudSaves":"Opslagbestanden in de cloud weergeven","gamesWithDrops":"__dropsgames__spellen met kaart drops overblijvende","binderView":"Binder overzicht","usingLanguage":"You are browsing Steam in __current__.","loginWarning":"Zorg dat je ingelogd bent bij __link__ om geheel gebruik te maken van Augmented Steam","visitTradeForum":"Bezoek Ruil Forum","purchaseDate":"(Gekocht op __date__)","customBackgroundHelp":"Alle gebruikers van Augmented Steam zullen deze achtergrond op jouw profiel zien. Niet Augmented Steam gebruikers zullen jouw normale achtergrond zien.","dateUnlocked":"Datum Ontgrendelt","netSpent":"Netto uitgegeven:","buy":"Koop","buyPackage":"Koop __package__","moreInformation":"Meer Informatie","regionUnavailable":"Niet beschikbaar in deze regio","avgPrice_3cards":"Gemiddelde prijs van drie ruilkaarten: __price__","groups_leaveGroupsConfirm":"Weet je zeker dat je __n__ geselecteerde groepen wilt verlaten?","groups_manageGroups":"Groepen beheren","groups_actionGroups":"Selecteer hieronder de groepen waar je actie op wilt ondernemen. ","groups_select":"Selecteer:","groups_leave":"Verlaten","groups_selected":"__n__ geselecteerd","groups_leaveAdminConfirm_currentlyAdmin":"Je bent momenteel beheerder van __name__.","groups_leaveAdminConfirm_wantToLeave":"Weet je zeker dat je deze groep wilt verlaten?","export_wishlist":"Verlanglijst exporteren","export_type":"Exporteertype","export_format":"Tekstformaat","export_text":"Tekst","export_download":"Download","export_copyClipboard":"Kopieer naar klembord","none":"Geen","emptyWishlist_title":"Verlanglijst leegmaken","emptyWishlist_confirm":"Weet u zeker dat u uw verlanglijstje leeg wilt maken?\nDit kan niet ongedaan gemaakt worden!","emptyWishlist_removing":"App __cur__ van de __total__ aan het verwijderen...","about":"Over Ons","never":"Nooit","couponAvailable":"Je hebt een waardebon beschikbaar!","launchRandom":"Willekeurig spel starten","playGame":"__gamename__ spelen?","dropsValue":"Hoogste Drop Kans","cardsRemain":"Least cards remaining to complete set","wishlist":"Verlanglijst","onWishlist":"On wishlist","onWaitlist":"In Wachtlijst","onWishlistAndWaitlist":"On wishlist and Waitlist","cancel":"Annuleer","wikiArticle":"Bekijk __pcgw_ Artikel","viewAll":"ALLES BEKIJKEN","gamesWithBooster":"__boostergames__ spellen geschikt voor booster pakketen","sortBy":"Sorteer op:","playtime":"Speeltijd","awards":"Awards","year":"Jaar","lastonline":"Laatst Online","members":"Leden","name":"Naam","drmThirdPartySub":"Waarschuwing: Eén of meer titels in dit pakket gebruikt DRM van derden __drmlist__.","customize":"aanpassen","bundleSavingText":"Je bespaart dit bedrag als je deze bundel koopt:","thewordoptions":"Opties","discussions":"Discussies","pricing_lowestPrice":"Huidig beste:","pricing_historicalLow":"Historisch laag:","pricing_bundled":"In een bundel:","pricing_withVoucher":"Met voucher __voucher__","pricing_store":"bij&nbsp;__store__","pricing_bundleCount":"__count__ keer","webBrowserChat":"Webbrowser praten","steamClientChat":"Steam Client praten","equipOnProfile":"Equip on Profile","previewBackground":"Voorbeschouwing Achtergrond","expandSlider":"Uitbreiden schuif","contractSlider":"Sluiten schuif","earlyAccess":"Vroege Toegang","tagShort":"Gebruik korte tags om ruimte te besparen","noPriceData":"Geen prijsgegevens beschikbaar","userScore":"Gebruikersscore","marketPopularItemsToggle":"Schakel live bijwerken in voor populaire artikelen","showProgressbar":"Toon Augmented Steam progressie en statusbalk","achievements_option":"Toon achievements op winkel pagina's","achievements_summary":"__unlocked__ van de __total__ (__percentage__%) Achievements behaald:","bundle_offerEnds":"Aanbod loopt af","bundle_includes":"Bevat __num__ elementen","bundle_tierIncludes":"__tier__ (__price__) bevat __num__ items","bundle_tier":"Tier __num__","bundle_header":"Bundels die dit spel hebben","bundle_info":"Bundel Informatie","charts_peakall":"Piek van alle tijden","charts_current":"Actuele Spelers","charts_playingNow":"nu aan het spelen","charts_peaktoday":"Piek van vandaag","hltb_title":"Lengte om uit te spelen","hltb_mainE":"Hoofdverhaal en Extra's","hltb_compl":"Perfectionist","hltb_main":"Hoofdverhaal","options_friendsAndGroups":"Friends and Groups","options_friendsAppendNickname":"Append nicknames to friends' names","options_settingsMngmt_import":"Importeer","options_settingsMngmt_importSuccess":"Instellingen succesvol geïmporteerd","options_settingsMngmt_importFail":"Instellingen importeren gefaald","options_settingsMngmt_export":"Exporteren","options_settingsMngmt_reset":"Resetten","options_showCustomThemes":"Laat aangepaste thema's zien","options_communityDefaultTab":"Standaard community thuispagina tabblad","options_videos":"Video's","options_broadcasts":"Uitzendingen","options_artwork":"Artwork","options_screenshots":"Screenshots","options_showBacktotop":"Toon knop om terug naar boven te gaan op lange pagina's","options_contextMenu":"Contextmenu","options_contextSteamStore":"Zoek de Steam Winkel naar '__query__'","options_contextSteamMarket":"Zoek de Steam Markt naar '__query__'","options_contextItad":"Zoek IsThereAnyDeal naar '__query__'","options_contextBartervg":"Zoek Barter.vg naar '__query__'","options_contextSteamdb":"Zoek SteamDB naar '__query__'","options_contextSteamdbInstant":"Gebruik Instant Search van SteamDB voor '__query__'","options_contextSteamKeys":"Activeer steam product codes binnen de selectie","options_wsgf":"Toon WSGF (Widescreen) informatie","options_versionShow":"Toon wijzigingslogboek wanneer Augmented Steam bijgewerkt wordt","options_steamcardexchange":"Toon SteamCardExchange links bij badges","options_regionalPrice":"Regionale prijs vergelijking","options_excludef2p":"Sluit gratis om te spelen games uit van highlights","options_profileLinkImagesNone":"Geen","options_profileLinks":"Toon profiel links naar","options_tag":"Label","options_icon":"Icoon","options_name":"Naam","options_showAlternativeLinuxIcon":"Geef alternatieve Linux iconen weer","options_replacecommunityhublinks":"Links naar communityhubs vervangen door winkelpagina's","options_hideannouncementcomments":"Opmerkingen onder alle groepsaankondigingen standaard verbergen","options_hidetmsymbols":"Hide trademark and copyright symbols in game titles","options_metacritic":"Toon Metacritic gebruikers scores","options_opencritic":"Toon Opencritic.com informatie","options_hideactivelistings":"Verberg alle actieve listings op de Market hoofdpagina als standaard","options_showlowestmarketprice":"Toon de laagste marktprijs voor jouw listings","options_clear":"Weet je zeker dat je alle opties wilt resetten? Dit kan niet ongedaan worden.","options_coupon":"Items met kortingsbonnen","options_showPackageInfo":"Toon pakketinformatie voor alle apps","options_wlbuttoncommunityapp":"Toon \"Voeg toe aan verlanglijst\" knop bij gemeenschap app hubs","options_removeguideslanguagefilter":"Niet doen automatisch filteren gidsen door gebruiker taal","options_confirmdeletecomment":"Bevestiging tonen bij het verwijderen van opmerkingen","options_disablelinkfilter":"Bevestiging uitschakelen bij het benaderen van externe sites","options_regionalPriceOn":"Toon regionale prijs vergelijking","options_horizontalscrolling":"Schakel horizontaal scrollen in op app pagina's met de middelmuisknop","options_supportinfo":"Toon support info op winkelpagina's","options_drm":"Toon 3de partij DRM waarschuwingen","options_profileLinkImages":"Profiel en Groep link plaatjesstijl","options_show1clickgoo":"Toon \"1-klik zet om in edelstenen...\" knop op in aanmerking komende inventaris artikelen","options_hltb":"Toon HowLongToBeat.com-informatie","options_hidespamcomments":"Verberg spam comments bij de Workshop & profielen","options_gift":"Items opgeslagen als cadeau","options_regionalPriceMouse":"op prijs muis over","options_lowestpriceHeader":"Prijs historie informatie","options_storesAll":"Vergelijk alle winkels","options_viewInCurrency":"Bekijk in:","options_showEarlyAccess":"Toon Early Access afbeelding banners","options_profileLinkImagesGray":"Grijswaarden","options_quickinv":"Geef Quick Sale knoppen op Steam Community items in je inventaris","options_quickinvDiff":"Snelle verkoop veranderaar:","options_sendAgeInfo":"Verstuur automatisch leeftijd verificatie wanneer gevraagd","options_showdeckcompat":"Beoordelingen voor compatibiliteit met Steam Deck tonen in de functielijst (en ontbrekende gegevens ophalen)","options_removebroadcasts":"Elke live broadcast helemaal verwijderen","options_exfgls":"Laat een bericht zien als Family Sharing niet mogelijk is voor een app","options_mp4video":"Forceer app videos in winkelpagina's in MP4 formaat","options_youtube":"Toon YouTube links","options_twitch":"Toon Twitch links","options_pcgw":"Toon PCGamingWiki links","options_completionistme":"Toon Completionist.me links","options_protondb":"Toon ProtonDB links","options_storeSteamcards":"Toon SteamCardExchange links op winkelpagina's","options_spamcommentregex":"Reguliere Expressie string:","options_regionalHideworld":"Verberg globale indicator","options_showAstatslink":"Toon AStats link op app pagina's","options_showYoutubegameplay":"Toon YouTube gameplay video's op app pagina's","options_showYoutubereviews":"Toon YouTube review video's op app page's","options_openinnewtab":"Open externe links in een nieuwe tablad","options_showbartervg":"Toon Barter.vg links","options_guest":"Items waar je een gast pas voor hebt","options_collection":"Items van jouw ITAD Collectie","options_waitlist":"Items van jouw ITAD Wachtlijst","options_showPlayersInfo":"Show player count information","options_showallstats":"Toon speeltijdstatistieken op \"Alle spellen\" pagina","options_lowestpriceOnwishlist":"Toon op verlanglijst","options_steamrepapi":"Toon SteamRep status op profiel pagina's","options_profileSteamid":"Laat SteamID op profielen zien","options_profilePinnedBg":"Positie van profielachtergrond vastzetten tijdens scrollen","options_lowestprice":"Toon","options_owned":"Items die jij hebt","options_itadlinks":"Toon IsThereAnyDeal links","options_steamdb":"Toon SteamDB links","options_profileLinkImagesColor":"Gekleurd","options_showViewInLibrary":"Toon de \"Bekijk in bibliotheek\" knop voor games die je bezit","options_installSteamButton":"\"Installeer Steam\" knop","options_replaceViewClient":"Vervang met \"Beijk in Client\"","options_showEmptyWishlist":"Knop \"Verlanglijst Leegmaken\" weergeven","options_showWishlistStats":"Toon statistieken op verlanglijstjes","options_oneclickremovewl":"Bevestiging bij het verwijderen van voorwerpen overslaan","options_userNotes_userNotes":"Gebruiker notities","options_userNotes_app":"Op app pagina's","options_userNotes_wishlist":"Op mijn wenslijst","options_userNotes_loc":"Opslag locatie","options_userNotes_syncedStorage":"Synced/locale opslag","options_userNotes_local":"Locale opslag","options_inventoryNavText":"Toon geavanceerde navigatie in inventory pagina","options_marketTotal":"Toon transactie samenvatting op de Market","options_lowestpriceCoupon":"Voeg kortingcodes toe bij prijs vergelijking","options_general":"Algemeen","options_apppage":"App pagina","options_market":"Markt","options_inventory":"Inventaris","options_profile":"Profiel","options_group":"Groep","options_friendActivity":"Vriendenactiviteitsfeed","options_groupLinks":"Toon groeplinks aan:","options_showLanguagewarning":"Toon waarschuwing als browser in een andere taal dan","options_homepage":"Thuispagina","options_homepageDefaultTab":"Standaard thuispagina tabblad","options_homepageDefaultTabRemember":"Onthoud vorige","options_homepageDefaultTabNewreleases":"Populaire Nieuwe Releases","options_homepageDefaultTabTopsellers":"Best Verkopend","options_homepageDefaultTabUpcoming":"Opkomende","options_homepageDefaultTabSpecials":"Speciale","options_wishlist":"Items op jouw verlanglijst","options_addAnotherRegion":"Toevoegen","options_skipGotSteam":"Overslaan van het venster 'Kreeg stoom?'","options_storeGeneralThirdparty":"Opties voor informatie uit 3rd sites","options_purchaseDates":"Toon de aankoopdatum van toepassingen op winkelpagina's","options_showBadgeProgress":"Toon apps hun badge voortgang op winkelpagina's","options_showCoupon":"Toon beschikbare coupons op winkelpagina's","options_showWishlistLink":"Toon verlanglijst link op profielen","options_showWishlistCount":"Toon het aantal artikelen op de verlanglijst","options_profileShowcaseTwitch":"Voeg een showcase toe voor Twitch.tv als er een link is","options_profileShowcaseOwnTwitch":"... en ook je eigen profiel","options_profileShowcaseTwitchProfileonly":"... alleen als de link in de profielbeschrijving zit","options_lang_english":"Engels","options_lang_brazilian":"Portugees-Braziliaans","options_lang_bulgarian":"Bulgaars","options_lang_czech":"Tjsegisch","options_lang_danish":"Deens","options_lang_dutch":"Nederlands","options_lang_finnish":"Fins","options_lang_french":"Frans","options_lang_greek":"Grieks","options_lang_german":"Duits","options_lang_hungarian":"Hongaars","options_lang_italian":"Italiaans","options_lang_japanese":"Japans","options_lang_koreana":"Koreaans","options_lang_norwegian":"Noors","options_lang_polish":"Pools","options_lang_portuguese":"Portugees","options_lang_russian":"Russisch","options_lang_romanian":"Roemeens","options_lang_schinese":"Vereenvoudigd Chinees","options_lang_spanish":"Spaans","options_lang_latam":"Latijns-Amerikaans Spaans","options_lang_swedish":"Zweeds","options_lang_tchinese":"Traditioneel Chinees","options_lang_thai":"Thai","options_lang_turkish":"Turks","options_lang_ukrainian":"Oekraïens","options_lang_vietnamese":"Vietnamees","options_addCustomLink":"Voeg aangepaste link toe","options_autoDetect":"Automatisch detecteren","options_addToWaitlist":"Toon \"Add to Wachtlijst\" menu op app pagina's","options_collectionBannerNotOwned":"Only show In Collection banner when I don't own the game on Steam","options_maintainers":"Project Onderhouders","options_withHelpOf":"met heel veel help van onze","options_contributors":"geweldige bijdragers","options_aboutDesc":"Augmented Steam is a fork of the Enhanced Steam extension.","options_aboutDescLinks":"Visit the extension's __website__ or our __discord__ for more info.","options_footerFork":"a fork by IsThereAnyDeal","options_footerAuthor":"original author jshackles","ready_loading":"Augmented Steam is gegevens aan het laden...","ready_ready":"Augmented Steam gereed","ready_failed":"__amount__ verzoeken gefaald, check de browser console voor meer informatie","ready_serverOutage":"Augmented Steam servers zijn momenteel overladen","twitch_nowStreaming":"__username__ is aan het livestreamen op Twitch","twitch_viewers":"kijkers","dlcSelect_wishlistedDlc":"Selecteer verlanglijst DLC","dlcSelect_none":"Selecteer Geen","dlcSelect_unownedDlc":"Selecteer Onbeheerde DLC","tag_wishlist":"Verlanglijst","tag_coupon":"Waardebon","tag_invGift":"Cadeau","tag_invGuestpass":"Gastenpas","tag_owned":"In je bezit","tag_notinterested":"Niet geïnteresseerd","tag_ignoredOwned":"Ignored (owned)","tag_collection":"Verzameld","tag_waitlist":"In je wachtlijst","wallet_customAmount":"Voeg custom getal toe","wallet_customAmountText":"Elke hoeveelheid hoger dan __minamount__","wallet_customGiftcard":"Selecteer __input__ aangepaste cadeaukaart","wsgf_incomplete":"Onvolledig ","wsgf_unsupported":"Deze score wordt uitgereikt aan spellen die geen __type__ ondersteuning hebben. Het spel kan onspeelbaar zijn in __type__, of het beeld is uitgerekt om op het scherm te passen. Het juiste aspect ratio is niet behouden.","wsgf_gold":"Deze medaille wordt uitgereikt aan spellen die perfect scores hebben van de WSGF voor hun __type__ ondersteuning, en zijn __type__ gekwalificeerd.","wsgf_silver":"Deze medaille wordt uitgereikt aan spellen die een gecalculeerde score van B hebben voor hun __type__ ondersteuning.  All deze spellen zijn zonder grote gebreken maar hebben tenminste een tekortkoming waardoor het net geen perfecte score heeft.","wsgf_limited":"Deze score wordt uitgedeeld aan spellen die een berekende score hebben van C voor hun __type__ ondersteuning. Alle spellen hiermee hebben een vorm van __type__ ondersteuning maar hebben redelijk veel problemen.","wsgf_certifications":"WSGF breedbeeld certificeringen","itad_enableSyncLibrary":"Enable library sync","itad_enableSyncWishlist":"Enable wishlist sync","itad_import":"Periodiek importeren:","itad_lastImport":"Last import","itad_from":"from ITAD","itad_to":"to ITAD","itad_syncNow":"Synchroniseer nu","itad_info_itadSteam":"Door Augmented Steam te verbinden met IsThereAnyDeal kun je de highlights en tagging van Augmented Steam toepassen op games in je Wachtlijst en Collectie, zelfs als je ze niet op Steam hebt.","itad_info_steamItad":"Bovendien kunt u games uit uw Steam-bibliotheek en/of verlanglijstje importeren in IsThereAnyDeal, voor verbeterde nauwkeurigheid. Momenteel kan deze functie alleen titels toevoegen, niet verwijderen, dus het is geen vervanging voor de geïntegreerde synchronisatie van IsThereAnyDeal, maar een aanvulling daarop.","tradeoffer_numItem":"__num__ object","tradeoffer_numItems":"__num__ object","tradeoffer_back":"Terug naar ruilaanbiedingen","update_dontShow":"Niet nogmaals tonen","update_updated":"Augmented Steam is bijgewerkt naar __version__","update_changes":"View all changes on GitHub","register_success":"__gamename__ is succesvol geactiveerd","register_owned":"Dit Steam-account beschikt al over dit/deze product(en) in deze ruilaanbieding.","register_notavail":"Sorry, maar dit product is niet beschikbaar in dit land. Je productcode is niet geactiveerd.","register_invalid":"De productcode die heb hebt ingevuld is niet geldig. Misschien heb je een spelfout gemaakt.","register_already":"De productcode die je hebt opgegeven is al geactiveerd door een ander Steam-account.","register_dlc":"De productcode die je hebt ingevuld vereist het in bezit hebben van een ander product.","register_wallet":"De code die je hebt ingevuld is een Steam-cadeaukaart of Steam-portemonnee code","register_toomany":"Er zijn recent teveel pogingen geweest om een product te activeren van dit account. Probeer het later opnieuw.","register_default":"Er is een onverwachte fout opgetreden. De productcode is niet geactiveerd. Probeer het over 30 minuten opnieuw.","wl_label":"statistieken","wl_totalPrice":"huidige waarde","wl_inWishlist":"in verlanglijst","wl_onSale":"in de verkoop","wl_noPrice":"zonder prijs","wl_hidden":"hidden apps","wl_hiddenTooltip":"Apps that have been removed/unlisted and are not visible on wishlists. Click for details.","wl_removeTitle":"Remove this item from your wishlist?","wl_removeConfirm":"Are you sure you want to remove 'appid __appid__' from your wishlist?","wl_removeConfirmWarn":"It cannot be re-added afterwards!","coll_totalTime":"totale tijd","coll_inCollection":"In Verzameling","coll_played":"Gespeeld","coll_neverPlayed":"Nooit Gespeeld","userNote_add":"Een notitie toevoegen","userNote_update":"Notitie updaten","userNote_addForGame":"Notitie voor __gamename__","userNote_notEnoughSpace":"Niet genoeg ruimte om je notitie op te slaan","userNote_notEnoughSpaceDesc":"Augmented Steam niet nier meer gebruiker notities opslaan omdat jouw gekozen opslag adapter niet meer data toestaat (geprobeerd ~__perc__% van de opslag te gebruiken).","userNote_closeOnStorage":"Jouw opslag zit bijna vol","userNote_closeOnStorageDesc":"Augmented Steam kan bijna niet meer gebruiker notities opslaan (~__perc__% opslag gebruikt) met de huidige opslag adapter.","userNote_storageWarningDesc":"Je kan ervoor kiezen om jouw gebruiker notities in een lokale database (niet gesynchroniseerd) op te slaan, of doorgaan met het gebruiken van de opslag methode van jouw browser (waar nieuwe notities alleen kan worden opgeslagen als er oude worden verwijderd).","userNote_saveSyncedStorage":"Ga door met synced opslag gebruiken","userNote_saveLocal":"Notities lokaal opslaan","userNote_syncOption":"Sync notes automatically","userNote_syncInfo_1":"You can sync your notes between Augmented Steam and IsThereAnyDeal. If you enable automatic sync, notes will be periodically fetched from ITAD. Edits via Augmented Steam will be mirrored to ITAD immediately.","userNote_syncInfo_2":"You can also manually push or pull notes between Augmented Steam and IsThereAnyDeal. We advise you to do so before enabling automatic sync, to ensure the correct version of the note is used, in case you have different notes stored for the same game.","userNote_syncInfo_3":"You can see all your notes stored in the Notes and Tags section on IsThereAnyDeal.","userNote_syncButtonPush":"Push notes to\nIsThereAnyDeal","userNote_syncButtonPull":"Pull notes from\nIsThereAnyDeal","userNote_syncPulled":"__n__ note(s) were pulled from IsThereAnyDeal","userNote_syncPushed":"__n__ note(s) were pushed to IsThereAnyDeal","userNote_syncFailed":"__n__ note(s) failed to sync","userNote_syncError":"Your note failed to sync","userNote_syncErrorEmpty":"Note is empty","userNote_syncErrorUnknown":"ITAD does not know this game","userNote_syncErrorLength":"Note is too long (__length__, max: __max__)","queue_new":"Nieuwe Queue","queue_newTooltip":"Verwijder dit product van jouw Queue en start een nieuwe Queue.","workshop_workshop":"Workshop","workshop_subscriptions":"Abonnementen","workshop_subscribeAll":"Aboneer Op Alles","workshop_subscribeConfirm":"Weet u zeker dat u op alle __count__ workshop items met deze filters wilt abonneren?","workshop_subscribeLoading":"Abonneren op __i__/__count__ workshop items, een ogenblik geduld astublieft...","workshop_unsubscribeAll":"Alles Afmelden","workshop_unsubscribeConfirm":"Weet u zeker dat u van alle __count__ workshop items met deze filters af wilt melden?","workshop_unsubscribeLoading":"Afmelden van __i__/__count__ workshop items, een ogenblik geduld astublieft...","workshop_finished":"Voltooid! __success__ successvul en __fail__ gefaald. Click OK to refresh the page","workshop_failed":"__n__ gefaald","originalAuthors":"Originele makers","acknowledgements":"Erkenningen","countries_ad":"Andorra","countries_ae":"United Arab Emirates","countries_af":"Afghanistan","countries_ag":"Antigua and Barbuda","countries_ai":"Anguilla","countries_al":"Albania","countries_am":"Armenia","countries_an":"Netherlands Antilles","countries_ao":"Angola","countries_ar":"Argentina","countries_as":"American Samoa","countries_at":"Austria","countries_au":"Australia","countries_aw":"Aruba","countries_az":"Azerbaijan","countries_ba":"Bosnia and Herzegovina","countries_bb":"Barbados","countries_bd":"Bangladesh","countries_be":"Belgium","countries_bf":"Burkina Faso","countries_bg":"Bulgaria","countries_bh":"Bahrain","countries_bi":"Burundi","countries_bj":"Benin","countries_bm":"Bermuda","countries_bn":"Brunei","countries_bo":"Bolivia","countries_br":"Brazil","countries_bs":"Bahamas","countries_bt":"Bhutan","countries_bv":"Bouvet Island","countries_bw":"Botswana","countries_by":"Belarus","countries_bz":"Belize","countries_ca":"Canada","countries_cd":"Congo - Kinshasa","countries_cf":"Central African Republic","countries_cg":"Congo - Brazzaville","countries_ch":"Switzerland","countries_ci":"Côte d’Ivoire","countries_ck":"Cook Islands","countries_cl":"Chile","countries_cm":"Cameroon","countries_cn":"China","countries_co":"Colombia","countries_cr":"Costa Rica","countries_cu":"Cuba","countries_cv":"Cape Verde","countries_cy":"Cyprus","countries_cz":"Czech Republic","countries_de":"Germany","countries_dj":"Djibouti","countries_dk":"Denmark","countries_dm":"Dominica","countries_do":"Dominican Republic","countries_dz":"Algeria","countries_ec":"Ecuador","countries_ee":"Estonia","countries_eg":"Egypt","countries_eh":"Western Sahara","countries_er":"Eritrea","countries_es":"Spain","countries_et":"Ethiopia","countries_fi":"Finland","countries_fj":"Fiji","countries_fk":"Falkland Islands","countries_fm":"Micronesia","countries_fo":"Faroe Islands","countries_fr":"France","countries_ga":"Gabon","countries_gb":"United Kingdom","countries_gd":"Grenada","countries_ge":"Georgia","countries_gf":"French Guiana","countries_gg":"Guernsey","countries_gh":"Ghana","countries_gi":"Gibraltar","countries_gl":"Greenland","countries_gm":"Gambia","countries_gn":"Guinea","countries_gp":"Guadeloupe","countries_gq":"Equatorial Guinea","countries_gr":"Greece","countries_gs":"South Georgia","countries_gt":"Guatemala","countries_gu":"Guam","countries_gw":"Guinea-Bissau","countries_gy":"Guyana","countries_hk":"Hong Kong SAR China","countries_hm":"Heard Island and McDonald Islands","countries_hn":"Honduras","countries_hr":"Croatia","countries_ht":"Haiti","countries_hu":"Hungary","countries_id":"Indonesia","countries_ie":"Ireland","countries_il":"Israel","countries_im":"Isle of Man","countries_in":"India","countries_io":"British Indian Ocean Territory","countries_iq":"Iraq","countries_ir":"Iran","countries_is":"Iceland","countries_it":"Italy","countries_je":"Jersey","countries_jm":"Jamaica","countries_jo":"Jordan","countries_jp":"Japan","countries_ke":"Kenya","countries_kg":"Kyrgyzstan","countries_kh":"Cambodia","countries_ki":"Kiribati","countries_km":"Comoros","countries_kn":"Saint Kitts and Nevis","countries_kp":"North Korea","countries_kr":"South Korea","countries_kw":"Kuwait","countries_ky":"Cayman Islands","countries_kz":"Kazakhstan","countries_la":"Laos","countries_lb":"Lebanon","countries_lc":"Saint Lucia","countries_li":"Liechtenstein","countries_lk":"Sri Lanka","countries_lr":"Liberia","countries_ls":"Lesotho","countries_lt":"Lithuania","countries_lu":"Luxembourg","countries_lv":"Latvia","countries_ly":"Libya","countries_ma":"Morocco","countries_mc":"Monaco","countries_md":"Moldova","countries_me":"Montenegro","countries_mg":"Madagascar","countries_mh":"Marshall Islands","countries_mk":"Macedonia","countries_ml":"Mali","countries_mm":"Myanmar [Burma]","countries_mn":"Mongolia","countries_mo":"Macau SAR China","countries_mp":"Northern Mariana Islands","countries_mq":"Martinique","countries_mr":"Mauritania","countries_ms":"Montserrat","countries_mt":"Malta","countries_mu":"Mauritius","countries_mv":"Maldives","countries_mw":"Malawi","countries_mx":"Mexico","countries_my":"Malaysia","countries_mz":"Mozambique","countries_na":"Namibia","countries_nc":"New Caledonia","countries_ne":"Niger","countries_nf":"Norfolk Island","countries_ng":"Nigeria","countries_ni":"Nicaragua","countries_nl":"Netherlands","countries_no":"Norway","countries_np":"Nepal","countries_nr":"Nauru","countries_nu":"Niue","countries_nz":"New Zealand","countries_om":"Oman","countries_pa":"Panama","countries_pe":"Peru","countries_pf":"French Polynesia","countries_pg":"Papua New Guinea","countries_ph":"Philippines","countries_pk":"Pakistan","countries_pl":"Poland","countries_pm":"Saint Pierre and Miquelon","countries_pn":"Pitcairn Islands","countries_pr":"Puerto Rico","countries_ps":"Palestinian Territories","countries_pt":"Portugal","countries_pw":"Palau","countries_py":"Paraguay","countries_qa":"Qatar","countries_re":"Réunion","countries_ro":"Romania","countries_rs":"Serbia","countries_ru":"Russia","countries_rw":"Rwanda","countries_sa":"Saudi Arabia","countries_sb":"Solomon Islands","countries_sc":"Seychelles","countries_sd":"Sudan","countries_se":"Sweden","countries_sg":"Singapore","countries_sh":"Saint Helena","countries_si":"Slovenia","countries_sk":"Slovakia","countries_sl":"Sierra Leone","countries_sm":"San Marino","countries_sn":"Senegal","countries_so":"Somalia","countries_sr":"Suriname","countries_st":"São Tomé and Príncipe","countries_sv":"El Salvador","countries_sy":"Syria","countries_sz":"Swaziland","countries_tc":"Turks and Caicos Islands","countries_td":"Chad","countries_tf":"French Southern Territories","countries_tg":"Togo","countries_th":"Thailand","countries_tj":"Tajikistan","countries_tk":"Tokelau","countries_tl":"Timor-Leste","countries_tm":"Turkmenistan","countries_tn":"Tunisia","countries_to":"Tonga","countries_tr":"Turkey","countries_tt":"Trinidad and Tobago","countries_tv":"Tuvalu","countries_tw":"Taiwan","countries_tz":"Tanzania","countries_ua":"Ukraine","countries_ug":"Uganda","countries_um":"U.S. Minor Outlying Islands","countries_us":"United States","countries_uy":"Uruguay","countries_uz":"Uzbekistan","countries_va":"Vatican City","countries_vc":"Saint Vincent and the Grenadines","countries_ve":"Venezuela","countries_vg":"British Virgin Islands","countries_vi":"U.S. Virgin Islands","countries_vn":"Vietnam","countries_vu":"Vanuatu","countries_wf":"Wallis and Futuna","countries_ws":"Samoa","countries_ye":"Yemen","countries_yt":"Mayotte","countries_za":"South Africa","countries_zm":"Zambia","countries_zw":"Zimbabwe"}}