{"stats":{"strings":812,"translated":274},"strings":{"deleteCommentPrompt":"Are you sure you want to delete this comment?","downloadDemoHeader":"Download __gamename__ Demo","deckCompat_header":"Steam Deck Compatibility","deckCompat_unknown":"Unknown","deckCompat_unsupported":"Unsupported","deckCompat_playable":"Playable","deckCompat_verified":"Verified","featureHint_desc":"Would you like to enable the following feature?","featureHint_reminder":"You can change your preferences through the options page later.","thewordyes":"Yes","thewordno":"No","theworderror":"Error","noData":"No data","toomanyrequests":"Too Many Requests","showComments":"Show Comments","hideComments":"Hide Comments","thewordunknown":"Unknown","calcWorkshopSize_fileSize":"File size __size__","calcWorkshopSize_calcSize":"Calculate Total Size","calcWorkshopSize_calcLoading":"Calculating __i__/__count__ workshop items, please wait...","calcWorkshopSize_calcFinished":"Finished! Successfully calculated __success__/__total__ items.","calcWorkshopSize_totalSize":"Total size: __size__","cart":"Cart","inCart":"In Cart","steamidOfUser":"__user__'s SteamID","copied":"Copied to your clipboard!","viewSteamid":"View SteamID","moreOnSteampeek":"See more on SteamPeek","date":"Date","rating":"Rating","helpful":"Helpful","funny":"Funny","length":"Length","visibility":"Visibility","processing":"Processing...","wait":"Please wait","inviteFriends":"Invite Friends","inviteToGroup":"Invite To Group","inverse":"Inverse","transactionStatus":"__failed__ request(s) failed. Retrieved __size__ of __total__ transactions.","customTags":"Custom Tags","addTag":"Add tag","enterTag":"Enter the custom tag you'd like to add","status":"Status:","connect":"Connect","connected":"Connected","disconnect":"Disconnect","disconnected":"Disconnected","oneclickgoo":"1-Click turn into Gems...","viewInLibrary":"View in Library","support":"Support","email":"E-mail","contact":"Contact","favEmoticonsDragging":"Drag emoticons here to favorite them","favEmoticonsNoAccess":"You don't have access to this emoticon","postHistory":"Vis innleggshistorie","addNickname":"Legg til kallenavn","totalSize":"Total størrelse","dlcDetails":"Detaljer om nedlastbart innhold","badgeNotUnlocked":"Ikke låst opp","badgeLevel":"Level __level__","each":"Hver","viewInMarket":"Vis i samfunnsmarked","remove":"Remove","getHelp":"Få hjelp","addSelectedDlcToCart":"Legg valgte DLC i handlevogn","close":"Lukk","error":"En feil har oppstått","go":"Gå","activate":"Aktiver et produkt","activateMultipleHeader":"Angi produktkoder nedenfor, én per linje","activateMultiple":"Aktiver Flere Produkter","activateProducts":"Aktiver produkter","couponApplicationNote":"En kupong i lageret ditt vil bli brukt automatisk ved kassen.","hide":"Gjem","filters":"Augmented Steam filters","cardsOwned":"__owned__ av __possible__ kort eid","libraryMenu":"Bibliotek","clearCache":"Tøm mellomlagrede data","translation":"Oversettelse","helpTranslate":"Help us translate Augmented Steam over at POEditor","lowest":"Laveste","lowestPrice":"Nåværende laveste pris:","viewBadgeProgress":"Vis merkeframdrift","badgeProgress":"Vis merkeframgang","salesTotal":"Salgtotal:","viewNormalBadge":"Vis normal merkeframgang","apppageSections":"Velg delene du ønsker å se på denne siden","website":"Nettsted","games":"Spill","badgeCompletionCost":"Pris for å fullføre merke: __cost__","loading":"Laster...","selling":"Selger...","quickSell":"Selg raskt for __amount__","quickSellDesc":"Price difference of __modifier__ compared to the price of the cheapest offer currently listed on the Steam Market","instantSell":"Selg umiddelbart for __amount__","instantSellDesc":"The price of the highest buy order currently listed on the Steam Market","quickSellVerify":"Steam Guard confirmation needed","startingAt":"Starter på: __price__","homepageTabs":"Hjemmesidefaner","store":"Butikk","viewInStore":"Vis i Butikk","communityHub":"Community Hub","viewOnWebsite":"View on __website__","drmThirdParty":"Advarsel: Denne tittelen benytter tredjeparts-DRM __drmlist__.","hoursShort":"__hours__ t","spamCommentShow":"__num__ spam-kommentarer skjult på denne siden.  Klikk her for å vise dem.","addToWishlist":"Legg til i ønskelisten din","addFullgameToWishlist":"Add full game to your wishlist","addToWaitlist":"Add to your Waitlist","addFullgameToWaitlist":"Add full game to your Waitlist","removeFromWaitlistTooltip":"Remove from your Waitlist","removeFullgameFromWaitlistTooltip":"Remove full game from your Waitlist","removeFromWishlistAndWaitlistTooltip":"Remove from both your wishlist and Waitlist","removeFullgameFromWishlistAndWaitlistTooltip":"Remove full game from both your wishlist and Waitlist","language":"Språk","theworddefault":"Standard","thewordclear":"Clear","couponLearnMore_linkText":"Learn more","couponLearnMore_fullText":"__linkdesc__ about Steam Coupons","show":"Vis","showAll":"Show All","badgesAll":"Alle merker","esSupporter":"Enhanced Steam-støtter","community":"Samfunn","ownedCollection":"__gametitle__ is already in your IsThereAnyDeal Collection","viewBadge":"Vis merke","purchaseTotal":"Kjøpstotal:","viewFoilBadge":"Vis foliemerkeframgang","viewAstats":"Vis AStats-side","contribute":"Bidra (GitHub)","reviews":"Anmeldelser","readReviews":"Les omtaler","readMoreReviews":"Les flere omtalelser hos","youtubeGameplay":"YouTube Gameplay","youtubeReviews":"YouTube Reviews","packageInfo":"Pakkeinfo","badgeCompletionAvg":"Gj.snittlig pris for fullførelse: __cost__","volumeSoldLast_24":"Volum: __sold__ solgt de siste 24 timene","soldLast_24":"__sold__ solgt de siste 24 timene","homepageCurators":"Steam Curator Recommendations","homepageTopnewreleases":"Top Steam Releases","homepageSidebar":"Sidepanel","dropCalc":"Klikk her for å kalkulere slipp som gjenstår","price":"Pris","marketTransactions":"Markedstransaksjoner","loadMarketStats":"Load Market Stats","cardDropsRemaining":"__drops__ kortslipp gjenstår","badgesDrops":"Merker med kortslipp som gjenstår","usingLanguageReturn":"Click here to browse Steam in __base__.","guides":"Guider","highlight":"Merk","save":"Lagre","view":"Vis","gameName":"Spillnavn","notinterested":"Gjenstander markert ikke interessert","ignoredOwned":"Games you ignored as played on different platform","searchFilters_reviewsScore_between":"Between __lower__% and __upper__% review score","searchFilters_reviewsScore_any":"Any review score","searchFilters_reviewsScore_upTo":"Up to __score__% review score","searchFilters_reviewsScore_from":"From __score__% review score","searchFilters_reviewsCount_count":"Reviews count:","searchFilters_reviewsCount_minCount":"Min count","searchFilters_reviewsCount_maxCount":"Max count","searchFilters_discountPercent_count":"Discount percent:","searchFilters_discountPercent_minCount":"Min %","searchFilters_discountPercent_maxCount":"Max %","searchFilters_hideCart":"Hide items in your Cart","searchFilters_hideEa":"Hide Early Access items","searchFilters_hideMixed":"Hide mixed rating items","searchFilters_hideNegative":"Hide negative rating items","news":"Nyheter","viewinclient":"Vis i Steam-klienten","customBackground":"Egendefinert bakgrunn","customStyle":"Tilpasset tema","customStyleHelp":"Alle brukere av Augmented Steam vil se dette temaet i profilen din. Ikke-Augmented Steam-brukere vil ikke se noen temaendringer som blir gjort her.","noneselected":"Ingen valgt / Ingen endring","mostDrops":"Flest slipp","netGain":"Nettogevinst:","apppageRecentupdates":"Recent Events & Announcements","apppageEaheader":"Early Access Info Box","apppageEabanner":"Early Access Discussions Banner","apppageWorkshop":"Steam Workshop Banner","apppageGreenlight":"Steam Greenlight Banner","apppageLegal":"Juridisk informasjon","apppageFranchise":"Franchise","apppageMorefromfranchise":"More From Franchise","bugFeature":"Rapporter feil / Foreslå funksjon","always":"Alltid","ratingDetails":"Se vurderingsdetaljer","dropsWorthAvg":"Verdt omtrent","familySharingNotice_notice":"Notice:","familySharingNotice_desc":"This game is excluded from Steam's Family Sharing service.","visitStore":"Besøk butikkside","all":"Alle","externalFunds":"External Funds Used","shoppingCartHistory":"View Shopping Cart history","manageWebapiKey":"Manage my Steam Web API key","steamCloudHeader":"Steam Cloud","steamCloudSaves":"View Cloud saves","gamesWithDrops":"__dropsgames__ spill med slipp gjenstår","binderView":"Permvisning","usingLanguage":"You are browsing Steam in __current__.","loginWarning":"Make sure that you are logged into __link__ in order to be able to use all features of Augmented Steam.","visitTradeForum":"Besøk bytteforum","purchaseDate":"(Kjøpt __date__)","customBackgroundHelp":"Alle som bruker Augmented Steam vil se denne bakgrunnen på profilen din.  Brukere som ikke bruker Augmented Steam vil se din normale profilbakgrunn.","dateUnlocked":"Dato låst opp","netSpent":"Netto brukt:","buy":"Kjøp","buyPackage":"Kjøp __package__","moreInformation":"Mer informasjon","regionUnavailable":"Ikke tilgjengelig i denne regionen","avgPrice_3cards":"Gjennomsnittspris for tre samlekort: __price__","groups_leaveGroupsConfirm":"Are you sure you want to leave __n__ selected groups?","groups_manageGroups":"Manage groups","groups_actionGroups":"Select the groups below that you wish to take action on.","groups_select":"Select:","groups_leave":"Leave Groups","groups_selected":"__n__ selected.","groups_leaveAdminConfirm_currentlyAdmin":"You are currently admin of __name__.","groups_leaveAdminConfirm_wantToLeave":"Are you sure you want to leave this group?","export_wishlist":"Export wishlist","export_type":"Export type","export_format":"Text format","export_text":"Text","export_download":"Download","export_copyClipboard":"Copy to clipboard","none":"None","emptyWishlist_title":"Tøm ønskeliste","emptyWishlist_confirm":"Are you sure you want to empty your wishlist? This action cannot be undone!","emptyWishlist_removing":"Removing app __cur__ from __total__...","about":"Om","never":"Aldri","couponAvailable":"Du har en kupong tilgjengelig!","launchRandom":"Start tilfeldig spill","playGame":"Spill __gamename__?","dropsValue":"Høyeste slippverdi","cardsRemain":"Least cards remaining to complete set","wishlist":"Ønskeliste","onWishlist":"On wishlist","onWaitlist":"In Waitlist","onWishlistAndWaitlist":"On wishlist and Waitlist","cancel":"Avbryt","wikiArticle":"Vis __pcgw__-artikkel","viewAll":"VIS ALLE","gamesWithBooster":"__boostergames__ spill kvalifisert for booster-pakker","sortBy":"Sorter etter:","playtime":"Playtime","awards":"Awards","year":"Year","lastonline":"Sist pålogget","members":"Members","name":"Name","drmThirdPartySub":"Advarsel: En eller flere titler i denne pakken bruker tredjeparts DRM __drmlist__.","customize":"Tilpass","bundleSavingText":"Her er det du sparer ved å kjøpe denne pakken","thewordoptions":"Innstillinger","discussions":"Diskusjoner","pricing_lowestPrice":"Current best:","pricing_historicalLow":"Historical low:","pricing_bundled":"In bundle:","pricing_withVoucher":"with voucher __voucher__","pricing_store":"at&nbsp;__store__","pricing_bundleCount":"__count__ times","webBrowserChat":"Nettleser chat","steamClientChat":"Steam-nettprat","equipOnProfile":"Equip on Profile","previewBackground":"Forhåndsvis bakgrunn","expandSlider":"Utvid glidebryteren","contractSlider":"Minsk glidebryteren","earlyAccess":"Tidlig tilgang","tagShort":"Bruk korte merknader for å spare plass","noPriceData":"Ingen data for pris tilgjengelig","userScore":"Brukerpoeng","marketPopularItemsToggle":"Slå på direkte oppdatering for populære elementer","showProgressbar":"Show Augmented Steam progress and status bar","achievements_option":"Vis prestasjoner på butikksider","achievements_summary":"__unlocked__ of __total__ (__percentage__%) achievements earned:","bundle_offerEnds":"Tilbudet slutter","bundle_includes":"Inkluderer __num__ gjenstander","bundle_tierIncludes":"__tier__ (__price__) inkluderer __num__ gjenstander","bundle_tier":"Nivå __num__","bundle_header":"Pakker som inkluderer dette spillet","bundle_info":"Pakkeinfo","charts_peakall":"høyeste toppunkt noen sinne","charts_current":"Spillere som spiller nå","charts_playingNow":"spiller nå","charts_peaktoday":"dagens toppunkt","hltb_title":"Hvor lang tid å slå","hltb_mainE":"Hovedhistorie og ekstra","hltb_compl":"Perfeksjonist","hltb_main":"Hoved Historie","options_friendsAndGroups":"Friends and Groups","options_friendsAppendNickname":"Append nicknames to friends' names","options_settingsMngmt_import":"Import","options_settingsMngmt_importSuccess":"Successfully imported settings","options_settingsMngmt_importFail":"Failed to import settings","options_settingsMngmt_export":"Export","options_settingsMngmt_reset":"Reset","options_showCustomThemes":"Show custom themes","options_communityDefaultTab":"Default community home page tab","options_videos":"Videos","options_broadcasts":"Broadcasts","options_artwork":"Artwork","options_screenshots":"Screenshots","options_showBacktotop":"Show back to top button on long pages","options_contextMenu":"Context Menu","options_contextSteamStore":"Search Steam Store for '__query__'","options_contextSteamMarket":"Search Steam Market for '__query__'","options_contextItad":"Search IsThereAnyDeal for '__query__'","options_contextBartervg":"Search Barter.vg for '__query__'","options_contextSteamdb":"Search SteamDB for '__query__'","options_contextSteamdbInstant":"Instant Search SteamDB for '__query__'","options_contextSteamKeys":"Activate steam product keys within selection","options_wsgf":"Vis WSGF (Widescreen)-informasjon","options_versionShow":"Vis endringsloggen når Enchanted Steam oppdateres","options_steamcardexchange":"Vis SteamCardExchange-lenker på merker","options_regionalPrice":"Sammenligning av regionale priser","options_excludef2p":"Utelat spill som er gratis å spille fra merking","options_profileLinkImagesNone":"Ingen","options_profileLinks":"Vis profillenker til","options_tag":"Tagg","options_icon":"Ikon","options_name":"Navn","options_showAlternativeLinuxIcon":"Vis alternativt Linux-ikon","options_replacecommunityhublinks":"Replace community hub links with store page links","options_hideannouncementcomments":"Hide comments under all group announcements by default","options_hidetmsymbols":"Hide trademark and copyright symbols in game titles","options_metacritic":"Vis Metacritic-brukerrangering","options_opencritic":"Vis Opencritic.com informasjon","options_hideactivelistings":"Skjul alle aktive annonser på markedets hjemmeside som standard","options_showlowestmarketprice":"Show the lowest market price for your listings","options_clear":"Er du sikker på at du vil tilbakestille alle innstillinger? Dette kan ikke angres.","options_coupon":"Gjenstander med kuponger","options_showPackageInfo":"Vis pakkeinfo for alle programmer","options_wlbuttoncommunityapp":"Vis \"Legg til i ønskeliste\"-knapp på samfunnets programsentraler","options_removeguideslanguagefilter":"Ikke filtrer guider med språk automatisk","options_confirmdeletecomment":"Show confirmation when deleting comments","options_disablelinkfilter":"Deaktivere bekreftelse ved tilgang til eksterne nettsted","options_regionalPriceOn":"Vis sammenligning av regionale priser","options_horizontalscrolling":"Enable horizontal scrolling with the mouse wheel","options_supportinfo":"Show support information","options_drm":"Vis 3.parts-DRM-advarsler","options_profileLinkImages":"Profile and Group links image style","options_show1clickgoo":"Vis \"1-klikk omgjør til juveler...\"-knapp på gyldige lagergjenstander","options_hltb":"Vis HowLongToBeat.com-informasjon","options_hidespamcomments":"Gjem søppelkommentarer fra Workshop og brukerprofiler","options_gift":"Gjenstand lagret som gave","options_regionalPriceMouse":"når musen flyttes over prisen","options_lowestpriceHeader":"Informasjon om prishistorie","options_storesAll":"Sammenlign alle butikker","options_viewInCurrency":"View in:","options_showEarlyAccess":"Vis Early Access-bildebannere","options_profileLinkImagesGray":"Gråtone","options_quickinv":"Vis knapper for raskt salg av Steam-samfunnsgjenstander i lageret","options_quickinvDiff":"Modifikator for raskt salg:","options_sendAgeInfo":"Send aldersverifisering automatisk ved forespørsel","options_showdeckcompat":"Show Steam Deck compatibility ratings in the features list (and fetch the data when it's missing)","options_removebroadcasts":"Completely remove any live broadcast","options_exfgls":"Show a notice if app is excluded from Family Sharing","options_mp4video":"Force videos to be in MP4 format","options_youtube":"Show YouTube links","options_twitch":"Show Twitch links","options_pcgw":"Vis PCGamingWiki-lenker","options_completionistme":"Show Completionist.me links","options_protondb":"Show ProtonDB links","options_storeSteamcards":"Vis SteamCardExchange-lenker på butikksider","options_spamcommentregex":"Regulær uttrykksstreng:","options_regionalHideworld":"Skjul klodeindikator","options_showAstatslink":"Vis AStats-lenke på programsider","options_showYoutubegameplay":"Show \"YouTube Gameplay\" links","options_showYoutubereviews":"Show \"YouTube Reviews\" links","options_openinnewtab":"Open external links in a new tab","options_showbartervg":"Show Barter.vg links","options_guest":"Gjenstander du har et gjestepass for","options_collection":"Items in your ITAD Collection","options_waitlist":"Items in your ITAD Waitlist","options_showPlayersInfo":"Show player count information","options_showallstats":"Show playtime stats on \"All Games\" page","options_lowestpriceOnwishlist":"Vis på ønskeliste","options_steamrepapi":"Vis SteamRep-status på profilsider","options_profileSteamid":"Show a link to view SteamIDs","options_profilePinnedBg":"Pin the profile background position while scrolling","options_lowestprice":"Vis","options_owned":"Gjenstander du eier","options_itadlinks":"Show IsThereAnyDeal links","options_steamdb":"Vis SteamDB-lenker","options_profileLinkImagesColor":"Farget","options_showViewInLibrary":"Show \"View in Library\" button","options_installSteamButton":"\"Install Steam\" button","options_replaceViewClient":"Replace with \"View in Client\"","options_showEmptyWishlist":"Vis \"Tom ønskeliste\"-knappen","options_showWishlistStats":"Show wishlist stats","options_oneclickremovewl":"Skip confirmation when removing items","options_userNotes_userNotes":"User notes","options_userNotes_app":"On app pages","options_userNotes_wishlist":"On my wishlist","options_userNotes_loc":"Storage location","options_userNotes_syncedStorage":"Synced/Local storage","options_userNotes_local":"Local database","options_inventoryNavText":"Vis avansert navigasjon på lagerside","options_marketTotal":"Vis oppsummering av transaksjon på markedet","options_lowestpriceCoupon":"Inkluder kupongkoder i prissammenligning","options_general":"Generelt","options_apppage":"App page","options_market":"Marked","options_inventory":"Lager","options_profile":"Profil","options_group":"Group","options_friendActivity":"Friend Activity Feed","options_groupLinks":"Options for links to 3rd party sites","options_showLanguagewarning":"Vis advarsel ved surfing på annet språk enn","options_homepage":"Hjemmeside","options_homepageDefaultTab":"Standard hjemmesidefane","options_homepageDefaultTabRemember":"Husk forrige","options_homepageDefaultTabNewreleases":"Populære nye utgivelser","options_homepageDefaultTabTopsellers":"Bestselgere","options_homepageDefaultTabUpcoming":"Kommende","options_homepageDefaultTabSpecials":"Tilbud","options_wishlist":"Gjenstander på ønskelisten din","options_addAnotherRegion":"Legg til","options_skipGotSteam":"Hopp over \"Har du Steam?\"-vinduet","options_storeGeneralThirdparty":"Alternativer for informasjon fra tredjeparts-nettsteder","options_purchaseDates":"Vis app-kjøpedatoer på butikksider","options_showBadgeProgress":"Vis app-merkeframdrift på butikksider","options_showCoupon":"Show applicable Steam coupon","options_showWishlistLink":"Vis en ønskeliste-lenke på profilsider","options_showWishlistCount":"Vis antall elementer i ønskeliste","options_profileShowcaseTwitch":"Add a showcase for Twitch.tv if there is a link","options_profileShowcaseOwnTwitch":"... including your own profile","options_profileShowcaseTwitchProfileonly":"... only if the link is in the Profile Summary","options_lang_english":"Engelsk","options_lang_brazilian":"Brasiliansk portugisisk","options_lang_bulgarian":"Bulgarsk","options_lang_czech":"Tsjekkisk","options_lang_danish":"Dansk","options_lang_dutch":"Nederlandsk","options_lang_finnish":"Finsk","options_lang_french":"Fransk","options_lang_greek":"Gresk","options_lang_german":"Tysk","options_lang_hungarian":"Ungarsk","options_lang_italian":"Italiensk","options_lang_japanese":"Japansk","options_lang_koreana":"Koreansk","options_lang_norwegian":"Norsk","options_lang_polish":"Polsk","options_lang_portuguese":"Portugisisk","options_lang_russian":"Russisk","options_lang_romanian":"Rumensk","options_lang_schinese":"Forenklet kinesisk","options_lang_spanish":"Spansk","options_lang_latam":"Latin American Spanish","options_lang_swedish":"Svensk","options_lang_tchinese":"Tradisjonell kinesisk","options_lang_thai":"Thai","options_lang_turkish":"Tyrkisk","options_lang_ukrainian":"Ukrainsk","options_lang_vietnamese":"Vietnamese","options_addCustomLink":"Add custom link","options_autoDetect":"Auto-detect","options_addToWaitlist":"Show \"Add to Waitlist\" dropdown on app pages","options_collectionBannerNotOwned":"Only show In Collection banner when I don't own the game on Steam","options_maintainers":"Project Maintainers","options_withHelpOf":"with a lot of help by our __contributors__","options_contributors":"wonderful contributors","options_aboutDesc":"Augmented Steam is a fork of the Enhanced Steam extension.","options_aboutDescLinks":"Visit the extension's __website__ or our __discord__ for more info.","options_footerFork":"a fork by IsThereAnyDeal","options_footerAuthor":"original author jshackles","ready_loading":"Augmented Steam laster data...","ready_ready":"Augmented Steam klar","ready_failed":"__amount__ request(s) failed, check browser console for more information","ready_serverOutage":"Augmented Steam servers are currently overloaded","twitch_nowStreaming":"__username__ streamer på Twitch","twitch_viewers":"Seere","dlcSelect_wishlistedDlc":"Velg DLC på ønskelisten","dlcSelect_none":"Velg Ingen","dlcSelect_unownedDlc":"Velg DLC som ikke eies","tag_wishlist":"Ønskeliste","tag_coupon":"Kupong","tag_invGift":"Gave","tag_invGuestpass":"Gjestepass","tag_owned":"Eid","tag_notinterested":"Ikke Interessert","tag_ignoredOwned":"Ignored (owned)","tag_collection":"Collected","tag_waitlist":"Waitlisted","wallet_customAmount":"Legg til egendefinert antall","wallet_customAmountText":"Any amount over __minamount__","wallet_customGiftcard":"Select __input__ Custom Gift Card","wsgf_incomplete":"Uferdig","wsgf_unsupported":"Dette resultatet utdeles til spill som ikke har noen __type__-støtte.  Spillet kan være umulig å spille i __type__, eller bildet blir strukket for å fylle hele bildet.  Korrekt størrelsesforhold blir ikke beholdt.","wsgf_gold":"Denne medaljen blir utdelt til spill som har mottatt perfekte resultater fra WSGF for deres __type__-støtte, og er __type__-sertifisert.","wsgf_silver":"Denne medaljen er tildelt spill som har mottatt kalkulert karakter B for deres __type__-støtte.  Alle disse spillene er uten særlig store feil, men har minst én blemme som forhindrer et perfekt resultat.","wsgf_limited":"Dette resultatet tildeles spill som har mottatt kalkulert grad C for deres __type__-støtte.  Alle disse spillene har et visst nivå av __type__-støtte men har noen betydelige problemer.","wsgf_certifications":"WSGF widescreen-sertifiseringer","itad_enableSyncLibrary":"Enable library sync","itad_enableSyncWishlist":"Enable wishlist sync","itad_import":"Periodically import:","itad_lastImport":"Last import","itad_from":"from ITAD","itad_to":"to ITAD","itad_syncNow":"Sync now","itad_info_itadSteam":"Connecting Augmented Steam with IsThereAnyDeal allows you to apply Augmented Steam's highlighting and tagging to games in your Waitlist and Collection even if you don't have them on Steam.","itad_info_steamItad":"Furthermore, it allows you to import games from your Steam Library and/or Wishlist to IsThereAnyDeal, for improved accuracy (e.g. DLCs or unlisted games). Currently this feature can only add titles, not remove them, so it's not the replacement for IsThereAnyDeal's integrated sync, but an addition to it.","tradeoffer_numItem":"__num__ element","tradeoffer_numItems":"__num__ elementer","tradeoffer_back":"Back to Trade Offers","update_dontShow":"Ikke vis igjen","update_updated":"Augmented Steam har blitt oppdatert til _version_","update_changes":"View all changes on GitHub","register_success":"Aktiveringen av __gamename__ gjennomført","register_owned":"Denne Steam-kontoen eier allerede produkt(er) i dette tilbudet.","register_notavail":"Beklager, men dette produktet er ikke tilgjengelig for kjøp i dette landet.  Din produktnøkkel har ikke blitt innløst.","register_invalid":"Produktkoden du har skrevet inn er ikke gyldig.  Vennligst se etter om du har skrevet koden feil.","register_already":"Produktkoden du har skrevet er allerede aktivert av en annen Steam-konto.","register_dlc":"Produktkoden du har angitt krever eierskap av et annet produkt før aktivering.","register_wallet":"Koden du har angitt er fra et Steam-gavekort eller en Steam-lommebokskode","register_toomany":"Det har vært for mange nylige aktiveringsforsøk fra denne kontoen. Vennligst vent og prøv igjen senere.","register_default":"Det oppstod en uventet feil. Din produktkode er ikke innløst. Vennligst vent 30 minutter og prøv å innløse koden igjen.","wl_label":"stats","wl_totalPrice":"current value","wl_inWishlist":"on wishlist","wl_onSale":"on sale","wl_noPrice":"without price","wl_hidden":"hidden apps","wl_hiddenTooltip":"Apps that have been removed/unlisted and are not visible on wishlists. Click for details.","wl_removeTitle":"Remove this item from your wishlist?","wl_removeConfirm":"Are you sure you want to remove 'appid __appid__' from your wishlist?","wl_removeConfirmWarn":"It cannot be re-added afterwards!","coll_totalTime":"total time","coll_inCollection":"in collection","coll_played":"played","coll_neverPlayed":"never played","userNote_add":"Add a note","userNote_update":"Update note","userNote_addForGame":"Note for __gamename__","userNote_notEnoughSpace":"Not enough space to save note","userNote_notEnoughSpaceDesc":"Augmented Steam can't save any more user notes since your used storage adapter doesn't allow more data to be saved (attempting to use ~__perc__% of the storage capacity).","userNote_closeOnStorage":"You are running close on storage","userNote_closeOnStorageDesc":"Augmented Steam is close to not being able to save any more user notes (~__perc__% storage usage) with your current storage adapter.","userNote_storageWarningDesc":"You can choose to store your user notes in a local database (without synchronization) or continue using the storage method provided by your browser (where new notes can only be added if you delete some old).","userNote_saveSyncedStorage":"Continue using synced storage","userNote_saveLocal":"Store notes locally","userNote_syncOption":"Sync notes automatically","userNote_syncInfo_1":"You can sync your notes between Augmented Steam and IsThereAnyDeal. If you enable automatic sync, notes will be periodically fetched from ITAD. Edits via Augmented Steam will be mirrored to ITAD immediately.","userNote_syncInfo_2":"You can also manually push or pull notes between Augmented Steam and IsThereAnyDeal. We advise you to do so before enabling automatic sync, to ensure the correct version of the note is used, in case you have different notes stored for the same game.","userNote_syncInfo_3":"You can see all your notes stored in the Notes and Tags section on IsThereAnyDeal.","userNote_syncButtonPush":"Push notes to\nIsThereAnyDeal","userNote_syncButtonPull":"Pull notes from\nIsThereAnyDeal","userNote_syncPulled":"__n__ note(s) were pulled from IsThereAnyDeal","userNote_syncPushed":"__n__ note(s) were pushed to IsThereAnyDeal","userNote_syncFailed":"__n__ note(s) failed to sync","userNote_syncError":"Your note failed to sync","userNote_syncErrorEmpty":"Note is empty","userNote_syncErrorUnknown":"ITAD does not know this game","userNote_syncErrorLength":"Note is too long (__length__, max: __max__)","queue_new":"New Queue","queue_newTooltip":"Remove this product from your queue and start a new queue.","workshop_workshop":"Workshop","workshop_subscriptions":"Subscriptions","workshop_subscribeAll":"Subscribe All","workshop_subscribeConfirm":"Are you sure you want to subscribe to all __count__ workshop items with these filters?","workshop_subscribeLoading":"Subscribing to __i__/__count__ workshop items, please wait...","workshop_unsubscribeAll":"Unsubscribe All","workshop_unsubscribeConfirm":"Are you sure you want to unsubscribe to all __count__ workshop items with these filters?","workshop_unsubscribeLoading":"Unsubscribing from __i__/__count__ workshop items, please wait...","workshop_finished":"Finished! __success__ successful, __fail__ failed. Click OK to refresh the page","workshop_failed":"__n__ failed","originalAuthors":"Original authors","acknowledgements":"Acknowledgments","countries_ad":"Andorra","countries_ae":"United Arab Emirates","countries_af":"Afghanistan","countries_ag":"Antigua and Barbuda","countries_ai":"Anguilla","countries_al":"Albania","countries_am":"Armenia","countries_an":"Netherlands Antilles","countries_ao":"Angola","countries_ar":"Argentina","countries_as":"American Samoa","countries_at":"Austria","countries_au":"Australia","countries_aw":"Aruba","countries_az":"Azerbaijan","countries_ba":"Bosnia and Herzegovina","countries_bb":"Barbados","countries_bd":"Bangladesh","countries_be":"Belgium","countries_bf":"Burkina Faso","countries_bg":"Bulgaria","countries_bh":"Bahrain","countries_bi":"Burundi","countries_bj":"Benin","countries_bm":"Bermuda","countries_bn":"Brunei","countries_bo":"Bolivia","countries_br":"Brazil","countries_bs":"Bahamas","countries_bt":"Bhutan","countries_bv":"Bouvet Island","countries_bw":"Botswana","countries_by":"Belarus","countries_bz":"Belize","countries_ca":"Canada","countries_cd":"Congo - Kinshasa","countries_cf":"Central African Republic","countries_cg":"Congo - Brazzaville","countries_ch":"Switzerland","countries_ci":"Côte d’Ivoire","countries_ck":"Cook Islands","countries_cl":"Chile","countries_cm":"Cameroon","countries_cn":"China","countries_co":"Colombia","countries_cr":"Costa Rica","countries_cu":"Cuba","countries_cv":"Cape Verde","countries_cy":"Cyprus","countries_cz":"Czech Republic","countries_de":"Germany","countries_dj":"Djibouti","countries_dk":"Denmark","countries_dm":"Dominica","countries_do":"Dominican Republic","countries_dz":"Algeria","countries_ec":"Ecuador","countries_ee":"Estonia","countries_eg":"Egypt","countries_eh":"Western Sahara","countries_er":"Eritrea","countries_es":"Spain","countries_et":"Ethiopia","countries_fi":"Finland","countries_fj":"Fiji","countries_fk":"Falkland Islands","countries_fm":"Micronesia","countries_fo":"Faroe Islands","countries_fr":"France","countries_ga":"Gabon","countries_gb":"United Kingdom","countries_gd":"Grenada","countries_ge":"Georgia","countries_gf":"French Guiana","countries_gg":"Guernsey","countries_gh":"Ghana","countries_gi":"Gibraltar","countries_gl":"Greenland","countries_gm":"Gambia","countries_gn":"Guinea","countries_gp":"Guadeloupe","countries_gq":"Equatorial Guinea","countries_gr":"Greece","countries_gs":"South Georgia","countries_gt":"Guatemala","countries_gu":"Guam","countries_gw":"Guinea-Bissau","countries_gy":"Guyana","countries_hk":"Hong Kong SAR China","countries_hm":"Heard Island and McDonald Islands","countries_hn":"Honduras","countries_hr":"Croatia","countries_ht":"Haiti","countries_hu":"Hungary","countries_id":"Indonesia","countries_ie":"Ireland","countries_il":"Israel","countries_im":"Isle of Man","countries_in":"India","countries_io":"British Indian Ocean Territory","countries_iq":"Iraq","countries_ir":"Iran","countries_is":"Iceland","countries_it":"Italy","countries_je":"Jersey","countries_jm":"Jamaica","countries_jo":"Jordan","countries_jp":"Japan","countries_ke":"Kenya","countries_kg":"Kyrgyzstan","countries_kh":"Cambodia","countries_ki":"Kiribati","countries_km":"Comoros","countries_kn":"Saint Kitts and Nevis","countries_kp":"North Korea","countries_kr":"South Korea","countries_kw":"Kuwait","countries_ky":"Cayman Islands","countries_kz":"Kazakhstan","countries_la":"Laos","countries_lb":"Lebanon","countries_lc":"Saint Lucia","countries_li":"Liechtenstein","countries_lk":"Sri Lanka","countries_lr":"Liberia","countries_ls":"Lesotho","countries_lt":"Lithuania","countries_lu":"Luxembourg","countries_lv":"Latvia","countries_ly":"Libya","countries_ma":"Morocco","countries_mc":"Monaco","countries_md":"Moldova","countries_me":"Montenegro","countries_mg":"Madagascar","countries_mh":"Marshall Islands","countries_mk":"Macedonia","countries_ml":"Mali","countries_mm":"Myanmar [Burma]","countries_mn":"Mongolia","countries_mo":"Macau SAR China","countries_mp":"Northern Mariana Islands","countries_mq":"Martinique","countries_mr":"Mauritania","countries_ms":"Montserrat","countries_mt":"Malta","countries_mu":"Mauritius","countries_mv":"Maldives","countries_mw":"Malawi","countries_mx":"Mexico","countries_my":"Malaysia","countries_mz":"Mozambique","countries_na":"Namibia","countries_nc":"New Caledonia","countries_ne":"Niger","countries_nf":"Norfolk Island","countries_ng":"Nigeria","countries_ni":"Nicaragua","countries_nl":"Netherlands","countries_no":"Norway","countries_np":"Nepal","countries_nr":"Nauru","countries_nu":"Niue","countries_nz":"New Zealand","countries_om":"Oman","countries_pa":"Panama","countries_pe":"Peru","countries_pf":"French Polynesia","countries_pg":"Papua New Guinea","countries_ph":"Philippines","countries_pk":"Pakistan","countries_pl":"Poland","countries_pm":"Saint Pierre and Miquelon","countries_pn":"Pitcairn Islands","countries_pr":"Puerto Rico","countries_ps":"Palestinian Territories","countries_pt":"Portugal","countries_pw":"Palau","countries_py":"Paraguay","countries_qa":"Qatar","countries_re":"Réunion","countries_ro":"Romania","countries_rs":"Serbia","countries_ru":"Russia","countries_rw":"Rwanda","countries_sa":"Saudi Arabia","countries_sb":"Solomon Islands","countries_sc":"Seychelles","countries_sd":"Sudan","countries_se":"Sweden","countries_sg":"Singapore","countries_sh":"Saint Helena","countries_si":"Slovenia","countries_sk":"Slovakia","countries_sl":"Sierra Leone","countries_sm":"San Marino","countries_sn":"Senegal","countries_so":"Somalia","countries_sr":"Suriname","countries_st":"São Tomé and Príncipe","countries_sv":"El Salvador","countries_sy":"Syria","countries_sz":"Swaziland","countries_tc":"Turks and Caicos Islands","countries_td":"Chad","countries_tf":"French Southern Territories","countries_tg":"Togo","countries_th":"Thailand","countries_tj":"Tajikistan","countries_tk":"Tokelau","countries_tl":"Timor-Leste","countries_tm":"Turkmenistan","countries_tn":"Tunisia","countries_to":"Tonga","countries_tr":"Turkey","countries_tt":"Trinidad and Tobago","countries_tv":"Tuvalu","countries_tw":"Taiwan","countries_tz":"Tanzania","countries_ua":"Ukraine","countries_ug":"Uganda","countries_um":"U.S. Minor Outlying Islands","countries_us":"United States","countries_uy":"Uruguay","countries_uz":"Uzbekistan","countries_va":"Vatican City","countries_vc":"Saint Vincent and the Grenadines","countries_ve":"Venezuela","countries_vg":"British Virgin Islands","countries_vi":"U.S. Virgin Islands","countries_vn":"Vietnam","countries_vu":"Vanuatu","countries_wf":"Wallis and Futuna","countries_ws":"Samoa","countries_ye":"Yemen","countries_yt":"Mayotte","countries_za":"South Africa","countries_zm":"Zambia","countries_zw":"Zimbabwe"}}