{"stats":{"strings":812,"translated":783},"strings":{"deleteCommentPrompt":"Czy na pewno chcesz usunąć ten komentarz?","downloadDemoHeader":"Pobierz demo __gamename__","deckCompat_header":"Zgodność ze Steam Deckiem","deckCompat_unknown":"Nieznana","deckCompat_unsupported":"Nieobsługiwana","deckCompat_playable":"Grywalna","deckCompat_verified":"Zweryfikowana","featureHint_desc":"Czy chcesz włączyć następującą funkcję?","featureHint_reminder":"Możesz to później zmienić na stronie opcji.","thewordyes":"Tak","thewordno":"Nie","theworderror":"Błąd","noData":"Brak danych","toomanyrequests":"Zbyt wiele żądań","showComments":"Pokaż komentarze","hideComments":"Ukryj komentarze","thewordunknown":"Nieznane","calcWorkshopSize_fileSize":"Rozmiar pliku: __size__","calcWorkshopSize_calcSize":"Oblicz całkowity rozmiar","calcWorkshopSize_calcLoading":"Trwa przetwarzanie przedmiotów (__i__/__count__), proszę czekać...","calcWorkshopSize_calcFinished":"Gotowe! Pomyślnie zakończono przetwarzanie przedmiotów (__success__/__total__).","calcWorkshopSize_totalSize":"Całkowity rozmiar: __size__","cart":"Koszyk","inCart":"W koszyku","steamidOfUser":"SteamID użytkownika __user__","copied":"Skopiowano do schowka!","viewSteamid":"Zobacz SteamID","moreOnSteampeek":"Zobacz więcej na SteamPeek","date":"Data","rating":"Ocena","helpful":"Przydatność","funny":"Zabawność","length":"Liczba znaków","visibility":"Widoczność","processing":"Trwa przetwarzanie...","wait":"Proszę czekać","inviteFriends":"Zaproś znajomych","inviteToGroup":"Zaproś do grupy","inverse":"Odwróć","transactionStatus":"Liczba żądań zakończonych niepowodzeniem: __failed__. Pobrano __size__ z __total__ transakcji.","customTags":"Niestandardowe tagi","addTag":"Dodaj tag","enterTag":"Wprowadź tag, który chcesz dodać","status":"Stan:","connect":"Połącz","connected":"Połączono","disconnect":"Rozłącz","disconnected":"Nie połączono","oneclickgoo":"Zamień jednym kliknięciem na klejnoty...","viewInLibrary":"Zobacz w bibliotece","support":"Wsparcie","email":"Adres e-mail","contact":"Kontakt","favEmoticonsDragging":"Przeciągnij tu emotikony, by dodać je do ulubionych","favEmoticonsNoAccess":"Nie masz dostępu do tej emotikony","postHistory":"Wyświetl historię postów","addNickname":"Dodaj pseudonim","totalSize":"Całkowity rozmiar","dlcDetails":"Szczegóły dot. DLC","badgeNotUnlocked":"Nieodblokowana","badgeLevel":"Poziom __level__","each":"za szt.","viewInMarket":"Pokaż na Rynku Społeczności","remove":"Usuń","getHelp":"Pomoc","addSelectedDlcToCart":"Dodaj zaznaczone DLC do koszyka","close":"Zamknij","error":"Wystąpił błąd","go":"Idź","activate":"Aktywuj produkt","activateMultipleHeader":"Wprowadź poniżej klucze produktów (po jednym w wierszu)","activateMultiple":"Aktywuj kilka produktów","activateProducts":"Aktywuj produkty","couponApplicationNote":"Kupon z twojego ekwipunku zostanie automatycznie użyty po przejściu do kasy.","hide":"Ukryj","filters":"Filtry dodatku Augmented Steam","cardsOwned":"Zebrano __owned__ z __possible__ kart","libraryMenu":"Biblioteka","clearCache":"Wyczyść pamięć podręczną","translation":"Tłumaczenie","helpTranslate":"Pomóż nam w tłumaczeniu dodatku Augmented Steam w serwisie POEditor","lowest":"Najniższa cena","lowestPrice":"Aktualnie najniższa cena:","viewBadgeProgress":"Zobacz postęp odznaki","badgeProgress":"Postęp odznaki","salesTotal":"Wartość sprzedaży:","viewNormalBadge":"Zobacz postęp normalnej odznaki","apppageSections":"Wybierz sekcje, które chcesz widzieć na tej stronie","website":"Strona WWW","games":"Gry","badgeCompletionCost":"Koszt wytworzenia odznaki: __cost__","loading":"Wczytywanie...","selling":"Sprzedawanie...","quickSell":"Szybka sprzedaż za __amount__","quickSellDesc":"Aktualna wysokość najniższej oferty sprzedaży na Rynku Społeczności Steam pomniejszona o __modifier__","instantSell":"Natychmiastowa sprzedaż za __amount__","instantSellDesc":"Aktualna wysokość najwyższego zlecenia kupna na Rynku Społeczności Steam","quickSellVerify":"Wymagane potwierdzenie Steam Guard","startingAt":"Już od: __price__","homepageTabs":"Zakładki na stronie głównej","store":"Sklep","viewInStore":"Zobacz w sklepie","communityHub":"Centrum społeczności","viewOnWebsite":"Pokaż na __website__","drmThirdParty":"Uwaga: Ten tytuł korzysta z systemu DRM innego producenta __drmlist__.","hoursShort":"__hours__ godz.","spamCommentShow":"Komentarzy ze spamem ukrytych na tej stronie: __num__. Kliknij tutaj, by je wyświetlić.","addToWishlist":"Dodaj do listy życzeń","addFullgameToWishlist":"Add full game to your wishlist","addToWaitlist":"Dodaj do listy oczekujących","addFullgameToWaitlist":"Add full game to your Waitlist","removeFromWaitlistTooltip":"Usuń ze swojej listy oczekujących","removeFullgameFromWaitlistTooltip":"Remove full game from your Waitlist","removeFromWishlistAndWaitlistTooltip":"Usuń ze swojej listy życzeń i oczekujących","removeFullgameFromWishlistAndWaitlistTooltip":"Remove full game from both your wishlist and Waitlist","language":"Język","theworddefault":"Domyślne","thewordclear":"Wyczyść","couponLearnMore_linkText":"Dowiedz się więcej","couponLearnMore_fullText":"__linkdesc__ o kuponach Steam","show":"Pokaż","showAll":"Pokaż wszystkie","badgesAll":"Wszystkie odznaki","esSupporter":"Zwolennik Enhanced Steam","community":"Społeczność","ownedCollection":"__gametitle__ is already in your IsThereAnyDeal Collection","viewBadge":"Zobacz odznakę","purchaseTotal":"Wartość zakupów:","viewFoilBadge":"Zobacz postęp foliowanej odznaki","viewAstats":"Pokaż stronę AStats","contribute":"Kod źródłowy (GitHub)","reviews":"Recenzje","readReviews":"Przeczytaj recenzje","readMoreReviews":"Przeczytaj więcej recenzji na","youtubeGameplay":"Gameplaye na YouTube","youtubeReviews":"Wideorecenzje na YouTube","packageInfo":"Informacje o pakiecie","badgeCompletionAvg":"Śr. koszt wytworzenia odznaki: __cost__","volumeSoldLast_24":"Nakład: Sprzedano __sold__ przez ostatnie 24 godziny","soldLast_24":"Sprzedano __sold__ przez ostatnie 24 godziny","homepageCurators":"Rekomendacje kuratorów Steam","homepageTopnewreleases":"Największe premiery na Steam","homepageSidebar":"Pasek boczny","dropCalc":"Kliknij tutaj, by obliczyć liczbę pozostałych kart","price":"Cena","marketTransactions":"Transakcje na rynku","loadMarketStats":"Wyświetl podsumowanie","cardDropsRemaining":"Możesz otrzymać jeszcze __drops__ kart(y)","badgesDrops":"Odznaki, które wygenerują karty","usingLanguageReturn":"Kliknij tutaj, aby zmienić go na __base__.","guides":"Poradniki","highlight":"Wyróżnij","save":"Zapisz","view":"Widok","gameName":"Nazwa gry","notinterested":"Tytuły oznaczone jako ignorowane","ignoredOwned":"Tytuły ignorowane oznaczone jako grane na innej platformie","searchFilters_reviewsScore_between":"Ocena produktu między __lower__% a __upper__%","searchFilters_reviewsScore_any":"Dowolna ocena produktu","searchFilters_reviewsScore_upTo":"Ocena produktu mniejsza niż __score__%","searchFilters_reviewsScore_from":"Ocena produktu większa niż __score__%","searchFilters_reviewsCount_count":"Liczba recenzji:","searchFilters_reviewsCount_minCount":"min. wartość","searchFilters_reviewsCount_maxCount":"maks. wartość","searchFilters_discountPercent_count":"Procent rabatu:","searchFilters_discountPercent_minCount":"min. %","searchFilters_discountPercent_maxCount":"maks. %","searchFilters_hideCart":"Ukryj tytuły w koszyku","searchFilters_hideEa":"Ukryj tytuły z wczesnym dostępem","searchFilters_hideMixed":"Ukryj tytuły z oceną mieszaną","searchFilters_hideNegative":"Ukryj tytuły z oceną negatywną","news":"Aktualności","viewinclient":"Otwórz w kliencie Steam","customBackground":"Niestandardowe tło","customStyle":"Niestandardowy motyw","customStyleHelp":"Wszyscy użytkownicy Augmented Steam zobaczą ten motyw na twoim profilu – pozostali nie zauważą żadnej zmiany.","noneselected":"Nie wybrano / Bez zmian","mostDrops":"Liczba kart do zdobycia","netGain":"Dochód:","apppageRecentupdates":"Niedawne wydarzenia i ogłoszenia","apppageEaheader":"Informacje o wczesnym dostępie","apppageEabanner":"Baner dyskusji wczesnego dostępu","apppageWorkshop":"Baner Warsztatu Steam","apppageGreenlight":"Baner Steam Greenlight","apppageLegal":"Informacje prawne","apppageFranchise":"Seria","apppageMorefromfranchise":"Więcej tytułów w serii","bugFeature":"Zgłoś błąd / Zaproponuj nową funkcję","always":"Zawsze","ratingDetails":"Zobacz informacje o ocenach","dropsWorthAvg":"Szacowana wartość:","familySharingNotice_notice":"Uwaga:","familySharingNotice_desc":"Ta gra jest wykluczona z funkcji udostępniania gier.","visitStore":"Odwiedź stronę w sklepie","all":"Wszystko","externalFunds":"Wykorzystane środki zewnętrzne","shoppingCartHistory":"Wyświetl historię koszyka zakupów","manageWebapiKey":"Zarządzaj moim kluczem Steam Web API","steamCloudHeader":"Steam Cloud","steamCloudSaves":"Przeglądaj zapisy w chmurze","gamesWithDrops":"__dropsgames__ gier z kartami do zdobycia","binderView":"Widok skoroszytu","usingLanguage":"Aktualnie przeglądasz Steam w języku __current__m.","loginWarning":"Upewnij się, że jesteś zalogowany(-a) na __link__, by w pełni korzystać ze wszystkich funkcji Augmented Steam.","visitTradeForum":"Odwiedź forum wymiany","purchaseDate":"(Zakupiono: __date__)","customBackgroundHelp":"Wszyscy użytkownicy Augmented Steam zobaczą to tło na twoim profilu – pozostali w dalszym ciągu będą widzieć zwykłe.","dateUnlocked":"Data odblokowania","netSpent":"Strata:","buy":"Kup","buyPackage":"Kup __package__","moreInformation":"Więcej informacji","regionUnavailable":"Niedostępne w tym regionie","avgPrice_3cards":"Śr. cena 3 kart kolekcjonerskich: __price__","groups_leaveGroupsConfirm":"Czy na pewno chcesz opuścić wybrane grupy (__n__)?","groups_manageGroups":"Zarządzaj grupami","groups_actionGroups":"Wybierz grupy, wobec których chcesz podjąć działania.","groups_select":"Wybierz:","groups_leave":"Opuść grupy","groups_selected":"Wybrano: __n__","groups_leaveAdminConfirm_currentlyAdmin":"Jesteś administratorem __name__.","groups_leaveAdminConfirm_wantToLeave":"Czy na pewno chcesz opuścić tę grupę?","export_wishlist":"Eksportuj listę życzeń","export_type":"Typ pliku","export_format":"Format danych","export_text":"Plik tekstowy","export_download":"Pobierz","export_copyClipboard":"Skopiuj do schowka","none":"Brak","emptyWishlist_title":"Wyczyść listę życzeń","emptyWishlist_confirm":"Czy na pewno chcesz wyczyścić swoją listę życzeń? Tej operacji nie można cofnąć!","emptyWishlist_removing":"Trwa usuwanie aplikacji (__cur__ z __total__)...","about":"O dodatku","never":"Nigdy","couponAvailable":"Masz kupon do wykorzystania!","launchRandom":"Uruchom losową grę","playGame":"Uruchomić __gamename__?","dropsValue":"Najwyższa wartość kart","cardsRemain":"Najmniej kart pozostałych do ukończenia zestawu","wishlist":"Lista życzeń","onWishlist":"Na liście życzeń","onWaitlist":"Na liście oczekujących","onWishlistAndWaitlist":"Na liście życzeń i oczekujących","cancel":"Anuluj","wikiArticle":"Pokaż artykuł na __pcgw__","viewAll":"POKAŻ WSZYSTKICH","gamesWithBooster":"__boostergames__ gier może wygenerować pakiety kart","sortBy":"Sortuj wg:","playtime":"Czas gry","awards":"Nagrody","year":"Rok","lastonline":"Ostatnio online","members":"Liczba członków","name":"Nazwa","drmThirdPartySub":"Uwaga: Przynajmniej jeden z tytułów w tym pakiecie korzysta z systemu DRM innego producenta __drmlist__.","customize":"Dostosuj","bundleSavingText":"Oto ile zaoszczędzisz, kupując ten pakiet","thewordoptions":"Opcje","discussions":"Dyskusje","pricing_lowestPrice":"Aktualnie najniższa cena:","pricing_historicalLow":"Najniższa historyczna cena:","pricing_bundled":"Liczba wystąpień w zestawach:","pricing_withVoucher":"przy użyciu kodu __voucher__","pricing_store":"w&nbsp;sklepie&nbsp;__store__","pricing_bundleCount":"__count__","webBrowserChat":"Czat przez przeglądarkę","steamClientChat":"Czat przez klienta Steam","equipOnProfile":"Dodaj do profilu","previewBackground":"Podgląd tła","expandSlider":"Rozwiń suwak","contractSlider":"Zwiń suwak","earlyAccess":"Wczesny dostęp","tagShort":"Używaj inicjałów zamiast pełnych nazw etykiet, by zaoszczędzić miejsce","noPriceData":"Brak dostępnych informacji o cenie","userScore":"Ocena graczy","marketPopularItemsToggle":"Włącz lub wyłącz aktualizacje w czasie rzeczywistym dla popularnych przedmiotów","showProgressbar":"Wyświetlaj pasek postępu i stanu dla Augmented Steam","achievements_option":"Wyświetlaj postęp osiągnięć","achievements_summary":"__unlocked__ z __total__ (__percentage__%) osiągnięć zdobytych:","bundle_offerEnds":"Koniec oferty:","bundle_includes":"Zestaw __num__ produktów","bundle_tierIncludes":"__tier__ (__price__) zawiera zbiór __num__ produktów","bundle_tier":"Próg __num__","bundle_header":"Zestawy zawierające tę grę","bundle_info":"Informacje o zestawie","charts_peakall":"Rekord graczy","charts_current":"Aktualna liczba graczy","charts_playingNow":"Teraz w grze","charts_peaktoday":"Najwięcej dziś","hltb_title":"How Long to Beat","hltb_mainE":"Główny wątek i dodatki","hltb_compl":"Kompletne ukończenie","hltb_main":"Główny wątek","options_friendsAndGroups":"Friends and Groups","options_friendsAppendNickname":"Append nicknames to friends' names","options_settingsMngmt_import":"Importuj","options_settingsMngmt_importSuccess":"Pomyślnie zaimportowano ustawienia","options_settingsMngmt_importFail":"Nie udało się zaimportować ustawień","options_settingsMngmt_export":"Eksportuj","options_settingsMngmt_reset":"Resetuj","options_showCustomThemes":"Wyświetlaj niestandardowe motywy","options_communityDefaultTab":"Domyślna zakładka na stronie głównej Społeczności Steam:","options_videos":"Wideo","options_broadcasts":"Transmisje","options_artwork":"Prace graficzne","options_screenshots":"Zrzuty ekranu","options_showBacktotop":"Wyświetlaj przycisk szybkiego powrotu na górę przy długich stronach","options_contextMenu":"Menu kontekstowe","options_contextSteamStore":"Wyszukaj „__query__” w Sklepie Steam","options_contextSteamMarket":"Wyszukaj „__query__” na Rynku Społeczności Steam","options_contextItad":"Wyszukaj „__query__” na IsThereAnyDeal","options_contextBartervg":"Wyszukaj „__query__” na Barter.vg","options_contextSteamdb":"Wyszukaj „__query__” na SteamDB","options_contextSteamdbInstant":"Wyszukaj błyskawicznie „__query__” na SteamDB","options_contextSteamKeys":"Aktywuj zaznaczone klucze Steam","options_wsgf":"Wyświetlaj informacje z WSGF (dot. ekranów panoramicznych)","options_versionShow":"Wyświetlaj dziennik zmian po aktualizacji Augmented Steam","options_steamcardexchange":"Wyświetlaj odnośniki do SteamCardExchange na stronach odznak","options_regionalPrice":"Porównanie cen regionalnych","options_excludef2p":"Nie wyróżniaj gier Free to Play","options_profileLinkImagesNone":"Brak","options_profileLinks":"Wyświetlaj odnośniki do profili na:","options_tag":"Etykieta","options_icon":"Ikona","options_name":"Nazwa","options_showAlternativeLinuxIcon":"Wyświetlaj alternatywną ikonę systemu Linux","options_replacecommunityhublinks":"Odsyłaj do strony w sklepie zamiast do centrum społeczności","options_hideannouncementcomments":"Ukrywaj domyślnie komentarze pod wszystkimi ogłoszeniami grupowymi","options_hidetmsymbols":"Ukrywaj symbole praw autorskich i znaków towarowych w tytułach gier","options_metacritic":"Wyświetlaj oceny użytkowników Metacritic","options_opencritic":"Wyświetlaj informacje z OpenCritic.com","options_hideactivelistings":"Ukrywaj domyślnie wszystkie moje aktywne oferty na stronie rynku","options_showlowestmarketprice":"Wyświetlaj najniższą cenę rynkową dla wystawionych przedmiotów","options_clear":"Czy na pewno chcesz zresetować wszystkie ustawienia? Tej operacji nie można cofnąć.","options_coupon":"Tytuły, dla których masz kupony","options_showPackageInfo":"Wyświetlaj przycisk „Informacje o pakiecie” dla wszystkich pakietów","options_wlbuttoncommunityapp":"Wyświetlaj przycisk „Dodaj do listy życzeń” na stronach centrum społeczności","options_removeguideslanguagefilter":"Nie filtruj automatycznie poradników po języku użytkownika","options_confirmdeletecomment":"Wyświetlaj potwierdzenia przy usuwaniu komentarzy","options_disablelinkfilter":"Wyłącz potwierdzenia przy przechodzeniu na zewnętrzne serwisy","options_regionalPriceOn":"Wyświetlaj porównanie cen regionalnych:","options_horizontalscrolling":"Włącz przewijanie w poziomie za pomocą kółka myszy","options_supportinfo":"Wyświetlaj informacje dot. wsparcia dla aplikacji","options_drm":"Wyświetlaj ostrzeżenia o systemach DRM innego producenta","options_profileLinkImages":"Ikony na stronach profili i grup:","options_show1clickgoo":"Wyłącz potwierdzenia przy zamienianiu przedmiotów na klejnoty","options_hltb":"Wyświetlaj informacje z HowLongToBeat.com","options_hidespamcomments":"Ukrywaj spam w komentarzach na stronach Warsztatu i profili","options_gift":"Tytuły przechowywane w formie prezentu","options_regionalPriceMouse":"Po najechaniu kursorem","options_lowestpriceHeader":"Informacje o historii cen","options_storesAll":"Porównuj we wszystkich sklepach","options_viewInCurrency":"Wyświetlaj w (waluta):","options_showEarlyAccess":"Wyświetlaj banery wczesnego dostępu","options_profileLinkImagesGray":"Szare","options_quickinv":"Wyświetlaj przyciski szybkiej sprzedaży na kartach przedmiotów w ekwipunku","options_quickinvDiff":"Modyfikator szybkiej sprzedaży:","options_sendAgeInfo":"Automatycznie potwierdzaj wiek na żądanie i pomijaj ostrzeżenia o treściach dla dorosłych","options_showdeckcompat":"Show Steam Deck compatibility ratings in the features list (and fetch the data when it's missing)","options_removebroadcasts":"Usuń wszystkie transmisje na żywo","options_exfgls":"Wyświetlaj ostrzeżenie, jeśli aplikacja wykluczona jest z funkcji udostępniania gier","options_mp4video":"Wymuszaj odtwarzanie wideo w formacie MP4","options_youtube":"Wyświetlaj odnośniki do YouTube","options_twitch":"Wyświetlaj odnośniki do Twitch","options_pcgw":"Wyświetlaj odnośniki do PCGamingWiki","options_completionistme":"Wyświetlaj odnośniki do Completionist.me","options_protondb":"Wyświetlaj odnośniki do ProtonDB","options_storeSteamcards":"Wyświetlaj odnośniki do SteamCardExchange","options_spamcommentregex":"Wyrażenie regularne:","options_regionalHideworld":"Ukrywaj ikonę globusa","options_showAstatslink":"Wyświetlaj odnośniki do AStats","options_showYoutubegameplay":"Wyświetlaj odnośniki „Gameplaye na YouTube”","options_showYoutubereviews":"Wyświetlaj odnośniki „Wideorecenzje na YouTube”","options_openinnewtab":"Otwieraj zewnętrzne odnośniki w nowej karcie","options_showbartervg":"Wyświetlaj odnośniki do Barter.vg","options_guest":"Tytuły przechowywane w formie klucza tymczasowego","options_collection":"Tytuły w twojej kolekcji ITAD","options_waitlist":"Tytuły na twojej liście oczekujących ITAD","options_showPlayersInfo":"Wyświetlaj informacje o liczbie graczy","options_showallstats":"Wyświetlaj podsumowanie na stronie „Wszystkie gry”","options_lowestpriceOnwishlist":"Wyświetlaj po najechaniu kursorem na tytuły na liście życzeń","options_steamrepapi":"Wyświetlaj status SteamRep","options_profileSteamid":"Wyświetlaj odnośnik „Zobacz SteamID”","options_profilePinnedBg":"Zablokuj pozycję tła profilu podczas przewijania","options_lowestprice":"Wyświetlaj na stronach aplikacji","options_owned":"Posiadane tytuły","options_itadlinks":"Wyświetlaj odnośniki do IsThereAnyDeal","options_steamdb":"Wyświetlaj odnośniki do SteamDB","options_profileLinkImagesColor":"Kolorowe","options_showViewInLibrary":"Wyświetlaj przycisk „Zobacz w bibliotece” na stronach posiadanych gier","options_installSteamButton":"Przycisk „Zainstaluj Steam”:","options_replaceViewClient":"Zastąp przyciskiem „Otwórz w kliencie Steam”","options_showEmptyWishlist":"Wyświetlaj przycisk „Wyczyść listę życzeń”","options_showWishlistStats":"Wyświetlaj podsumowanie na liście życzeń","options_oneclickremovewl":"Wyłącz potwierdzenia przy usuwaniu produktów","options_userNotes_userNotes":"Notatki użytkownika","options_userNotes_app":"Na stronach aplikacji","options_userNotes_wishlist":"Na mojej liście życzeń","options_userNotes_loc":"Lokalizacja przechowywania:","options_userNotes_syncedStorage":"Pamięć synchronizowana/lokalna","options_userNotes_local":"Lokalna baza danych","options_inventoryNavText":"Wyświetlaj zaawansowane opcje nawigacji po stronach ekwipunku","options_marketTotal":"Wyświetlaj podsumowanie transakcji na rynku","options_lowestpriceCoupon":"Uwzględniaj kody rabatowe przy porównywaniu cen","options_general":"Ogólne","options_apppage":"Strona aplikacji","options_market":"Rynek","options_inventory":"Ekwipunek","options_profile":"Profil","options_group":"Grupy","options_friendActivity":"Strona aktywności znajomych","options_groupLinks":"Wyświetlaj odnośniki do grup na:","options_showLanguagewarning":"Wyświetlaj ostrzeżenie przy przeglądaniu Sklepu Steam w języku innym niż:","options_homepage":"Strona główna","options_homepageDefaultTab":"Domyślna zakładka na stronie głównej:","options_homepageDefaultTabRemember":"Pamiętaj poprzednią","options_homepageDefaultTabNewreleases":"Popularne nowości","options_homepageDefaultTabTopsellers":"Bestsellery","options_homepageDefaultTabUpcoming":"Popularne nadchodzące","options_homepageDefaultTabSpecials":"Oferty specjalne","options_wishlist":"Tytuły na twojej liście życzeń","options_addAnotherRegion":"Dodaj","options_skipGotSteam":"Nie pokazuj okna „Posiadasz Steam?”","options_storeGeneralThirdparty":"Opcje do uzyskiwania informacji ze stron zewnętrznych","options_purchaseDates":"Wyświetlaj datę zakupu","options_showBadgeProgress":"Wyświetlaj postęp odznaki","options_showCoupon":"Wyświetlaj informacje o dostępnych kuponach","options_showWishlistLink":"Wyświetlaj odnośnik do listy życzeń na stronach profili","options_showWishlistCount":"Wyświetlaj liczbę tytułów na liście życzeń","options_profileShowcaseTwitch":"Dodawaj gablotę Twitch.tv, jeśli gdzieś na profilu znajduje się odnośnik do konta na Twitch.tv","options_profileShowcaseOwnTwitch":"... w tym na moim profilu","options_profileShowcaseTwitchProfileonly":"... tylko gdy odnośnik znajduje się w informacjach o profilu","options_lang_english":"angielski","options_lang_brazilian":"portugalski brazylijski","options_lang_bulgarian":"bułgarski","options_lang_czech":"czeski","options_lang_danish":"duński","options_lang_dutch":"holenderski","options_lang_finnish":"fiński","options_lang_french":"francuski","options_lang_greek":"grecki","options_lang_german":"niemiecki","options_lang_hungarian":"węgierski","options_lang_italian":"włoski","options_lang_japanese":"japoński","options_lang_koreana":"koreański","options_lang_norwegian":"norweski","options_lang_polish":"polski","options_lang_portuguese":"portugalski","options_lang_russian":"rosyjski","options_lang_romanian":"rumuński","options_lang_schinese":"chiński uproszczony","options_lang_spanish":"hiszpański","options_lang_latam":"hiszpański latynoamerykański","options_lang_swedish":"szwedzki","options_lang_tchinese":"chiński tradycyjny","options_lang_thai":"tajski","options_lang_turkish":"turecki","options_lang_ukrainian":"ukraiński","options_lang_vietnamese":"wietnamski","options_addCustomLink":"Dodaj niestandardowy odnośnik","options_autoDetect":"Wykryj automatycznie","options_addToWaitlist":"Wyświetlaj listę rozwijaną „Dodaj do listy oczekujących” na stronach aplikacji","options_collectionBannerNotOwned":"Only show In Collection banner when I don't own the game on Steam","options_maintainers":"Patroni projektu","options_withHelpOf":"z dużą pomocą naszych __contributors__","options_contributors":"super współautorów","options_aboutDesc":"Augmented Steam to rozwidlenie dodatku Enhanced Steam.","options_aboutDescLinks":"Odwiedź __website__ dodatku lub nasz serwer __discord__, aby uzyskać więcej informacji.","options_footerFork":"a fork by IsThereAnyDeal","options_footerAuthor":"original author jshackles","ready_loading":"Wczytywanie danych Augmented Steam...","ready_ready":"Augmented Steam jest gotowy","ready_failed":"Liczba żądań zakończonych niepowodzeniem: __amount__. Sprawdź konsolę przeglądarki, by uzyskać więcej informacji.","ready_serverOutage":"Serwery Augmented Steam są w tej chwili przeciążone","twitch_nowStreaming":"__username__ właśnie streamuje na Twitchu","twitch_viewers":"widzów","dlcSelect_wishlistedDlc":"Zaznacz DLC z listy życzeń","dlcSelect_none":"Odznacz wszystkie","dlcSelect_unownedDlc":"Zaznacz nieposiadane DLC","tag_wishlist":"Na liście życzeń","tag_coupon":"Kupon","tag_invGift":"Prezent","tag_invGuestpass":"Klucz tymczasowy","tag_owned":"Posiadane","tag_notinterested":"Ignorowane","tag_ignoredOwned":"Ignorowane (posiadane)","tag_collection":"W kolekcji","tag_waitlist":"Na liście oczekujących","wallet_customAmount":"Dodaj własną kwotę","wallet_customAmountText":"Kwota przekraczająca __minamount__","wallet_customGiftcard":"Wybierz kartę podarunkową o wartości __input__","wsgf_incomplete":"Niekompletne","wsgf_unsupported":"Taki wynik otrzymują gry nieposiadające wsparcia __type__.  Taka gra może nie nadawać się do gry w __type__ albo obraz może zostać rozciągnięty tak, by pasował do ekranu.  Właściwe proporcje obrazu nie są zachowane.","wsgf_gold":"Taki wynik otrzymują gry, których wsparcie __type__ uzyskało od WSGF ocenę doskonałą, co potwierdza Certyfikat __type__.","wsgf_silver":"Taki wynik otrzymują gry, których wsparcie __type__ uzyskało ocenę B.  Takie gry nie wykazują znacznych problemów, ale mają przynajmniej jedną skazę uniemożliwiającą uznanie wsparcia __type__ za doskonałe.","wsgf_limited":"Taki wynik otrzymują gry, których wsparcie __type__ uzyskało ocenę C.  Takie gry wykazują pewien stopień wsparcia __type__, ale napotyka się istotne problemy.","wsgf_certifications":"Certyfikaty panoramiczne WSGF","itad_enableSyncLibrary":"Enable library sync","itad_enableSyncWishlist":"Enable wishlist sync","itad_import":"Okresowe importowanie:","itad_lastImport":"Last import","itad_from":"from ITAD","itad_to":"to ITAD","itad_syncNow":"Synchronizuj teraz","itad_info_itadSteam":"Połączenie Augmented Steam z IsThereAnyDeal pozwoli ci użyć podświetlania i oznaczania gier na twojej liście życzeń i w kolekcji, nawet jeżeli nie masz ich dodanych na platformie Steam.","itad_info_steamItad":"Co więcej, umożliwia importowanie gier z biblioteki Steam i/lub listy życzeń do IsThereAnyDeal, aby zwiększyć dokładność (np. DLC lub gry niepubliczne). Obecnie ta funkcja może tylko dodawać tytuły, a nie je usuwać, więc nie zastępuje zintegrowanej synchronizacji IsThereAnyDeal, ale jest dodatkiem do niej.","tradeoffer_numItem":"__num__ przedmiot","tradeoffer_numItems":"__num__ przedmioty(-ów)","tradeoffer_back":"Wróć do ofert wymiany","update_dontShow":"Nie pokazuj ponownie","update_updated":"Augmented Steam został zaktualizowany do wersji __version__","update_changes":"Zobacz pełną listę zmian na GitHub","register_success":"Pomyślnie aktywowano __gamename__","register_owned":"Na tym koncie Steam zarejestrowany jest już produkt zawarty w tej ofercie.","register_notavail":"Przepraszamy, ale zakupienie tego produktu nie jest możliwe w tym kraju. Twój klucz produktu nie został wykorzystany.","register_invalid":"Podany klucz produktu jest niepoprawny. Sprawdź, czy wszystkie znaki zostały poprawnie wpisane.","register_already":"Podany klucz produktu został już aktywowany na innym koncie Steam.","register_dlc":"Wprowadzony klucz produktu wymaga posiadania innego produktu w celu umożliwienia aktywacji.","register_wallet":"Wprowadzony kod pochodzi z karty podarunkowej Steam lub kodu Portfela Steam.","register_toomany":"Odnotowaliśmy zbyt wiele prób aktywacji z tego konta w ostatnim czasie. Spróbuj użyć swojego klucza produktu później.","register_default":"Wystąpił nieoczekiwany błąd. Twój klucz produktu nie został wykorzystany. Poczekaj 30 minut i spróbuj aktywować klucz ponownie.","wl_label":"statystyki","wl_totalPrice":"bieżąca wartość","wl_inWishlist":"na liście życzeń","wl_onSale":"w promocji","wl_noPrice":"bez ceny","wl_hidden":"ukryte aplikacje","wl_hiddenTooltip":"Aplikacje, które zostały usunięte lub ukryte i nie są dłużej widoczne na listach życzeń. Kliknij, aby wyświetlić więcej informacji.","wl_removeTitle":"Usunąć ten tytuł z listy życzeń?","wl_removeConfirm":"Czy na pewno chcesz usunąć „appid __appid__” ze swojej listy życzeń?","wl_removeConfirmWarn":"Nie będzie można dodać go ponownie!","coll_totalTime":"całkowity czas","coll_inCollection":"w bibliotece","coll_played":"uruchamiane","coll_neverPlayed":"nieuruchamiane","userNote_add":"Dodaj notatkę","userNote_update":"Zaktualizuj notatkę","userNote_addForGame":"Notatka dla __gamename__","userNote_notEnoughSpace":"Za mało miejsca, aby zapisać notatkę","userNote_notEnoughSpaceDesc":"Augmented Steam nie może zapisać więcej notatek użytkownika, ponieważ używana lokalizacja przechowywania nie pozwala na zapisanie większej ilości danych (próba wykorzystania ~__perc__% pojemności pamięci).","userNote_closeOnStorage":"Zaczyna ci brakować miejsca","userNote_closeOnStorageDesc":"Augmented Steam jest bliski braku możliwości zapisywania kolejnych notatek użytkownika (~__perc__% wykorzystania pamięci) przy używaniu obecnej lokalizacji przechowywania.","userNote_storageWarningDesc":"Możesz wybrać przechowywanie notatek użytkownika w lokalnej bazie danych (bez synchronizacji) lub kontynuować korzystanie z metody przechowywania udostępnionej w przeglądarce (gdzie nowe notatki można dodawać tylko po usunięciu niektórych starszych).","userNote_saveSyncedStorage":"Kontynuuj korzystanie z pamięci zsynchronizowanej","userNote_saveLocal":"Przechowuj notatki lokalnie","userNote_syncOption":"Sync notes automatically","userNote_syncInfo_1":"You can sync your notes between Augmented Steam and IsThereAnyDeal. If you enable automatic sync, notes will be periodically fetched from ITAD. Edits via Augmented Steam will be mirrored to ITAD immediately.","userNote_syncInfo_2":"You can also manually push or pull notes between Augmented Steam and IsThereAnyDeal. We advise you to do so before enabling automatic sync, to ensure the correct version of the note is used, in case you have different notes stored for the same game.","userNote_syncInfo_3":"You can see all your notes stored in the Notes and Tags section on IsThereAnyDeal.","userNote_syncButtonPush":"Push notes to\nIsThereAnyDeal","userNote_syncButtonPull":"Pull notes from\nIsThereAnyDeal","userNote_syncPulled":"__n__ note(s) were pulled from IsThereAnyDeal","userNote_syncPushed":"__n__ note(s) were pushed to IsThereAnyDeal","userNote_syncFailed":"__n__ note(s) failed to sync","userNote_syncError":"Your note failed to sync","userNote_syncErrorEmpty":"Note is empty","userNote_syncErrorUnknown":"ITAD does not know this game","userNote_syncErrorLength":"Note is too long (__length__, max: __max__)","queue_new":"Nowa kolejka","queue_newTooltip":"Usuń ten produkt ze swojej kolejki i wygeneruj nową.","workshop_workshop":"Warsztat","workshop_subscriptions":"Subskrypcje","workshop_subscribeAll":"Zasubskrybuj wszystkie","workshop_subscribeConfirm":"Czy na pewno chcesz zasubskrybować wszystkie znalezione przedmioty (__count__)?","workshop_subscribeLoading":"Trwa subskrybowanie przedmiotów (__i__/__count__), proszę czekać...","workshop_unsubscribeAll":"Anuluj wszystkie subskrypcje","workshop_unsubscribeConfirm":"Czy na pewno chcesz anulować subskrypcję wszystkich znalezionych przedmiotów (__count__)?","workshop_unsubscribeLoading":"Trwa anulowanie subskrypcji przedmiotów (__i__/__count__), proszę czekać...","workshop_finished":"Gotowe! Zakończone powodzeniem: __success__, zakończone niepowodzeniem: __fail__. Kliknij przycisk „OK”, by odświeżyć stronę","workshop_failed":"Zakończone niepowodzeniem: __n__","originalAuthors":"Pierwotni autorzy","acknowledgements":"Podziękowania","countries_ad":"Andora","countries_ae":"Zjednoczone Emiraty Arabskie","countries_af":"Afganistan","countries_ag":"Antigua i Barbuda","countries_ai":"Anguilla","countries_al":"Albania","countries_am":"Armenia","countries_an":"Antyle Holenderskie","countries_ao":"Angola","countries_ar":"Argentyna","countries_as":"Samoa Amerykańskie","countries_at":"Austria","countries_au":"Australia","countries_aw":"Aruba","countries_az":"Azerbejdżan","countries_ba":"Bośnia i Hercegowina","countries_bb":"Barbados","countries_bd":"Bangladesz","countries_be":"Belgia","countries_bf":"Burkina Faso","countries_bg":"Bułgaria","countries_bh":"Bahrajn","countries_bi":"Burundi","countries_bj":"Benin","countries_bm":"Bermudy","countries_bn":"Brunei Darussalam","countries_bo":"Boliwia","countries_br":"Brazylia","countries_bs":"Bahamy","countries_bt":"Bhutan","countries_bv":"Wyspa Bouveta","countries_bw":"Botswana","countries_by":"Białoruś","countries_bz":"Belize","countries_ca":"Kanada","countries_cd":"Kongo-Kinszasa","countries_cf":"Republika Środkowoafrykańska","countries_cg":"Kongo-Brazzaville","countries_ch":"Szwajcaria","countries_ci":"Wybrzeże Kości Słoniowej","countries_ck":"Wyspy Cooka","countries_cl":"Chile","countries_cm":"Kamerun","countries_cn":"Chiny","countries_co":"Kolumbia","countries_cr":"Kostaryka","countries_cu":"Kuba","countries_cv":"Wyspy Zielonego Przylądka","countries_cy":"Cypr","countries_cz":"Czechy","countries_de":"Niemcy","countries_dj":"Dżibuti","countries_dk":"Dania","countries_dm":"Dominika","countries_do":"Dominikana","countries_dz":"Algieria","countries_ec":"Ekwador","countries_ee":"Estonia","countries_eg":"Egipt","countries_eh":"Sahara Zachodnia","countries_er":"Erytrea","countries_es":"Hiszpania","countries_et":"Etiopia","countries_fi":"Finlandia","countries_fj":"Fidżi","countries_fk":"Falklandy","countries_fm":"Mikronezja","countries_fo":"Wyspy Owcze","countries_fr":"Francja","countries_ga":"Gabon","countries_gb":"Wielka Brytania","countries_gd":"Grenada","countries_ge":"Gruzja","countries_gf":"Gujana Francuska","countries_gg":"Guernsey","countries_gh":"Ghana","countries_gi":"Gibraltar","countries_gl":"Grenlandia","countries_gm":"Gambia","countries_gn":"Gwinea","countries_gp":"Gwadelupa","countries_gq":"Gwinea Równikowa","countries_gr":"Grecja","countries_gs":"Georgia Południowa","countries_gt":"Gwatemala","countries_gu":"Guam","countries_gw":"Gwinea Bissau","countries_gy":"Gujana","countries_hk":"Hongkong","countries_hm":"Wyspy Heard i McDonalda","countries_hn":"Honduras","countries_hr":"Chorwacja","countries_ht":"Haiti","countries_hu":"Węgry","countries_id":"Indonezja","countries_ie":"Irlandia","countries_il":"Izrael","countries_im":"Wyspa Man","countries_in":"Indie","countries_io":"Brytyjskie Terytorium Oceanu Indyjskiego","countries_iq":"Irak","countries_ir":"Iran","countries_is":"Islandia","countries_it":"Włochy","countries_je":"Jersey","countries_jm":"Jamajka","countries_jo":"Jordania","countries_jp":"Japonia","countries_ke":"Kenia","countries_kg":"Kirgistan","countries_kh":"Kambodża","countries_ki":"Kiribati","countries_km":"Komory","countries_kn":"Saint Kitts i Nevis","countries_kp":"Korea Północna","countries_kr":"Korea Południowa","countries_kw":"Kuwejt","countries_ky":"Kajmany","countries_kz":"Kazachstan","countries_la":"Laos","countries_lb":"Liban","countries_lc":"Saint Lucia","countries_li":"Liechtenstein","countries_lk":"Sri Lanka","countries_lr":"Liberia","countries_ls":"Lesotho","countries_lt":"Litwa","countries_lu":"Luksemburg","countries_lv":"Łotwa","countries_ly":"Libia","countries_ma":"Maroko","countries_mc":"Monako","countries_md":"Mołdawia","countries_me":"Czarnogóra","countries_mg":"Madagaskar","countries_mh":"Wyspy Marshalla","countries_mk":"Macedonia","countries_ml":"Mali","countries_mm":"Mjanma (Birma)","countries_mn":"Mongolia","countries_mo":"Makau","countries_mp":"Mariany Północne","countries_mq":"Martynika","countries_mr":"Mauretania","countries_ms":"Montserrat","countries_mt":"Malta","countries_mu":"Mauritius","countries_mv":"Malediwy","countries_mw":"Malawi","countries_mx":"Meksyk","countries_my":"Malezja","countries_mz":"Mozambik","countries_na":"Namibia","countries_nc":"Nowa Kaledonia","countries_ne":"Niger","countries_nf":"Wyspa Norfolk","countries_ng":"Nigeria","countries_ni":"Nikaragua","countries_nl":"Holandia","countries_no":"Norwegia","countries_np":"Nepal","countries_nr":"Nauru","countries_nu":"Niue","countries_nz":"Nowa Zelandia","countries_om":"Oman","countries_pa":"Panama","countries_pe":"Peru","countries_pf":"Polinezja Francuska","countries_pg":"Papua-Nowa Gwinea","countries_ph":"Filipiny","countries_pk":"Pakistan","countries_pl":"Polska","countries_pm":"Saint-Pierre i Miquelon","countries_pn":"Pitcairn","countries_pr":"Portoryko","countries_ps":"Terytoria palestyńskie","countries_pt":"Portugalia","countries_pw":"Palau","countries_py":"Paragwaj","countries_qa":"Katar","countries_re":"Reunion","countries_ro":"Rumunia","countries_rs":"Serbia","countries_ru":"Rosja","countries_rw":"Rwanda","countries_sa":"Arabia Saudyjska","countries_sb":"Wyspy Salomona","countries_sc":"Seszele","countries_sd":"Sudan","countries_se":"Szwecja","countries_sg":"Singapur","countries_sh":"Święta Helena","countries_si":"Słowenia","countries_sk":"Słowacja","countries_sl":"Sierra Leone","countries_sm":"San Marino","countries_sn":"Senegal","countries_so":"Somalia","countries_sr":"Surinam","countries_st":"Wyspy Świętego Tomasza i Książęca","countries_sv":"Salwador","countries_sy":"Syria","countries_sz":"Eswatini","countries_tc":"Turks i Caicos","countries_td":"Czad","countries_tf":"Francuskie Terytoria Południowe i Antarktyczne","countries_tg":"Togo","countries_th":"Tajlandia","countries_tj":"Tadżykistan","countries_tk":"Tokelau","countries_tl":"Timor Wschodni","countries_tm":"Turkmenistan","countries_tn":"Tunezja","countries_to":"Tonga","countries_tr":"Turcja","countries_tt":"Trynidad i Tobago","countries_tv":"Tuvalu","countries_tw":"Tajwan","countries_tz":"Tanzania","countries_ua":"Ukraina","countries_ug":"Uganda","countries_um":"Dalekie Wyspy Mniejsze Stanów Zjednoczonych","countries_us":"Stany Zjednoczone","countries_uy":"Urugwaj","countries_uz":"Uzbekistan","countries_va":"Watykan","countries_vc":"Saint Vincent i Grenadyny","countries_ve":"Wenezuela","countries_vg":"Brytyjskie Wyspy Dziewicze","countries_vi":"Wyspy Dziewicze Stanów Zjednoczonych","countries_vn":"Wietnam","countries_vu":"Vanuatu","countries_wf":"Wallis i Futuna","countries_ws":"Samoa","countries_ye":"Jemen","countries_yt":"Majotta","countries_za":"Republika Południowej Afryki","countries_zm":"Zambia","countries_zw":"Zimbabwe"}}