{"stats":{"strings":812,"translated":778},"strings":{"deleteCommentPrompt":"Tem certeza de que deseja excluir este comentário?","downloadDemoHeader":"Baixar demonstração de __gamename__","deckCompat_header":"Compatibilidade com o Steam Deck","deckCompat_unknown":"Desconhecido","deckCompat_unsupported":"Incompatível","deckCompat_playable":"Jogável","deckCompat_verified":"Aprovado","featureHint_desc":"Deseja ativar o seguinte recurso?","featureHint_reminder":"Você pode alterar as suas preferências por meio da página de opções mais tarde.","thewordyes":"Sim","thewordno":"Não","theworderror":"Erro","noData":"Sem dados","toomanyrequests":"Excesso de Solicitações","showComments":"Exibir comentários","hideComments":"Ocultar comentários","thewordunknown":"Unknown","calcWorkshopSize_fileSize":"Tamanho: __size__","calcWorkshopSize_calcSize":"Calcular tamanho total","calcWorkshopSize_calcLoading":"Calculando __i__/__count__ items da workshop, aguarde, por favor...","calcWorkshopSize_calcFinished":"Terminado! __success__/__total__ items calculados com sucesso.","calcWorkshopSize_totalSize":"Tamanho total: __size__","cart":"Carrinho","inCart":"No Carrinho","steamidOfUser":"ID Steam de __user__","copied":"Copiado!","viewSteamid":"Ver ID Steam","moreOnSteampeek":"Ver mais no SteamPeek","date":"Data","rating":"Classificação","helpful":"Útil","funny":"Engraçada","length":"Tamanho","visibility":"Visibilidade","processing":"Processando...","wait":"Aguarde","inviteFriends":"Convidar amigos","inviteToGroup":"Convidar para grupo","inverse":"Inverter seleção","transactionStatus":"Falha em __failed__ solicitação(ões). Foram recuperadas __size__ of__total__ transações.","customTags":"Marcadores personalizados","addTag":"Adicionar marcador","enterTag":"Insira o marcador personalizado a ser adicionado","status":"Estado:","connect":"Conectar","connected":"conectado","disconnect":"Desconectar","disconnected":"desconectado","oneclickgoo":"Transformar em gemas com 1 clique...","viewInLibrary":"Ver na biblioteca","support":"Suporte","email":"E-mail","contact":"Contato","favEmoticonsDragging":"Arraste emoticons aqui para adicioná-los aos favoritos","favEmoticonsNoAccess":"Você não tem acesso a este emoticon","postHistory":"Ver histórico de publicações","addNickname":"Adicionar apelido","totalSize":"Tamanho total","dlcDetails":"Detalhes do conteúdo adicional","badgeNotUnlocked":"Não destravada","badgeLevel":"Level __level__","each":"cada","viewInMarket":"Ver no Mercado da Comunidade","remove":"Remover","getHelp":"Obter ajuda","addSelectedDlcToCart":"Adicionar selec. ao carrinho","close":"Fechar","error":"Ocorreu um erro","go":"Ir","activate":"Ativar um produto","activateMultipleHeader":"Insira os códigos de produto abaixo, um por linha","activateMultiple":"Ativar vários produtos","activateProducts":"Ativar produtos","couponApplicationNote":"Um cupom do seu inventário será aplicado automaticamente ao finalizar o pedido.","hide":"Ocultar","filters":"Filtros do Augmented Steam","cardsOwned":"__owned__ de __possible__ cartas adquiridas","libraryMenu":"Biblioteca","clearCache":"Limpar dados em cache","translation":"Tradução","helpTranslate":"Ajude-nos a traduzir o Augmented Steam no POEditor","lowest":"Mais baixo","lowestPrice":"Preço mais baixo atualmente:","viewBadgeProgress":"Ver progresso da insígnia","badgeProgress":"Progresso da insígnia","salesTotal":"Total de vendas:","viewNormalBadge":"Ver progresso da insígnia normal","apppageSections":"Selecione as seções que deseja ver nesta página","website":"Site","games":"Jogos","badgeCompletionCost":"Custo para fabricar insígnia: __cost__","loading":"Carregando...","selling":"Vendendo...","quickSell":"Venda rápida por __amount__","quickSellDesc":"Diferença de preço de __modifier__ em comparação com o anúncio mais barato no Mercado Steam","instantSell":"Venda instantânea por __amount__","instantSellDesc":"O maior preço entre as encomendas atualmente listadas no Mercado Steam","quickSellVerify":"Requer confirmação do Steam Guard","startingAt":"A partir de: __price__","homepageTabs":"Abas da página inicial","store":"Loja","viewInStore":"Ver na loja","communityHub":"Central da Comunidade","viewOnWebsite":"Ver no(a) __website__","drmThirdParty":"Aviso: este título usa GDD (DRM) de terceiros __drmlist__.","hoursShort":"__hours__h","spamCommentShow":"__num__ comentários indesejados ocultos nesta página. Clique aqui para exibi-los.","addToWishlist":"Adicionar à lista de desejos","addFullgameToWishlist":"Add full game to your wishlist","addToWaitlist":"Adicionar à lista de espera","addFullgameToWaitlist":"Add full game to your Waitlist","removeFromWaitlistTooltip":"Remover da sua Lista de Espera","removeFullgameFromWaitlistTooltip":"Remove full game from your Waitlist","removeFromWishlistAndWaitlistTooltip":"Remover da sua lista de desejos e da sua Lista de Espera","removeFullgameFromWishlistAndWaitlistTooltip":"Remove full game from both your wishlist and Waitlist","language":"Idioma","theworddefault":"Padrão","thewordclear":"Limpar","couponLearnMore_linkText":"Saiba mais","couponLearnMore_fullText":"__linkdesc__ sobre Cupons Steam","show":"Exibir","showAll":"Exibir tudo","badgesAll":"Todas as insígnias","esSupporter":"Apoiador do Enhanced Steam","community":"Comunidade","ownedCollection":"__gametitle__ is already in your IsThereAnyDeal Collection","viewBadge":"Ver insígnia","purchaseTotal":"Total de compras:","viewFoilBadge":"Ver progresso da insígnia brilhante","viewAstats":"Ver página no AStats","contribute":"Colaborar (GitHub)","reviews":"Análises","readReviews":"Ler análises","readMoreReviews":"Leia mais análises em","youtubeGameplay":"Gameplay no YouTube","youtubeReviews":"Análises no YouTube","packageInfo":"Informações do pacote","badgeCompletionAvg":"Custo aprox. para fabricar: __cost__","volumeSoldLast_24":"Quantidade: __sold__ vendido(s) nas últimas 24 horas","soldLast_24":"__sold__ vendido(s) nas últimas 24 horas","homepageCurators":"Recomendações de Curadores Steam","homepageTopnewreleases":"Melhores lançamentos do Steam","homepageSidebar":"Barra lateral","dropCalc":"Clique aqui para calcular a quantidade de cartas restantes","price":"Preço","marketTransactions":"Transações no Mercado","loadMarketStats":"Carregar dados do Mercado","cardDropsRemaining":"__drops__ cartas restantes","badgesDrops":"Insígnias com cartas restantes","usingLanguageReturn":"Clique aqui para navegar o Steam em __base__.","guides":"Guias","highlight":"Destacar","save":"Salvar","view":"Modo de exibição","gameName":"Nome do jogo","notinterested":"Itens ignorados","ignoredOwned":"Games you ignored as played on different platform","searchFilters_reviewsScore_between":"Entre __lower__% e __upper_% de pontuação de análise","searchFilters_reviewsScore_any":"Qualquer pontuação de análise","searchFilters_reviewsScore_upTo":"Até __score__% de pontuação de análise","searchFilters_reviewsScore_from":"De __score__% de pontuação de análise","searchFilters_reviewsCount_count":"Total de análises:","searchFilters_reviewsCount_minCount":"Qtd. mín.","searchFilters_reviewsCount_maxCount":"Qtd. máx.","searchFilters_discountPercent_count":"Percentual de desconto:","searchFilters_discountPercent_minCount":"Percentual mínimo","searchFilters_discountPercent_maxCount":"Percentual máximo","searchFilters_hideCart":"Ocultar produtos no carrinho","searchFilters_hideEa":"Ocultar produtos em acesso antecipado","searchFilters_hideMixed":"Ocultar produtos com análises neutras","searchFilters_hideNegative":"Ocultar produtos com análises negativas","news":"Notícias","viewinclient":"Ver no cliente","customBackground":"Plano de fundo personalizado","customStyle":"Tema personalizado","customStyleHelp":"Todos os usuários do Augmented Steam verão este tema no seu perfil. Usuários que não possuem Augmented Steam não verão nenhuma alteração de tema realizada aqui.","noneselected":"Nenhum selecionado / Inalterado","mostDrops":"Mais cartas para obter","netGain":"Lucro final:","apppageRecentupdates":"Eventos e anúncios recentes","apppageEaheader":"Caixa de informações de acesso antecipado","apppageEabanner":"Banner de discussões de acesso antecipado","apppageWorkshop":"Banner da Oficina Steam","apppageGreenlight":"Banner do Steam Greenlight","apppageLegal":"Informações jurídicas","apppageFranchise":"Série","apppageMorefromfranchise":"Mais da série","bugFeature":"Relatar bug / Sugerir recurso","always":"Sempre","ratingDetails":"Ver detalhes da avaliação","dropsWorthAvg":"Valor aproximado:","familySharingNotice_notice":"Aviso:","familySharingNotice_desc":"Este título não está disponível no Compartilhamento de Biblioteca Steam.","visitStore":"Visitar a página da loja","all":"Todos","externalFunds":"Saldo externo usado","shoppingCartHistory":"Ver histórico do carrinho","manageWebapiKey":"Gerenciar chave da Web API do Steam","steamCloudHeader":"Nuvem Steam","steamCloudSaves":"Ver jogos salvos na Nuvem","gamesWithDrops":"__dropsgames__ jogos darão mais cartas","binderView":"Grade","usingLanguage":"Você está navegando o Steam em __current__.","loginWarning":"Certifique-se de ter iniciado a sessão em __link__ para poder usar todos os recursos do Augmented Steam.","visitTradeForum":"Visitar fórum de troca","purchaseDate":"(comprado em __date__)","customBackgroundHelp":"Todos os usuários do Augmented Steam verão este plano de fundo no seu perfil. Usuários que não possuem Augmented Steam verão o seu plano de fundo normal.","dateUnlocked":"Data","netSpent":"Gastos finais:","buy":"Comprar","buyPackage":"Comprar __package__","moreInformation":"Mais informações","regionUnavailable":"Indisponível nesta região","avgPrice_3cards":"Preço médio de três cartas: __price__","groups_leaveGroupsConfirm":"Tem certeza de que deseja sair dos __n__ grupos selecionados?","groups_manageGroups":"Gerenciar grupos","groups_actionGroups":"Selecione abaixo em que grupos deseja aplicar uma ação.","groups_select":"Selecionar:","groups_leave":"Sair dos grupos","groups_selected":"__n__ selecionado(s).","groups_leaveAdminConfirm_currentlyAdmin":"Você é um administrador do grupo \"__name__\".","groups_leaveAdminConfirm_wantToLeave":"Tem certeza de que deseja sair deste grupo?","export_wishlist":"Exportar lista de desejos","export_type":"Tipo de exportação","export_format":"Formatação","export_text":"Texto","export_download":"Baixar","export_copyClipboard":"Copiar p/ área de transferência","none":"Nenhum","emptyWishlist_title":"Esvaziar lista de desejos","emptyWishlist_confirm":"Are you sure you want to empty your wishlist? This action cannot be undone!","emptyWishlist_removing":"Removendo aplicativo __cur__ de __total__...","about":"Sobre","never":"Nunca","couponAvailable":"Você possui um cupom disponível!","launchRandom":"Iniciar jogo aleatório","playGame":"Jogar __gamename__?","dropsValue":"Maior preço","cardsRemain":"Menor número de cartas faltantes para completar o set","wishlist":"Lista de desejos","onWishlist":"On wishlist","onWaitlist":"Na lista de espera","onWishlistAndWaitlist":"Nas suas lista de desejos e Lista de Espera","cancel":"Cancelar","wikiArticle":"Ver artigo da __pcgw__","viewAll":"VER TODOS","gamesWithBooster":"Apto a receber pacotes bônus de __boostergames__ jogos","sortBy":"Ordenar por:","playtime":"Tempo de jogo","awards":"Premiações","year":"Ano","lastonline":"Última vez on-line","members":"Membros","name":"Nome","drmThirdPartySub":"Aviso: um ou mais títulos neste pacote usa GDD (DRM) de terceiros __drmlist__.","customize":"Personalizar","bundleSavingText":"O quanto você economiza comprando este pacote","thewordoptions":"Opções","discussions":"Discussões","pricing_lowestPrice":"Melhor atual:","pricing_historicalLow":"Histórico:","pricing_bundled":"Em pacotes:","pricing_withVoucher":"com o cupom __voucher__","pricing_store":"(__store__)","pricing_bundleCount":"__count__ vez(es)","webBrowserChat":"Conversa (navegador)","steamClientChat":"Conversa (cliente Steam)","equipOnProfile":"Equipar no Perfil","previewBackground":"Pré-visualizar plano de fundo","expandSlider":"Expandir","contractSlider":"Contrair","earlyAccess":"Acesso antecipado","tagShort":"Usar marcadores curtos para economizar espaço","noPriceData":"Não há informações de preço disponíveis","userScore":"Pontuação de usuários","marketPopularItemsToggle":"Alternar atualização em tempo real para itens populares","showProgressbar":"Exibir barra de progresso e estado do Augmented Steam","achievements_option":"Exibir conquistas alcançadas","achievements_summary":"__unlocked__ de __total__ (__percentage__%) conquistas alcançadas:","bundle_offerEnds":"A oferta acaba em","bundle_includes":"Inclui __num__ itens","bundle_tierIncludes":"__tier__ (__price__) inclui __num__ itens","bundle_tier":"Nível __num__","bundle_header":"Pacotes que incluem este jogo","bundle_info":"Informações do pacote","charts_peakall":"recorde","charts_current":"Jogadores atuais","charts_playingNow":"jogando agora","charts_peaktoday":"recorde do dia","hltb_title":"How Long to Beat","hltb_mainE":"História principal e extras","hltb_compl":"Completacionista","hltb_main":"História principal","options_friendsAndGroups":"Friends and Groups","options_friendsAppendNickname":"Append nicknames to friends' names","options_settingsMngmt_import":"Importar","options_settingsMngmt_importSuccess":"Configurações importadas com sucesso","options_settingsMngmt_importFail":"Falha ao importar configurações","options_settingsMngmt_export":"Exportar","options_settingsMngmt_reset":"Redefinir","options_showCustomThemes":"Exibir temas personalizados","options_communityDefaultTab":"Aba padrão da página inicial da comunidade","options_videos":"Videos","options_broadcasts":"Transmissões","options_artwork":"Artes","options_screenshots":"Capturas de tela","options_showBacktotop":"Exibir botão para voltar ao topo em páginas longas","options_contextMenu":"Menu contextual","options_contextSteamStore":"Buscar na Loja Steam por \"__query__\"","options_contextSteamMarket":"Buscar no Mercado Steam por \"__query__\"","options_contextItad":"Buscar no IsThereAnyDeal por \"__query__\"","options_contextBartervg":"Buscar no Barter.vg por \"__query__\"","options_contextSteamdb":"Buscar no SteamDB por \"__query__\"","options_contextSteamdbInstant":"Buscar instantaneamente no SteamDB por \"__query__\"","options_contextSteamKeys":"Ativar códigos de produto Steam dentro da seleção","options_wsgf":"Exibir informações do site WSGF (Widescreen)","options_versionShow":"Exibir registro de alterações quando o Augmented Steam for atualizado","options_steamcardexchange":"Exibir links para o site SteamCardExchange em insígnias","options_regionalPrice":"Comparação de preços regionais","options_excludef2p":"Não destacar jogos gratuitos para jogar","options_profileLinkImagesNone":"Nenhum","options_profileLinks":"Exibir links em perfis para:","options_tag":"Marcar","options_icon":"Ícone","options_name":"Nome","options_showAlternativeLinuxIcon":"Exibir ícone alternativo do Linux","options_replacecommunityhublinks":"Substituir links da Central da Comunidade por links da loja","options_hideannouncementcomments":"Ocultar comentários em anúncios de grupos por padrão","options_hidetmsymbols":"Hide trademark and copyright symbols in game titles","options_metacritic":"Exibir pontuação de usuários do Metacritic","options_opencritic":"Exibir avaliações e análises do site Opencritic","options_hideactivelistings":"Ocultar todos os anúncios ativos na página inicial por padrão","options_showlowestmarketprice":"Exibir o preço mais baixo para os meus anúncios","options_clear":"Tem certeza de que deseja restaurar todas as configurações? Isso não pode ser desfeito.","options_coupon":"Itens que você possui um cupom","options_showPackageInfo":"Exibir botão \"Informações do pacote\" para todos os pacotes","options_wlbuttoncommunityapp":"Exibir botão \"Adicionar à lista de desejos\" em Centrais da Comunidade","options_removeguideslanguagefilter":"Não filtrar guias pelo idioma do usuário automaticamente","options_confirmdeletecomment":"Perguntar antes de excluir um comentário","options_disablelinkfilter":"Desativar confirmação ao acessar sites externos","options_regionalPriceOn":"Exibir comparação de preços regionais","options_horizontalscrolling":"Ativar rolagem horizontal com a roda do mouse","options_supportinfo":"Exibir informações de suporte","options_drm":"Exibir avisos para GDD (DRM) de terceiros","options_profileLinkImages":"Estilo das imagens dos links de perfis e de grupos","options_show1clickgoo":"Pular confirmação ao transformar itens em gemas","options_hltb":"Exibir informações do site HowLongToBeat.com","options_hidespamcomments":"Ocultar comentários de spam em perfis e nos itens da Oficina","options_gift":"Itens que você possui uma cópia de presente","options_regionalPriceMouse":"Ao passar o mouse por cima do preço","options_lowestpriceHeader":"Informações de histórico de preços","options_storesAll":"Comparar todas as lojas","options_viewInCurrency":"Moeda:","options_showEarlyAccess":"Exibir faixas de acesso antecipado","options_profileLinkImagesGray":"Acinzentado","options_quickinv":"Exibir botões de venda rápida nos itens da Comunidade Steam","options_quickinvDiff":"Modificador de venda rápida:","options_sendAgeInfo":"Enviar verificação de idade e pular avisos de conteúdo adulto automaticamente","options_showdeckcompat":"Exibir categorias de compatibilidade com o Steam Deck na lista de recursos do jogo (e buscar dados quando indisponíveis)","options_removebroadcasts":"Remover completamente qualquer transmissão ao vivo","options_exfgls":"Exibir um aviso se o aplicativo não estiver disponível no Compartilhamento de Biblioteca Steam","options_mp4video":"Forçar o uso do formato MP4 em vídeos","options_youtube":"Exibir links do YouTube","options_twitch":"Exibir links da Twitch","options_pcgw":"Exibir links para o site PCGamingWiki","options_completionistme":"Exibir links para o site Completionist.me","options_protondb":"Exibir links para o site ProtonDB","options_storeSteamcards":"Exibir links para o site SteamCardExchange","options_spamcommentregex":"String de expressão regular:","options_regionalHideworld":"Ocultar indicador de globo","options_showAstatslink":"Exibir links para o site AStats","options_showYoutubegameplay":"Exibir links de \"Gameplay no YouTube\"","options_showYoutubereviews":"Exibir links de \"Análises no YouTube\"","options_openinnewtab":"Abrir links externos em uma nova guia","options_showbartervg":"Exibir links para o site Barter.vg","options_guest":"Itens que você possui um passe de convidado","options_collection":"Itens na sua coleção do ITAD","options_waitlist":"Itens na sua lista de espera do ITAD","options_showPlayersInfo":"Show player count information","options_showallstats":"Exibir dados de tempo de jogo na página \"Todos os jogos\"","options_lowestpriceOnwishlist":"Exibir na lista de desejos ao passar o mouse por cima","options_steamrepapi":"Exibir estado do SteamRep","options_profileSteamid":"Exibir um link para ver IDs Steam","options_profilePinnedBg":"Afixar o plano de fundo do perfil ao rolar a página","options_lowestprice":"Exibir em páginas de aplicativos","options_owned":"Itens que você possui","options_itadlinks":"Exibir links para o site IsThereAnyDeal","options_steamdb":"Exibir links para o site SteamDB","options_profileLinkImagesColor":"Colorido","options_showViewInLibrary":"Exibir botão \"Ver na biblioteca\"","options_installSteamButton":"Botão \"Instale o Steam\"","options_replaceViewClient":"Substituir por \"Ver no cliente\"","options_showEmptyWishlist":"Exibir botão \"Esvaziar lista de desejos\"","options_showWishlistStats":"Exibir dados da lista de desejos","options_oneclickremovewl":"Pular confirmação ao remover itens","options_userNotes_userNotes":"Observações de usuários","options_userNotes_app":"Em páginas de aplicativos","options_userNotes_wishlist":"Na minha lista de desejos","options_userNotes_loc":"Local de armazenamento","options_userNotes_syncedStorage":"Armazenamento sincronizado/local","options_userNotes_local":"Banco de dados local","options_inventoryNavText":"Exibir navegação avançada no inventário","options_marketTotal":"Exibir o resumo de transações no Mercado automaticamente","options_lowestpriceCoupon":"Incluir cupons na comparação de preços","options_general":"Geral","options_apppage":"Página de aplicativo","options_market":"Mercado","options_inventory":"Inventário","options_profile":"Perfil","options_group":"Grupo","options_friendActivity":"Atividade dos amigos","options_groupLinks":"Exibir links em grupos para:","options_showLanguagewarning":"Exibir aviso caso esteja navegando em um idioma que não seja","options_homepage":"Página","options_homepageDefaultTab":"Página inicial padrão","options_homepageDefaultTabRemember":"Lembrar anterior","options_homepageDefaultTabNewreleases":"Lançamentos populares","options_homepageDefaultTabTopsellers":"Mais vendidos","options_homepageDefaultTabUpcoming":"Em breve","options_homepageDefaultTabSpecials":"Ofertas","options_wishlist":"Itens na lista de desejos","options_addAnotherRegion":"Adicionar","options_skipGotSteam":"Pular a janela \"Você tem o Steam?\"","options_storeGeneralThirdparty":"Opções para informações de sites de terceiros","options_purchaseDates":"Exibir data da compra","options_showBadgeProgress":"Exibir progresso da insígnia","options_showCoupon":"Exibir Cupons Steam usáveis","options_showWishlistLink":"Exibir um link para a lista de desejos na coluna à direita","options_showWishlistCount":"Exibir o número de itens na lista de desejos","options_profileShowcaseTwitch":"Exibir um painel para a Twitch.tv se houver um link","options_profileShowcaseOwnTwitch":"Incluir o meu próprio perfil","options_profileShowcaseTwitchProfileonly":"Somente se o link estiver no resumo do perfil","options_lang_english":"Inglês","options_lang_brazilian":"Português (Brasil)","options_lang_bulgarian":"Búlgaro","options_lang_czech":"Tcheco","options_lang_danish":"Dinamarquês","options_lang_dutch":"Holandês","options_lang_finnish":"Finlandês","options_lang_french":"Francês","options_lang_greek":"Grego","options_lang_german":"Alemão","options_lang_hungarian":"Húngaro","options_lang_italian":"Italiano","options_lang_japanese":"Japonês","options_lang_koreana":"Coreano","options_lang_norwegian":"Norueguês","options_lang_polish":"Polonês","options_lang_portuguese":"Português (Portugal)","options_lang_russian":"Russo","options_lang_romanian":"Romeno","options_lang_schinese":"Chinês simplificado","options_lang_spanish":"Espanhol (Espanha)","options_lang_latam":"Espanhol (América Latina)","options_lang_swedish":"Sueco","options_lang_tchinese":"Chinês tradicional","options_lang_thai":"Tailandês","options_lang_turkish":"Turco","options_lang_ukrainian":"Ucraniano","options_lang_vietnamese":"Vietnamita","options_addCustomLink":"Adicionar link personalizado","options_autoDetect":"Detectar automaticamente","options_addToWaitlist":"Exibir botão \"Adicionar à lista de espera\" em páginas de aplicativos","options_collectionBannerNotOwned":"Only show In Collection banner when I don't own the game on Steam","options_maintainers":"Mantenedores do projeto","options_withHelpOf":"com muita ajuda dos nossos __contributors__","options_contributors":"maravilhosos contribuidores","options_aboutDesc":"O Augmented Steam é um fork da extensão Enhanced Steam.","options_aboutDescLinks":"Visitar o __website__ da extensão ou o nosso __discord__ para mais informações.","options_footerFork":"Um fork feito pela IsThereAnyDeal","options_footerAuthor":"Autor original: jshackles","ready_loading":"Carregando dados do Augmented Steam...","ready_ready":"Augmented Steam pronto","ready_failed":"__amount__ solicitação(ões) falhou(aram), verifique o console do navegador para mais informações","ready_serverOutage":"Os servidores do Augmented Steam estão sobrecarregados no momento","twitch_nowStreaming":"__username__ está ao vivo na Twitch","twitch_viewers":"Espectadores","dlcSelect_wishlistedDlc":"Selecionar desejados","dlcSelect_none":"Selecionar nenhum","dlcSelect_unownedDlc":"Selecionar ainda não comprados","tag_wishlist":"Desejado","tag_coupon":"Cupom","tag_invGift":"Presente","tag_invGuestpass":"Passe","tag_owned":"Na conta","tag_notinterested":"Ignorado","tag_ignoredOwned":"Ignored (owned)","tag_collection":"Na coleção","tag_waitlist":"Na lista de espera","wallet_customAmount":"Adicionar quantia personalizada","wallet_customAmountText":"Adicione qualquer quantia acima de __minamount__","wallet_customGiftcard":"Selecionar vale-presente personalizado de __input__","wsgf_incomplete":"Incompleto","wsgf_unsupported":"Esta pontuação é dada a jogos que não possuem compatibilidade com __type__. O jogo pode não ser jogado no modo __type__ ou a imagem é estendida para preencher a janela. A proporção correta não é mantida.","wsgf_gold":"Esta medalha é dada a jogos que receberam pontuações perfeitas do WSGF pela sua compatibilidade e certificação com __type__.","wsgf_silver":"Esta medalha é dada a jogos que receberam uma nota final B pela sua compatibilidade com __type__. Todos os jogos com esta nota não possuem grandes problemas, mas pode haver um detalhe que impede uma pontuação perfeita.","wsgf_limited":"Esta medalha é dada a jogos que receberam uma nota final C pela sua compatibilidade com __type__. Todos os jogos com esta nota possuem algum tipo de compatibilidade com __type__, mas têm problemas significativos.","wsgf_certifications":"Certificações de Widescreen do WSGF","itad_enableSyncLibrary":"Enable library sync","itad_enableSyncWishlist":"Enable wishlist sync","itad_import":"Importar periodicamente:","itad_lastImport":"Last import","itad_from":"from ITAD","itad_to":"to ITAD","itad_syncNow":"Sincronizar","itad_info_itadSteam":"Conectar Augmented Steam com IsThereAnyDeal permite que você aplique os destaques e as marcações do Augmented Steam aos jogos da sua lista de espera e à sua Coleção, mesmo que não os possua no Steam.","itad_info_steamItad":"Além disso, também permite que você importe jogos da sua Biblioteca Steam e/ou lista de desejos para o IsThereAnyDeal, para uma melhor precisão (como conteúdos adicionais ou jogos não listados). Atualmente, essa ferramenta somente pode adicionar jogos, não removê-los, então não é um substituto para a sincronização integrada do IsThereAnyDeal, mas sim uma adição.","tradeoffer_numItem":"__num__ item","tradeoffer_numItems":"__num__ itens","tradeoffer_back":"Voltar às ofertas de troca","update_dontShow":"Não exibir novamente","update_updated":"O Augmented Steam foi atualizado para a versão __version__","update_changes":"Ver todas as alterações no GitHub","register_success":"__gamename__ ativado com sucesso","register_owned":"Esta conta Steam já possui o(s) produto(s) contido(s) nesta oferta.","register_notavail":"Lamentamos, mas esse produto não está disponível para compra neste país. O código de produto não foi ativado.","register_invalid":"O código de produto inserido não é válido. Verifique se você o digitou corretamente.","register_already":"O código de produto inserido já foi ativado por uma outra conta Steam.","register_dlc":"O código de produto inserido requer que você tenha outro produto antes desta ativação.","register_wallet":"O código inserido é de um vale-presente Steam ou da Carteira Steam","register_toomany":"Houve muitas tentativas de ativação realizadas a partir desta conta ou deste endereço IP. Aguarde e tente novamente mais tarde.","register_default":"Ocorreu um erro inesperado. O código de produto não foi ativado. Tente ativá-lo novamente daqui a 30 minutos.","wl_label":"estatísticas","wl_totalPrice":"preço atual","wl_inWishlist":"na lista de desejos","wl_onSale":"em oferta","wl_noPrice":"sem preço","wl_hidden":"Aplicativos ocultos","wl_hiddenTooltip":"Aplicativos que foram removidos/desinstalados e não são visíveis em listas de desejos. Clique para mais detalhes.","wl_removeTitle":"Remover esse item da sua lista de desejos?","wl_removeConfirm":"Tem certeza de que quer remover 'appid __appid__' da sua lista de desejos?","wl_removeConfirmWarn":"Não poderá ser re-adicionado depois!","coll_totalTime":"tempo total","coll_inCollection":"na coleção","coll_played":"jogados","coll_neverPlayed":"não jogados","userNote_add":"Adicionar observação","userNote_update":"Modificar observação","userNote_addForGame":"Observação para __gamename__","userNote_notEnoughSpace":"Não há espaço suficiente para salvar a observação","userNote_notEnoughSpaceDesc":"O Augmented Steam não pode mais salvar nenhuma observação de usuário já que o adaptador de armazenamento usado não permite que mais nenhum dado seja salvo (tentando usar ~__perc__% da capacidade de armazenamento).","userNote_closeOnStorage":"O seu armazenamento está quase cheio","userNote_closeOnStorageDesc":"O Augmented Steam está próximo de não poder salvar mais nenhuma observação de usuário (~__perc__% de armazenamento usado) com o seu adaptador de armazenamento atual.","userNote_storageWarningDesc":"Você pode escolher salvar as suas observações de usuário em um banco de dados local (sem sincronização) ou continuar a usar o método de armazenamento fornecido pelo seu navegador (onde novas observações só podem ser adicionadas ao deletar algumas antigas).","userNote_saveSyncedStorage":"Continuar a usar o armazenamento sincronizado","userNote_saveLocal":"Salvar observações localmente","userNote_syncOption":"Sync notes automatically","userNote_syncInfo_1":"You can sync your notes between Augmented Steam and IsThereAnyDeal. If you enable automatic sync, notes will be periodically fetched from ITAD. Edits via Augmented Steam will be mirrored to ITAD immediately.","userNote_syncInfo_2":"You can also manually push or pull notes between Augmented Steam and IsThereAnyDeal. We advise you to do so before enabling automatic sync, to ensure the correct version of the note is used, in case you have different notes stored for the same game.","userNote_syncInfo_3":"You can see all your notes stored in the Notes and Tags section on IsThereAnyDeal.","userNote_syncButtonPush":"Push notes to\nIsThereAnyDeal","userNote_syncButtonPull":"Pull notes from\nIsThereAnyDeal","userNote_syncPulled":"__n__ note(s) were pulled from IsThereAnyDeal","userNote_syncPushed":"__n__ note(s) were pushed to IsThereAnyDeal","userNote_syncFailed":"__n__ note(s) failed to sync","userNote_syncError":"Your note failed to sync","userNote_syncErrorEmpty":"Note is empty","userNote_syncErrorUnknown":"ITAD does not know this game","userNote_syncErrorLength":"Note is too long (__length__, max: __max__)","queue_new":"Nova lista","queue_newTooltip":"Remover este produto da lista e iniciar uma nova lista.","workshop_workshop":"Oficina","workshop_subscriptions":"Inscrições","workshop_subscribeAll":"Inscrever-se em todos","workshop_subscribeConfirm":"Tem certeza de que deseja inscrever-se em todos os __count__ itens correspondentes ao filtro?","workshop_subscribeLoading":"Inscrevendo-se em __i__/__count__ itens, aguarde...","workshop_unsubscribeAll":"Cancelar todas as inscrições","workshop_unsubscribeConfirm":"Tem certeza de que deseja cancelar a inscrição de todos os __count__ itens correspondentes ao filtro?","workshop_unsubscribeLoading":"Cancelando inscrições de __i__/__count__ itens, aguarde...","workshop_finished":"Pronto! __success__ bem-sucedidos, __fail__ falharam. Clique em OK para recarregar a página","workshop_failed":"__n__ falharam","originalAuthors":"Autores originais","acknowledgements":"Agradecimentos","countries_ad":"Andorra","countries_ae":"Emirados Árabes Unidos","countries_af":"Afeganistão","countries_ag":"Antígua e Barbuda","countries_ai":"Anguila","countries_al":"Albânia","countries_am":"Arménia","countries_an":"Antilhas Neerlandesas","countries_ao":"Angola","countries_ar":"Argentina","countries_as":"Samoa Americana","countries_at":"Áustria","countries_au":"Austrália","countries_aw":"Aruba","countries_az":"Azerbaijão","countries_ba":"Bósnia e Herzegovina","countries_bb":"Barbados","countries_bd":"Bangladeche","countries_be":"Bélgica","countries_bf":"Burquina Fasso","countries_bg":"Bulgária","countries_bh":"Barém","countries_bi":"Burúndi","countries_bj":"Benim","countries_bm":"Bermudas","countries_bn":"Brunei","countries_bo":"Bolívia","countries_br":"Brasil","countries_bs":"Bahamas","countries_bt":"Butão","countries_bv":"Ilha Bouvet","countries_bw":"Botsuana","countries_by":"Bielorrússia","countries_bz":"Belize","countries_ca":"Canadá","countries_cd":"Congo-Quinxassa","countries_cf":"República Centro-Africana","countries_cg":"Congo-Brazavile","countries_ch":"Suíça","countries_ci":"Costa do Marfim","countries_ck":"Ilhas Cook","countries_cl":"Chile","countries_cm":"Camarões","countries_cn":"China","countries_co":"Colômbia","countries_cr":"Costa Rica","countries_cu":"Cuba","countries_cv":"Cabo Verde","countries_cy":"Chipre","countries_cz":"República Tcheca","countries_de":"Alemanha","countries_dj":"Jibuti","countries_dk":"Dinamarca","countries_dm":"Domínica","countries_do":"República Dominicana","countries_dz":"Argélia","countries_ec":"Equador","countries_ee":"Estônia","countries_eg":"Egito","countries_eh":"Saara Ocidental","countries_er":"Eritreia","countries_es":"Espanha","countries_et":"Etiópia","countries_fi":"Finlândia","countries_fj":"Fiji","countries_fk":"Ilhas Malvinas","countries_fm":"Micronésia","countries_fo":"Ilhas Faroé","countries_fr":"França","countries_ga":"Gabão","countries_gb":"Reino Unido","countries_gd":"Granada","countries_ge":"Geórgia","countries_gf":"Guiana Francesa","countries_gg":"Guernsey","countries_gh":"Gana","countries_gi":"Gibraltar","countries_gl":"Groenlândia","countries_gm":"Gâmbia","countries_gn":"Guiné","countries_gp":"Guadalupe","countries_gq":"Guiné Equatorial","countries_gr":"Grécia","countries_gs":"Geórgia do Sul","countries_gt":"Guatemala","countries_gu":"Guame","countries_gw":"Guiné-Bissau","countries_gy":"Guiana","countries_hk":"Hong Kong","countries_hm":"Ilha Heard e Ilhas McDonald","countries_hn":"Honduras","countries_hr":"Croácia","countries_ht":"Haiti","countries_hu":"Hungria","countries_id":"Indonésia","countries_ie":"Irlanda","countries_il":"Israel","countries_im":"Ilha de Man","countries_in":"Índia","countries_io":"Território Britânico do Oceano Índico","countries_iq":"Iraque","countries_ir":"Irã","countries_is":"Islândia","countries_it":"Itália","countries_je":"Jersey","countries_jm":"Jamaica","countries_jo":"Jordânia","countries_jp":"Japão","countries_ke":"Quênia","countries_kg":"Quirguistão","countries_kh":"Camboja","countries_ki":"Quiribáti","countries_km":"Comores","countries_kn":"São Cristóvão e Neves","countries_kp":"Coreia do Norte","countries_kr":"Coreia do Sul","countries_kw":"Kuwait","countries_ky":"Ilhas Cayman","countries_kz":"Cazaquistão","countries_la":"Laos","countries_lb":"Líbano","countries_lc":"Santa Lúcia","countries_li":"Liechtenstein","countries_lk":"Sri Lanka","countries_lr":"Libéria","countries_ls":"Lessoto","countries_lt":"Lituânia","countries_lu":"Luxemburgo","countries_lv":"Letónia","countries_ly":"Líbia","countries_ma":"Marrocos","countries_mc":"Mônaco","countries_md":"Moldávia","countries_me":"Montenegro","countries_mg":"Madagáscar","countries_mh":"Ilhas Marshall","countries_mk":"Macedônia","countries_ml":"Mali","countries_mm":"Myanmar [Birmânia]","countries_mn":"Mongólia","countries_mo":"Macau","countries_mp":"Ilhas Marianas Setentrionais","countries_mq":"Martinica","countries_mr":"Mauritânia","countries_ms":"Monserrate","countries_mt":"Malta","countries_mu":"Maurício","countries_mv":"Maldivas","countries_mw":"Malawi","countries_mx":"México","countries_my":"Malásia","countries_mz":"Moçambique","countries_na":"Namíbia","countries_nc":"Nova Caledônia","countries_ne":"Níger","countries_nf":"Ilha Norfolk","countries_ng":"Nigéria","countries_ni":"Nicarágua","countries_nl":"Holanda","countries_no":"Noruega","countries_np":"Nepal","countries_nr":"Nauru","countries_nu":"Niuê","countries_nz":"Nova Zelândia","countries_om":"Omã","countries_pa":"Panamá","countries_pe":"Peru","countries_pf":"Polinésia Francesa","countries_pg":"Papua-Nova Guiné","countries_ph":"Filipinas","countries_pk":"Paquistão","countries_pl":"Polônia","countries_pm":"São Pedro e Miquelão","countries_pn":"Ilhas Pitcairn","countries_pr":"Porto Rico","countries_ps":"Territórios Palestinos","countries_pt":"Portugal","countries_pw":"Palau","countries_py":"Paraguai","countries_qa":"Catar","countries_re":"Reunião","countries_ro":"Romênia","countries_rs":"Sérvia","countries_ru":"Rússia","countries_rw":"Ruanda","countries_sa":"Arábia Saudita","countries_sb":"Ilhas Salomão","countries_sc":"Seicheles","countries_sd":"Sudão","countries_se":"Suécia","countries_sg":"Singapura","countries_sh":"Santa Helena","countries_si":"Eslovénia","countries_sk":"Eslováquia","countries_sl":"Serra Leoa","countries_sm":"São Marinho","countries_sn":"Senegal","countries_so":"Somália","countries_sr":"Suriname","countries_st":"São Tomé e Príncipe","countries_sv":"Salvador","countries_sy":"Síria","countries_sz":"Suazilândia","countries_tc":"Ilhas Turcas e Caicos","countries_td":"Chade","countries_tf":"Terras Austrais e Antárticas Francesas","countries_tg":"Togo","countries_th":"Tailândia","countries_tj":"Tajiquistão","countries_tk":"Toquelau","countries_tl":"Timor-Leste","countries_tm":"Turquemenistão","countries_tn":"Tunísia","countries_to":"Tonga","countries_tr":"Turquia","countries_tt":"Trinidade e Tobago","countries_tv":"Tuvalu","countries_tw":"Taiwan","countries_tz":"Tanzânia","countries_ua":"Ucrânia","countries_ug":"Uganda","countries_um":"Ilhas Menores Distantes dos Estados Unidos","countries_us":"Estados Unidos da América","countries_uy":"Uruguai","countries_uz":"Uzbequistão","countries_va":"Vaticano","countries_vc":"São Vicente e Granadinas","countries_ve":"Venezuela","countries_vg":"Ilhas Virgens Britânicas","countries_vi":"Ilhas Virgens Americanas","countries_vn":"Vietnã","countries_vu":"Vanuatu","countries_wf":"Wallis e Futuna","countries_ws":"Samoa","countries_ye":"Iémen","countries_yt":"Mayotte","countries_za":"África do Sul","countries_zm":"Zâmbia","countries_zw":"Zimbábue"}}