{"stats":{"strings":812,"translated":274},"strings":{"deleteCommentPrompt":"Are you sure you want to delete this comment?","downloadDemoHeader":"Download __gamename__ Demo","deckCompat_header":"Steam Deck Compatibility","deckCompat_unknown":"Unknown","deckCompat_unsupported":"Unsupported","deckCompat_playable":"Playable","deckCompat_verified":"Verified","featureHint_desc":"Would you like to enable the following feature?","featureHint_reminder":"You can change your preferences through the options page later.","thewordyes":"Yes","thewordno":"No","theworderror":"Error","noData":"No data","toomanyrequests":"Too Many Requests","showComments":"Show Comments","hideComments":"Hide Comments","thewordunknown":"Unknown","calcWorkshopSize_fileSize":"File size __size__","calcWorkshopSize_calcSize":"Calculate Total Size","calcWorkshopSize_calcLoading":"Calculating __i__/__count__ workshop items, please wait...","calcWorkshopSize_calcFinished":"Finished! Successfully calculated __success__/__total__ items.","calcWorkshopSize_totalSize":"Total size: __size__","cart":"Cart","inCart":"In Cart","steamidOfUser":"__user__'s SteamID","copied":"Copied to your clipboard!","viewSteamid":"View SteamID","moreOnSteampeek":"See more on SteamPeek","date":"Date","rating":"Rating","helpful":"Helpful","funny":"Funny","length":"Length","visibility":"Visibility","processing":"Processing...","wait":"Please wait","inviteFriends":"Invite Friends","inviteToGroup":"Invite To Group","inverse":"Inverse","transactionStatus":"__failed__ request(s) failed. Retrieved __size__ of __total__ transactions.","customTags":"Custom Tags","addTag":"Add tag","enterTag":"Enter the custom tag you'd like to add","status":"Status:","connect":"Connect","connected":"Connected","disconnect":"Disconnect","disconnected":"Disconnected","oneclickgoo":"1-Click turn into Gems...","viewInLibrary":"View in Library","support":"Support","email":"E-mail","contact":"Contact","favEmoticonsDragging":"Drag emoticons here to favorite them","favEmoticonsNoAccess":"You don't have access to this emoticon","postHistory":"Ver histórico de posts","addNickname":"Adicionar alcunha","totalSize":"Tamanho Total","dlcDetails":"Detalhes do Conteúdo Descarregável","badgeNotUnlocked":"Não desbloqueada","badgeLevel":"Level __level__","each":"Cada","viewInMarket":"Ver no Mercado da Comunidade","remove":"Remove","getHelp":"Obter ajuda","addSelectedDlcToCart":"Adicionar DLC selecionado ao carrinho","close":"Fechar","error":"Ocorreu um erro","go":"Ir","activate":"Ativar um produto","activateMultipleHeader":"Escreve os códigos de produto abaixo, um por linha","activateMultiple":"Ativar vários produtos","activateProducts":"Ativar produtos","couponApplicationNote":"Um cupão de desconto do teu inventário será aplicado automaticamente no fim da compra","hide":"Esconder","filters":"Augmented Steam filters","cardsOwned":"__owned__ de __possible__ cartas adquiridas","libraryMenu":"Biblioteca","clearCache":"Limpar dados em cache","translation":"Tradução","helpTranslate":"Help us translate Augmented Steam over at POEditor","lowest":"Mais baixo","lowestPrice":"Preço mais baixo atualmente:","viewBadgeProgress":"Ver progresso da medalha","badgeProgress":"Progresso da Medalha","salesTotal":"Total das vendas:","viewNormalBadge":"Ver Progresso Normal da Medalha","apppageSections":"Selecione as secções que gostaria de ver nesta página","website":"Site oficial","games":"Jogos","badgeCompletionCost":"Custo para completar medalha: __cost__","loading":"A carregar...","selling":"Vendendo...","quickSell":"Venda Rápida por __amount__","quickSellDesc":"Price difference of __modifier__ compared to the price of the cheapest offer currently listed on the Steam Market","instantSell":"Venda Instantânea por __amount__","instantSellDesc":"The price of the highest buy order currently listed on the Steam Market","quickSellVerify":"Steam Guard confirmation needed","startingAt":"A partir de: __price__","homepageTabs":"Aba Inicial","store":"Loja","viewInStore":"Ver em Loja","communityHub":"Community Hub","viewOnWebsite":"View on __website__","drmThirdParty":"Aviso: Este título usa DRM de terceiros __drmlist__.","hoursShort":"__hours__ hrs","spamCommentShow":"__num__ comentários irrelevantes ocultos nesta página. Clica aqui para os veres.","addToWishlist":"Adicionar à lista de desejos","addFullgameToWishlist":"Add full game to your wishlist","addToWaitlist":"Add to your Waitlist","addFullgameToWaitlist":"Add full game to your Waitlist","removeFromWaitlistTooltip":"Remove from your Waitlist","removeFullgameFromWaitlistTooltip":"Remove full game from your Waitlist","removeFromWishlistAndWaitlistTooltip":"Remove from both your wishlist and Waitlist","removeFullgameFromWishlistAndWaitlistTooltip":"Remove full game from both your wishlist and Waitlist","language":"Idioma","theworddefault":"Padrão","thewordclear":"Clear","couponLearnMore_linkText":"Learn more","couponLearnMore_fullText":"__linkdesc__ about Steam Coupons","show":"Mostrar","showAll":"Show All","badgesAll":"Todas as Medalhas","esSupporter":"Apoiante do Enhanced Steam","community":"Comunidade","ownedCollection":"__gametitle__ is already in your IsThereAnyDeal Collection","viewBadge":"Ver Medalha","purchaseTotal":"Total da compra:","viewFoilBadge":"Ver Progresso da Medalha \"Foil\"","viewAstats":"Ver página no AStats","contribute":"Contribuir (GitHub)","reviews":"Análises","readReviews":"Ler análises","readMoreReviews":"Ler mais análises em","youtubeGameplay":"YouTube Gameplay","youtubeReviews":"YouTube Reviews","packageInfo":"Informações do pacote","badgeCompletionAvg":"Custo médio para completar: __cost__","volumeSoldLast_24":"Quantidade: __sold__ vendido(s) nas últimas 24 horas","soldLast_24":"__sold__ vendido(s) nas últimas 24 horas","homepageCurators":"Steam Curator Recommendations","homepageTopnewreleases":"Top Steam Releases","homepageSidebar":"Barra Lateral","dropCalc":"Clique aqui para calcular as quedas restantes","price":"Preço","marketTransactions":"Transações no Mercado","loadMarketStats":"Load Market Stats","cardDropsRemaining":"__drops__ cartas por encontrar","badgesDrops":"Medalhas com cartas por encontrar","usingLanguageReturn":"Click here to browse Steam in __base__.","guides":"Guias","highlight":"Destaque","save":"Guardar","view":"Ver","gameName":"Nome do Jogo","notinterested":"Itens marcados como sem interesse","ignoredOwned":"Games you ignored as played on different platform","searchFilters_reviewsScore_between":"Between __lower__% and __upper__% review score","searchFilters_reviewsScore_any":"Any review score","searchFilters_reviewsScore_upTo":"Up to __score__% review score","searchFilters_reviewsScore_from":"From __score__% review score","searchFilters_reviewsCount_count":"Reviews count:","searchFilters_reviewsCount_minCount":"Min count","searchFilters_reviewsCount_maxCount":"Max count","searchFilters_discountPercent_count":"Discount percent:","searchFilters_discountPercent_minCount":"Min %","searchFilters_discountPercent_maxCount":"Max %","searchFilters_hideCart":"Hide items in your Cart","searchFilters_hideEa":"Hide Early Access items","searchFilters_hideMixed":"Hide mixed rating items","searchFilters_hideNegative":"Hide negative rating items","news":"Notícias","viewinclient":"Ver na Steam","customBackground":"Fundo Personalizado","customStyle":"Tema Personalizado","customStyleHelp":"Todos os utilizadores do Augmented Steam irão ver este tema no teu perfil. Utilizadores sem o Augmented Steam não irão ver nenhuma alteração feita aqui.","noneselected":"Nada Selecionado / Sem Mudanças","mostDrops":"Mais cartas para obter","netGain":"Lucro final:","apppageRecentupdates":"Recent Events & Announcements","apppageEaheader":"Early Access Info Box","apppageEabanner":"Early Access Discussions Banner","apppageWorkshop":"Steam Workshop Banner","apppageGreenlight":"Steam Greenlight Banner","apppageLegal":"Informação Legal","apppageFranchise":"Franchise","apppageMorefromfranchise":"More From Franchise","bugFeature":"Comunicar bug / Sugerir funcionalidade","always":"Sempre","ratingDetails":"Ver detalhes de classificação","dropsWorthAvg":"Vale Aproximadamente","familySharingNotice_notice":"Notice:","familySharingNotice_desc":"This game is excluded from Steam's Family Sharing service.","visitStore":"Visitar Página da Loja","all":"Tudo","externalFunds":"External Funds Used","shoppingCartHistory":"View Shopping Cart history","manageWebapiKey":"Manage my Steam Web API key","steamCloudHeader":"Steam Cloud","steamCloudSaves":"View Cloud saves","gamesWithDrops":"__dropsgames__ jogos com cartas por encontrar","binderView":"Grelha","usingLanguage":"You are browsing Steam in __current__.","loginWarning":"Make sure that you are logged into __link__ in order to be able to use all features of Augmented Steam.","visitTradeForum":"Visitar fórum de trocas","purchaseDate":"(Comprado em __date__)","customBackgroundHelp":"Todos os utilizadores do Augmented Steam irão ver este fundo no teu perfil. Não-utilizadores do Augmented Steam irão ver o teu fundo de perfil padrão.","dateUnlocked":"Data de Desbloqueio","netSpent":"Gastos finais:","buy":"Comprar","buyPackage":"Comprar __package__","moreInformation":"Mais informações","regionUnavailable":"Indisponível nesta região","avgPrice_3cards":"Preço médio de três cartas: __price__","groups_leaveGroupsConfirm":"Are you sure you want to leave __n__ selected groups?","groups_manageGroups":"Manage groups","groups_actionGroups":"Select the groups below that you wish to take action on.","groups_select":"Select:","groups_leave":"Leave Groups","groups_selected":"__n__ selected.","groups_leaveAdminConfirm_currentlyAdmin":"You are currently admin of __name__.","groups_leaveAdminConfirm_wantToLeave":"Are you sure you want to leave this group?","export_wishlist":"Export wishlist","export_type":"Export type","export_format":"Text format","export_text":"Text","export_download":"Download","export_copyClipboard":"Copy to clipboard","none":"None","emptyWishlist_title":"Esvaziar lista de desejos","emptyWishlist_confirm":"Are you sure you want to empty your wishlist? This action cannot be undone!","emptyWishlist_removing":"Removing app __cur__ from __total__...","about":"Sobre","never":"Nunca","couponAvailable":"Tens um cupão disponível!","launchRandom":"Inicia aleatoriamente um jogo","playGame":"Jogar __gamename__?","dropsValue":"Maior preço","cardsRemain":"Least cards remaining to complete set","wishlist":"Lista de desejos","onWishlist":"On wishlist","onWaitlist":"In Waitlist","onWishlistAndWaitlist":"On wishlist and Waitlist","cancel":"Cancelar","wikiArticle":"Ver Artigo __pcgw__","viewAll":"VER TUDO","gamesWithBooster":"__boostergames__ jogos habilitados a receber boosters","sortBy":"Ordenar por:","playtime":"Playtime","awards":"Awards","year":"Year","lastonline":"Última vez online","members":"Members","name":"Name","drmThirdPartySub":"Aviso: Um ou mais títulos neste pacote usa DRM de terceiros __drmlist__.","customize":"Customizar","bundleSavingText":"Aqui está o que poupas com este pacote","thewordoptions":"Opções","discussions":"Discussões","pricing_lowestPrice":"Current best:","pricing_historicalLow":"Historical low:","pricing_bundled":"In bundle:","pricing_withVoucher":"with voucher __voucher__","pricing_store":"at&nbsp;__store__","pricing_bundleCount":"__count__ times","webBrowserChat":"Conversação no navegador","steamClientChat":"Conversação no Steam","equipOnProfile":"Equip on Profile","previewBackground":"Pré-visualizar plano de fundo","expandSlider":"Expandir","contractSlider":"Contrair","earlyAccess":"Acesso Antecipado","tagShort":"Usar tags curtas para economizar espaço","noPriceData":"Não há dados de preços disponíveis","userScore":"Pontuação de utilizadores","marketPopularItemsToggle":"Ativar update automatico para itens populares","showProgressbar":"Show Augmented Steam progress and status bar","achievements_option":"Mostrar proezas em páginas da loja","achievements_summary":"__unlocked__ of __total__ (__percentage__%) achievements earned:","bundle_offerEnds":"A promoção termina em","bundle_includes":"Inclui __num__ itens","bundle_tierIncludes":"__tier__ (__price__) inclui __num__ itens","bundle_tier":"Conjunto __num__","bundle_header":"Pacotes que incluem este jogo","bundle_info":"Informações do pacote","charts_peakall":"pico de todos os tempos","charts_current":"Jogadores atuais","charts_playingNow":"a jogar agora","charts_peaktoday":"pico de hoje","hltb_title":"Quanto tempo para completar","hltb_mainE":"História principal e Extras","hltb_compl":"Completar tudo","hltb_main":"Estória principal","options_friendsAndGroups":"Friends and Groups","options_friendsAppendNickname":"Append nicknames to friends' names","options_settingsMngmt_import":"Import","options_settingsMngmt_importSuccess":"Successfully imported settings","options_settingsMngmt_importFail":"Failed to import settings","options_settingsMngmt_export":"Export","options_settingsMngmt_reset":"Reset","options_showCustomThemes":"Show custom themes","options_communityDefaultTab":"Default community home page tab","options_videos":"Videos","options_broadcasts":"Broadcasts","options_artwork":"Artwork","options_screenshots":"Screenshots","options_showBacktotop":"Show back to top button on long pages","options_contextMenu":"Context Menu","options_contextSteamStore":"Search Steam Store for '__query__'","options_contextSteamMarket":"Search Steam Market for '__query__'","options_contextItad":"Search IsThereAnyDeal for '__query__'","options_contextBartervg":"Search Barter.vg for '__query__'","options_contextSteamdb":"Search SteamDB for '__query__'","options_contextSteamdbInstant":"Instant Search SteamDB for '__query__'","options_contextSteamKeys":"Activate steam product keys within selection","options_wsgf":"Mostrar informação WSGF (ecrã panorâmico)","options_versionShow":"Mostrar o histórico de alterações quando o Augmented Steam atualiza","options_steamcardexchange":"Mostrar hiperligações SteamCardExchange nas medalhas","options_regionalPrice":"Comparação de preços regionais","options_excludef2p":"Excluir destaque de jogos grátis para jogar","options_profileLinkImagesNone":"Nenhum","options_profileLinks":"Mostrar links do perfil para","options_tag":"Etiqueta","options_icon":"Ícone","options_name":"Nome","options_showAlternativeLinuxIcon":"Mostrar ícone alternativo do Linux","options_replacecommunityhublinks":"Replace community hub links with store page links","options_hideannouncementcomments":"Hide comments under all group announcements by default","options_hidetmsymbols":"Hide trademark and copyright symbols in game titles","options_metacritic":"Mostrar pontuação dos utilizadores do Metacritic","options_opencritic":"Mostrar Informações do Opencritic.com","options_hideactivelistings":"Ocultar todos os anúncios ativos na página inicial do Mercado por defeito","options_showlowestmarketprice":"Show the lowest market price for your listings","options_clear":"Tens a certeza de que pretendes restaurar as opções predefinidas? Esta ação não pode ser anulada.","options_coupon":"Itens com cupões","options_showPackageInfo":"Mostrar informação do pacote para todas as aplicações","options_wlbuttoncommunityapp":"Mostrar botão \"Adicionar à lista de desejos\" em Centrais Comunitárias","options_removeguideslanguagefilter":"Não filtrar guias por linguagem do utilizador automaticamente","options_confirmdeletecomment":"Show confirmation when deleting comments","options_disablelinkfilter":"Desativar a confirmação ao aceder a sites externos","options_regionalPriceOn":"Mostrar comparação de preços regionais","options_horizontalscrolling":"Enable horizontal scrolling with the mouse wheel","options_supportinfo":"Show support information","options_drm":"Mostrar avisos de DRM de terceiros","options_profileLinkImages":"Profile and Group links image style","options_show1clickgoo":"Mostrar botão \"1-Click Transformar em Gemas...\" nos itens do inventário aplicáveis","options_hltb":"Mostrar informação do HowLongToBeat.com","options_hidespamcomments":"Esconder comentários indesejados do Workstop & perfis","options_gift":"Itens guardados como presente","options_regionalPriceMouse":"ao passar o cursor do rato no preço","options_lowestpriceHeader":"Informações de histórico de preços","options_storesAll":"Comparar todas as lojas","options_viewInCurrency":"View in:","options_showEarlyAccess":"Mostrar faixas de Acesso Antecipado","options_profileLinkImagesGray":"Em escala de cinza","options_quickinv":"Mostrar botões de Venda Rápida nos itens da Comunidade Steam no inventário","options_quickinvDiff":"Modificador da Venda Rápida:","options_sendAgeInfo":"Enviar verificação de idade automaticamente quando solicitado","options_showdeckcompat":"Show Steam Deck compatibility ratings in the features list (and fetch the data when it's missing)","options_removebroadcasts":"Completely remove any live broadcast","options_exfgls":"Show a notice if app is excluded from Family Sharing","options_mp4video":"Force videos to be in MP4 format","options_youtube":"Show YouTube links","options_twitch":"Show Twitch links","options_pcgw":"Mostrar hiperligações do PCGamingWiki","options_completionistme":"Show Completionist.me links","options_protondb":"Show ProtonDB links","options_storeSteamcards":"Mostrar links para SteamCardExchange nas páginas da loja","options_spamcommentregex":"String de expressão regular:","options_regionalHideworld":"Ocultar indicador regional","options_showAstatslink":"Mostrar link para o site AStats em páginas de aplicações","options_showYoutubegameplay":"Show \"YouTube Gameplay\" links","options_showYoutubereviews":"Show \"YouTube Reviews\" links","options_openinnewtab":"Open external links in a new tab","options_showbartervg":"Show Barter.vg links","options_guest":"Itens que tens um passe de convidado","options_collection":"Items in your ITAD Collection","options_waitlist":"Items in your ITAD Waitlist","options_showPlayersInfo":"Show player count information","options_showallstats":"Show playtime stats on \"All Games\" page","options_lowestpriceOnwishlist":"Mostrar na Lista de Desejos","options_steamrepapi":"Mostrar o estado da reputação na página de perfil","options_profileSteamid":"Show a link to view SteamIDs","options_profilePinnedBg":"Pin the profile background position while scrolling","options_lowestprice":"Mostrar","options_owned":"Itens adquiridos","options_itadlinks":"Show IsThereAnyDeal links","options_steamdb":"Mostrar hiperligações da SteamDB","options_profileLinkImagesColor":"Colorido","options_showViewInLibrary":"Show \"View in Library\" button","options_installSteamButton":"\"Install Steam\" button","options_replaceViewClient":"Replace with \"View in Client\"","options_showEmptyWishlist":"Mostrar o botão \"Esvaziar Lista de Desejos\"","options_showWishlistStats":"Show wishlist stats","options_oneclickremovewl":"Skip confirmation when removing items","options_userNotes_userNotes":"User notes","options_userNotes_app":"On app pages","options_userNotes_wishlist":"On my wishlist","options_userNotes_loc":"Storage location","options_userNotes_syncedStorage":"Synced/Local storage","options_userNotes_local":"Local database","options_inventoryNavText":"Mostrar navegação avançada na página do inventário","options_marketTotal":"Mostrar sumário de transação no Mercado","options_lowestpriceCoupon":"Incluir códigos de cupões na comparação de preço","options_general":"Geral","options_apppage":"App page","options_market":"Mercado","options_inventory":"Inventário","options_profile":"Perfil","options_group":"Group","options_friendActivity":"Friend Activity Feed","options_groupLinks":"Options for links to 3rd party sites","options_showLanguagewarning":"Mostrar alerta se estiver navegando em um idioma diferente de","options_homepage":"Página Inicial","options_homepageDefaultTab":"Aba inicial por omissão","options_homepageDefaultTabRemember":"Guardar anterior","options_homepageDefaultTabNewreleases":"Novos Lançamentos Populares","options_homepageDefaultTabTopsellers":"Mais Vendidos","options_homepageDefaultTabUpcoming":"Brevemente","options_homepageDefaultTabSpecials":"Descontos","options_wishlist":"Itens na tua lista de desejos","options_addAnotherRegion":"Adicionar","options_skipGotSteam":"Ignorar a janela 'Tens Steam?'","options_storeGeneralThirdparty":"Opções para obter informações de sites de fterceiros","options_purchaseDates":"Mostrar a data de compra do jogo na página da loja","options_showBadgeProgress":"Mostrar progresso de medalhas nas páginas da loja","options_showCoupon":"Show applicable Steam coupon","options_showWishlistLink":"Mostrar um link para a lista de desejos em perfis","options_showWishlistCount":"Mostrar o número de itens na lista de desejos","options_profileShowcaseTwitch":"Add a showcase for Twitch.tv if there is a link","options_profileShowcaseOwnTwitch":"... including your own profile","options_profileShowcaseTwitchProfileonly":"... only if the link is in the Profile Summary","options_lang_english":"Inglês","options_lang_brazilian":"Português do Brasil","options_lang_bulgarian":"Búlgaro","options_lang_czech":"Checo","options_lang_danish":"Dinamarquês","options_lang_dutch":"Holandês","options_lang_finnish":"Finlandês","options_lang_french":"Francês","options_lang_greek":"Grego","options_lang_german":"Alemão","options_lang_hungarian":"Húngaro","options_lang_italian":"Italiano","options_lang_japanese":"Japonês","options_lang_koreana":"Coreano","options_lang_norwegian":"Noroeguês","options_lang_polish":"Polaco","options_lang_portuguese":"Português","options_lang_russian":"Russo","options_lang_romanian":"Romeno","options_lang_schinese":"Chinês Simplificado","options_lang_spanish":"Espanhol","options_lang_latam":"Latin American Spanish","options_lang_swedish":"Sueco","options_lang_tchinese":"Chinês Tradicional","options_lang_thai":"Tailandês","options_lang_turkish":"Turco","options_lang_ukrainian":"Ucraniano","options_lang_vietnamese":"Vietnamese","options_addCustomLink":"Add custom link","options_autoDetect":"Auto-detect","options_addToWaitlist":"Show \"Add to Waitlist\" dropdown on app pages","options_collectionBannerNotOwned":"Only show In Collection banner when I don't own the game on Steam","options_maintainers":"Project Maintainers","options_withHelpOf":"with a lot of help by our __contributors__","options_contributors":"wonderful contributors","options_aboutDesc":"Augmented Steam is a fork of the Enhanced Steam extension.","options_aboutDescLinks":"Visit the extension's __website__ or our __discord__ for more info.","options_footerFork":"a fork by IsThereAnyDeal","options_footerAuthor":"original author jshackles","ready_loading":"O Augmented Steam está a carregar dados...","ready_ready":"O Augmented Steam está pronto","ready_failed":"__amount__ request(s) failed, check browser console for more information","ready_serverOutage":"Augmented Steam servers are currently overloaded","twitch_nowStreaming":"__username__ está a transmitir em directo no Twitch","twitch_viewers":"Visualizadores","dlcSelect_wishlistedDlc":"Selecionar DLC na Lista de Desejos","dlcSelect_none":"Escolher nenhum","dlcSelect_unownedDlc":"Selecionar DLC Não Adquirido","tag_wishlist":"Lista de Desejos","tag_coupon":"Cupão","tag_invGift":"Presente","tag_invGuestpass":"Convite","tag_owned":"Adquirido","tag_notinterested":"Não estou interessado","tag_ignoredOwned":"Ignored (owned)","tag_collection":"Collected","tag_waitlist":"Waitlisted","wallet_customAmount":"Adicionar uma quantia específica ","wallet_customAmountText":"Any amount over __minamount__","wallet_customGiftcard":"Select __input__ Custom Gift Card","wsgf_incomplete":"Incompleto","wsgf_unsupported":"Esta pontuação é atribuída a jogos que não têm __type__ suporte. O jogo poderá não ser jogável em __type__, ou a imagem está esticada para caber na janela. A resolução correta não está retida.","wsgf_gold":"Esta medalha é dada a jogos que receberam pontuações perfeitas do WSGF pela sua compatibilidade com __type__, sendo assim Certificados para uso __type__.","wsgf_silver":"Esta medalha é dada a jogos que receberam uma nota final B pela sua compatibilidade com __type__.  Todos os jogos com esta nota não possuem grandes problemas, mas pode haver um detalhe que impede a pontuação perfeita.","wsgf_limited":"Esta pontuação é atribuída a jogos que receberam uma nota calculada de C pelo seu __type__ suporte. Todos estes jogos têm um certo nível de __type__ suporte mas têm problemas significantes.","wsgf_certifications":"Certificações WSGF","itad_enableSyncLibrary":"Enable library sync","itad_enableSyncWishlist":"Enable wishlist sync","itad_import":"Periodically import:","itad_lastImport":"Last import","itad_from":"from ITAD","itad_to":"to ITAD","itad_syncNow":"Sync now","itad_info_itadSteam":"Connecting Augmented Steam with IsThereAnyDeal allows you to apply Augmented Steam's highlighting and tagging to games in your Waitlist and Collection even if you don't have them on Steam.","itad_info_steamItad":"Furthermore, it allows you to import games from your Steam Library and/or Wishlist to IsThereAnyDeal, for improved accuracy (e.g. DLCs or unlisted games). Currently this feature can only add titles, not remove them, so it's not the replacement for IsThereAnyDeal's integrated sync, but an addition to it.","tradeoffer_numItem":"__num__ item","tradeoffer_numItems":"__num__ itens","tradeoffer_back":"Back to Trade Offers","update_dontShow":"Não mostrar novamente","update_updated":"Augmented Steam foi atualizada para a versão __version__","update_changes":"View all changes on GitHub","register_success":"__gamename__ ativado com sucesso","register_owned":"Esta conta Steam já possui o(s) produto(s) incluídos nesta oferta.","register_notavail":"Lamentamos, mas este produto não está disponível para compra neste país. O teu código de produto não foi ativado.","register_invalid":"O código de produto que introduziste não é válido. Verifica se escreveste corretamente o código.","register_already":"O código de produto que introduziste já foi ativado por uma conta Steam diferente.","register_dlc":"O código de produto que introduziste requer que tenhas outro produto específico antes da ativação.","register_wallet":"O código que introduziste é de um cartão-presente Steam ou um código para a Carteira Steam","register_toomany":"Ocorreram recentemente demasiadas tentativas de ativação a partir desta conta. Aguarda uns momentos ou tenta mais tarde.","register_default":"Ocorreu um erro inesperado. O teu código de produto não foi ativado. Por favor espera 30 minutos e tenta ativar o código novamente.","wl_label":"stats","wl_totalPrice":"current value","wl_inWishlist":"on wishlist","wl_onSale":"on sale","wl_noPrice":"without price","wl_hidden":"hidden apps","wl_hiddenTooltip":"Apps that have been removed/unlisted and are not visible on wishlists. Click for details.","wl_removeTitle":"Remove this item from your wishlist?","wl_removeConfirm":"Are you sure you want to remove 'appid __appid__' from your wishlist?","wl_removeConfirmWarn":"It cannot be re-added afterwards!","coll_totalTime":"total time","coll_inCollection":"in collection","coll_played":"played","coll_neverPlayed":"never played","userNote_add":"Add a note","userNote_update":"Update note","userNote_addForGame":"Note for __gamename__","userNote_notEnoughSpace":"Not enough space to save note","userNote_notEnoughSpaceDesc":"Augmented Steam can't save any more user notes since your used storage adapter doesn't allow more data to be saved (attempting to use ~__perc__% of the storage capacity).","userNote_closeOnStorage":"You are running close on storage","userNote_closeOnStorageDesc":"Augmented Steam is close to not being able to save any more user notes (~__perc__% storage usage) with your current storage adapter.","userNote_storageWarningDesc":"You can choose to store your user notes in a local database (without synchronization) or continue using the storage method provided by your browser (where new notes can only be added if you delete some old).","userNote_saveSyncedStorage":"Continue using synced storage","userNote_saveLocal":"Store notes locally","userNote_syncOption":"Sync notes automatically","userNote_syncInfo_1":"You can sync your notes between Augmented Steam and IsThereAnyDeal. If you enable automatic sync, notes will be periodically fetched from ITAD. Edits via Augmented Steam will be mirrored to ITAD immediately.","userNote_syncInfo_2":"You can also manually push or pull notes between Augmented Steam and IsThereAnyDeal. We advise you to do so before enabling automatic sync, to ensure the correct version of the note is used, in case you have different notes stored for the same game.","userNote_syncInfo_3":"You can see all your notes stored in the Notes and Tags section on IsThereAnyDeal.","userNote_syncButtonPush":"Push notes to\nIsThereAnyDeal","userNote_syncButtonPull":"Pull notes from\nIsThereAnyDeal","userNote_syncPulled":"__n__ note(s) were pulled from IsThereAnyDeal","userNote_syncPushed":"__n__ note(s) were pushed to IsThereAnyDeal","userNote_syncFailed":"__n__ note(s) failed to sync","userNote_syncError":"Your note failed to sync","userNote_syncErrorEmpty":"Note is empty","userNote_syncErrorUnknown":"ITAD does not know this game","userNote_syncErrorLength":"Note is too long (__length__, max: __max__)","queue_new":"New Queue","queue_newTooltip":"Remove this product from your queue and start a new queue.","workshop_workshop":"Workshop","workshop_subscriptions":"Subscriptions","workshop_subscribeAll":"Subscribe All","workshop_subscribeConfirm":"Are you sure you want to subscribe to all __count__ workshop items with these filters?","workshop_subscribeLoading":"Subscribing to __i__/__count__ workshop items, please wait...","workshop_unsubscribeAll":"Unsubscribe All","workshop_unsubscribeConfirm":"Are you sure you want to unsubscribe to all __count__ workshop items with these filters?","workshop_unsubscribeLoading":"Unsubscribing from __i__/__count__ workshop items, please wait...","workshop_finished":"Finished! __success__ successful, __fail__ failed. Click OK to refresh the page","workshop_failed":"__n__ failed","originalAuthors":"Original authors","acknowledgements":"Acknowledgments","countries_ad":"Andorra","countries_ae":"United Arab Emirates","countries_af":"Afghanistan","countries_ag":"Antigua and Barbuda","countries_ai":"Anguilla","countries_al":"Albania","countries_am":"Armenia","countries_an":"Netherlands Antilles","countries_ao":"Angola","countries_ar":"Argentina","countries_as":"American Samoa","countries_at":"Austria","countries_au":"Australia","countries_aw":"Aruba","countries_az":"Azerbaijan","countries_ba":"Bosnia and Herzegovina","countries_bb":"Barbados","countries_bd":"Bangladesh","countries_be":"Belgium","countries_bf":"Burkina Faso","countries_bg":"Bulgaria","countries_bh":"Bahrain","countries_bi":"Burundi","countries_bj":"Benin","countries_bm":"Bermuda","countries_bn":"Brunei","countries_bo":"Bolivia","countries_br":"Brazil","countries_bs":"Bahamas","countries_bt":"Bhutan","countries_bv":"Bouvet Island","countries_bw":"Botswana","countries_by":"Belarus","countries_bz":"Belize","countries_ca":"Canada","countries_cd":"Congo - Kinshasa","countries_cf":"Central African Republic","countries_cg":"Congo - Brazzaville","countries_ch":"Switzerland","countries_ci":"Côte d’Ivoire","countries_ck":"Cook Islands","countries_cl":"Chile","countries_cm":"Cameroon","countries_cn":"China","countries_co":"Colombia","countries_cr":"Costa Rica","countries_cu":"Cuba","countries_cv":"Cape Verde","countries_cy":"Cyprus","countries_cz":"Czech Republic","countries_de":"Germany","countries_dj":"Djibouti","countries_dk":"Denmark","countries_dm":"Dominica","countries_do":"Dominican Republic","countries_dz":"Algeria","countries_ec":"Ecuador","countries_ee":"Estonia","countries_eg":"Egypt","countries_eh":"Western Sahara","countries_er":"Eritrea","countries_es":"Spain","countries_et":"Ethiopia","countries_fi":"Finland","countries_fj":"Fiji","countries_fk":"Falkland Islands","countries_fm":"Micronesia","countries_fo":"Faroe Islands","countries_fr":"France","countries_ga":"Gabon","countries_gb":"United Kingdom","countries_gd":"Grenada","countries_ge":"Georgia","countries_gf":"French Guiana","countries_gg":"Guernsey","countries_gh":"Ghana","countries_gi":"Gibraltar","countries_gl":"Greenland","countries_gm":"Gambia","countries_gn":"Guinea","countries_gp":"Guadeloupe","countries_gq":"Equatorial Guinea","countries_gr":"Greece","countries_gs":"South Georgia","countries_gt":"Guatemala","countries_gu":"Guam","countries_gw":"Guinea-Bissau","countries_gy":"Guyana","countries_hk":"Hong Kong SAR China","countries_hm":"Heard Island and McDonald Islands","countries_hn":"Honduras","countries_hr":"Croatia","countries_ht":"Haiti","countries_hu":"Hungary","countries_id":"Indonesia","countries_ie":"Ireland","countries_il":"Israel","countries_im":"Isle of Man","countries_in":"India","countries_io":"British Indian Ocean Territory","countries_iq":"Iraq","countries_ir":"Iran","countries_is":"Iceland","countries_it":"Italy","countries_je":"Jersey","countries_jm":"Jamaica","countries_jo":"Jordan","countries_jp":"Japan","countries_ke":"Kenya","countries_kg":"Kyrgyzstan","countries_kh":"Cambodia","countries_ki":"Kiribati","countries_km":"Comoros","countries_kn":"Saint Kitts and Nevis","countries_kp":"North Korea","countries_kr":"South Korea","countries_kw":"Kuwait","countries_ky":"Cayman Islands","countries_kz":"Kazakhstan","countries_la":"Laos","countries_lb":"Lebanon","countries_lc":"Saint Lucia","countries_li":"Liechtenstein","countries_lk":"Sri Lanka","countries_lr":"Liberia","countries_ls":"Lesotho","countries_lt":"Lithuania","countries_lu":"Luxembourg","countries_lv":"Latvia","countries_ly":"Libya","countries_ma":"Morocco","countries_mc":"Monaco","countries_md":"Moldova","countries_me":"Montenegro","countries_mg":"Madagascar","countries_mh":"Marshall Islands","countries_mk":"Macedonia","countries_ml":"Mali","countries_mm":"Myanmar [Burma]","countries_mn":"Mongolia","countries_mo":"Macau SAR China","countries_mp":"Northern Mariana Islands","countries_mq":"Martinique","countries_mr":"Mauritania","countries_ms":"Montserrat","countries_mt":"Malta","countries_mu":"Mauritius","countries_mv":"Maldives","countries_mw":"Malawi","countries_mx":"Mexico","countries_my":"Malaysia","countries_mz":"Mozambique","countries_na":"Namibia","countries_nc":"New Caledonia","countries_ne":"Niger","countries_nf":"Norfolk Island","countries_ng":"Nigeria","countries_ni":"Nicaragua","countries_nl":"Netherlands","countries_no":"Norway","countries_np":"Nepal","countries_nr":"Nauru","countries_nu":"Niue","countries_nz":"New Zealand","countries_om":"Oman","countries_pa":"Panama","countries_pe":"Peru","countries_pf":"French Polynesia","countries_pg":"Papua New Guinea","countries_ph":"Philippines","countries_pk":"Pakistan","countries_pl":"Poland","countries_pm":"Saint Pierre and Miquelon","countries_pn":"Pitcairn Islands","countries_pr":"Puerto Rico","countries_ps":"Palestinian Territories","countries_pt":"Portugal","countries_pw":"Palau","countries_py":"Paraguay","countries_qa":"Qatar","countries_re":"Réunion","countries_ro":"Romania","countries_rs":"Serbia","countries_ru":"Russia","countries_rw":"Rwanda","countries_sa":"Saudi Arabia","countries_sb":"Solomon Islands","countries_sc":"Seychelles","countries_sd":"Sudan","countries_se":"Sweden","countries_sg":"Singapore","countries_sh":"Saint Helena","countries_si":"Slovenia","countries_sk":"Slovakia","countries_sl":"Sierra Leone","countries_sm":"San Marino","countries_sn":"Senegal","countries_so":"Somalia","countries_sr":"Suriname","countries_st":"São Tomé and Príncipe","countries_sv":"El Salvador","countries_sy":"Syria","countries_sz":"Swaziland","countries_tc":"Turks and Caicos Islands","countries_td":"Chad","countries_tf":"French Southern Territories","countries_tg":"Togo","countries_th":"Thailand","countries_tj":"Tajikistan","countries_tk":"Tokelau","countries_tl":"Timor-Leste","countries_tm":"Turkmenistan","countries_tn":"Tunisia","countries_to":"Tonga","countries_tr":"Turkey","countries_tt":"Trinidad and Tobago","countries_tv":"Tuvalu","countries_tw":"Taiwan","countries_tz":"Tanzania","countries_ua":"Ukraine","countries_ug":"Uganda","countries_um":"U.S. Minor Outlying Islands","countries_us":"United States","countries_uy":"Uruguay","countries_uz":"Uzbekistan","countries_va":"Vatican City","countries_vc":"Saint Vincent and the Grenadines","countries_ve":"Venezuela","countries_vg":"British Virgin Islands","countries_vi":"U.S. Virgin Islands","countries_vn":"Vietnam","countries_vu":"Vanuatu","countries_wf":"Wallis and Futuna","countries_ws":"Samoa","countries_ye":"Yemen","countries_yt":"Mayotte","countries_za":"South Africa","countries_zm":"Zambia","countries_zw":"Zimbabwe"}}