{"stats":{"strings":812,"translated":276},"strings":{"deleteCommentPrompt":"Are you sure you want to delete this comment?","downloadDemoHeader":"Download __gamename__ Demo","deckCompat_header":"Steam Deck Compatibility","deckCompat_unknown":"Unknown","deckCompat_unsupported":"Unsupported","deckCompat_playable":"Playable","deckCompat_verified":"Verified","featureHint_desc":"Would you like to enable the following feature?","featureHint_reminder":"You can change your preferences through the options page later.","thewordyes":"Yes","thewordno":"No","theworderror":"Error","noData":"No data","toomanyrequests":"Too Many Requests","showComments":"Show Comments","hideComments":"Hide Comments","thewordunknown":"Unknown","calcWorkshopSize_fileSize":"File size __size__","calcWorkshopSize_calcSize":"Calculate Total Size","calcWorkshopSize_calcLoading":"Calculating __i__/__count__ workshop items, please wait...","calcWorkshopSize_calcFinished":"Finished! Successfully calculated __success__/__total__ items.","calcWorkshopSize_totalSize":"Total size: __size__","cart":"Cart","inCart":"In Cart","steamidOfUser":"SteamID al _utilizator_","copied":"Copiat in clipboard!","viewSteamid":"View SteamID","moreOnSteampeek":"See more on SteamPeek","date":"Date","rating":"Rating","helpful":"Helpful","funny":"Funny","length":"Length","visibility":"Visibility","processing":"Processing...","wait":"Please wait","inviteFriends":"Invite Friends","inviteToGroup":"Invite To Group","inverse":"Inverse","transactionStatus":"__failed__ request(s) failed. Retrieved __size__ of __total__ transactions.","customTags":"Custom Tags","addTag":"Add tag","enterTag":"Enter the custom tag you'd like to add","status":"Status:","connect":"Connect","connected":"Connected","disconnect":"Disconnect","disconnected":"Disconnected","oneclickgoo":"1-Click turn into Gems...","viewInLibrary":"View in Library","support":"Support","email":"E-mail","contact":"Contact","favEmoticonsDragging":"Drag emoticons here to favorite them","favEmoticonsNoAccess":"You don't have access to this emoticon","postHistory":"Vezi istoricul postărilor","addNickname":"Adaugă poreclă","totalSize":"Dimensiune totală","dlcDetails":"Detalii conținut descărcabil","badgeNotUnlocked":"Nu este deblocat","badgeLevel":"Level __level__","each":"Fiecare","viewInMarket":"Vezi pe Piața Comunitară","remove":"Remove","getHelp":"Obține ajutor","addSelectedDlcToCart":"Adaugă DLC-ul selectat în coșul de cumpărături","close":"Închide","error":"A apărut o eroare","go":"Go","activate":"Activează un produs","activateMultipleHeader":"Introduceți codurile produselor mai jos, câte unul pe linie","activateMultiple":"Activează mai multe produse","activateProducts":"Activează produsele","couponApplicationNote":"Un cupon de reducere din inventarul tău Steam va fi aplicat automat la această comandă.","hide":"Ascunde","filters":"Augmented Steam filters","cardsOwned":"__owned__ cărţi colectate din __possible__ posibile","libraryMenu":"Colecție","clearCache":"Șterge date cache","translation":"Traducere","helpTranslate":"Help us translate Augmented Steam over at POEditor","lowest":"Cel mai mic","lowestPrice":"Cel mai mic preț actual:","viewBadgeProgress":"Vezi progresul insignei","badgeProgress":"Progres insignă","salesTotal":"Total vânzări:","viewNormalBadge":"Vizualizează progresul insignei","apppageSections":"Alegeţi secţiunile pe care doriţi sa le vedeţi pe această pagină","website":"Pagină Web","games":"Jocuri","badgeCompletionCost":"Costul completării insignei: __cost__","loading":"Se încarcă...","selling":"Vânzare în curs...","quickSell":"Vinde repede pentru __amount__","quickSellDesc":"Price difference of __modifier__ compared to the price of the cheapest offer currently listed on the Steam Market","instantSell":"Vinde imediat pentru __amount__","instantSellDesc":"The price of the highest buy order currently listed on the Steam Market","quickSellVerify":"Steam Guard confirmation needed","startingAt":"Începând cu: __price__","homepageTabs":"File pe pagina de pornire","store":"Magazin","viewInStore":"Vezi în Magazin","communityHub":"Community Hub","viewOnWebsite":"View on __website__","drmThirdParty":"Avertisment: Acest titlu utilizează un DRM independent Steam __drmlist__.","hoursShort":"__hours__ ore","spamCommentShow":"__num__ comentarii spam ascunse pe această pagină. Click aici pentru a le afișa.","addToWishlist":"Adaugă la lista de dorințe","addFullgameToWishlist":"Add full game to your wishlist","addToWaitlist":"Add to your Waitlist","addFullgameToWaitlist":"Add full game to your Waitlist","removeFromWaitlistTooltip":"Remove from your Waitlist","removeFullgameFromWaitlistTooltip":"Remove full game from your Waitlist","removeFromWishlistAndWaitlistTooltip":"Remove from both your wishlist and Waitlist","removeFullgameFromWishlistAndWaitlistTooltip":"Remove full game from both your wishlist and Waitlist","language":"Limba","theworddefault":"Implicit","thewordclear":"Clear","couponLearnMore_linkText":"Learn more","couponLearnMore_fullText":"__linkdesc__ about Steam Coupons","show":"Afișează","showAll":"Show All","badgesAll":"Toate insignele","esSupporter":"Susținător Enhanced Steam","community":"Comunitate","ownedCollection":"__gametitle__ is already in your IsThereAnyDeal Collection","viewBadge":"Vezi insignă","purchaseTotal":"Total cumpărături:","viewFoilBadge":"Vizualizează progresul insignei înfoliate","viewAstats":"Vezi pagina AStats","contribute":"Contribuie (GitHub)","reviews":"Recenzii","readReviews":"Citește recenziile","readMoreReviews":"Citește mai multe recenzii pe","youtubeGameplay":"YouTube Gameplay","youtubeReviews":"YouTube Reviews","packageInfo":"Informații pachet","badgeCompletionAvg":"Cost aproximativ de completare: __cost__","volumeSoldLast_24":"Volum: __sold__ vândute în ultimele 24 de ore","soldLast_24":"__sold__ vândute în ultimele 24 de ore","homepageCurators":"Steam Curator Recommendations","homepageTopnewreleases":"Top Steam Releases","homepageSidebar":"Bară laterală","dropCalc":"Click aici pentru a afla numărul de cărți de schimb rămase de obținut","price":"Preț","marketTransactions":"Tranzacții piață","loadMarketStats":"Load Market Stats","cardDropsRemaining":"__drops__ cărți de schimb rămase de obținut","badgesDrops":"Insigne cu cărți de schimb rămase","usingLanguageReturn":"Click here to browse Steam in __base__.","guides":"Tutoriale","highlight":"Evidențiere","save":"Salvează","view":"Vizualizează","gameName":"Nume joc","notinterested":"Produse marcate ca 'Neinteresat'","ignoredOwned":"Games you ignored as played on different platform","searchFilters_reviewsScore_between":"Between __lower__% and __upper__% review score","searchFilters_reviewsScore_any":"Any review score","searchFilters_reviewsScore_upTo":"Up to __score__% review score","searchFilters_reviewsScore_from":"From __score__% review score","searchFilters_reviewsCount_count":"Reviews count:","searchFilters_reviewsCount_minCount":"Min count","searchFilters_reviewsCount_maxCount":"Max count","searchFilters_discountPercent_count":"Discount percent:","searchFilters_discountPercent_minCount":"Min %","searchFilters_discountPercent_maxCount":"Max %","searchFilters_hideCart":"Hide items in your Cart","searchFilters_hideEa":"Hide Early Access items","searchFilters_hideMixed":"Hide mixed rating items","searchFilters_hideNegative":"Hide negative rating items","news":"Noutăți","viewinclient":"Vezi în clientul Steam","customBackground":"Imagine de fundal personalizată","customStyle":"Stil particularizat","customStyleHelp":"Toți utilizatorii Augmented Steam vor vedea acestă temă pe profilul tău. Cei ce nu folosesc Augmented Steam nu vor vedea vreo schimbare.","noneselected":"Nicio temă","mostDrops":"Cele mai multe cărți de schimb obținute","netGain":"Câștig net:","apppageRecentupdates":"Recent Events & Announcements","apppageEaheader":"Early Access Info Box","apppageEabanner":"Early Access Discussions Banner","apppageWorkshop":"Steam Workshop Banner","apppageGreenlight":"Steam Greenlight Banner","apppageLegal":"Date cu caracter juridic","apppageFranchise":"Franchise","apppageMorefromfranchise":"More From Franchise","bugFeature":"Raportează Bug / Sugerează Facilități","always":"Întotdeauna","ratingDetails":"Vezi detalii evaluare","dropsWorthAvg":"În valoare de aproximativ","familySharingNotice_notice":"Notice:","familySharingNotice_desc":"This game is excluded from Steam's Family Sharing service.","visitStore":"Vezi pagină magazin","all":"Toate","externalFunds":"External Funds Used","shoppingCartHistory":"View Shopping Cart history","manageWebapiKey":"Manage my Steam Web API key","steamCloudHeader":"Steam Cloud","steamCloudSaves":"View Cloud saves","gamesWithDrops":"__dropsgames__ jocuri ce contin cărți de schimb rămase de obținut","binderView":"Vizualizare tip dosar","usingLanguage":"You are browsing Steam in __current__.","loginWarning":"Make sure that you are logged into __link__ in order to be able to use all features of Augmented Steam.","visitTradeForum":"Vizitează forumul de schimb","purchaseDate":"(Cumpărat pe __date__)","customBackgroundHelp":"Toți utilizatorii de Augmented Steam vor vedea acest fundal pe profilul tău. Cei ce nu folosesc Augmented Steam vor vedea fundalul obișnuit.","dateUnlocked":"Deblocat pe","netSpent":"Cheltuit net:","buy":"Cumpără","buyPackage":"Cumpără __package__","moreInformation":"Mai multe informații","regionUnavailable":"Nu este disponibil în această regiune","avgPrice_3cards":"Prețul mediu a trei cărți de schimb: __price__","groups_leaveGroupsConfirm":"Are you sure you want to leave __n__ selected groups?","groups_manageGroups":"Manage groups","groups_actionGroups":"Select the groups below that you wish to take action on.","groups_select":"Select:","groups_leave":"Leave Groups","groups_selected":"__n__ selected.","groups_leaveAdminConfirm_currentlyAdmin":"You are currently admin of __name__.","groups_leaveAdminConfirm_wantToLeave":"Are you sure you want to leave this group?","export_wishlist":"Export wishlist","export_type":"Export type","export_format":"Text format","export_text":"Text","export_download":"Download","export_copyClipboard":"Copy to clipboard","none":"None","emptyWishlist_title":"Golește lista de dorințe","emptyWishlist_confirm":"Are you sure you want to empty your wishlist? This action cannot be undone!","emptyWishlist_removing":"Removing app __cur__ from __total__...","about":"Despre","never":"Niciodată","couponAvailable":"Ai un cupon disponibil!","launchRandom":"Deschide un joc aleator","playGame":"Vrei să joci __gamename__?","dropsValue":"Cel mai scump obiect","cardsRemain":"Least cards remaining to complete set","wishlist":"Listă de dorințe","onWishlist":"On wishlist","onWaitlist":"In Waitlist","onWishlistAndWaitlist":"On wishlist and Waitlist","cancel":"Anulează","wikiArticle":"Vezi articol __pcgw__","viewAll":"VEZI TOATE","gamesWithBooster":"__boostergames__ jocuri eligibile pentru pachete booster","sortBy":"Sortează după:","playtime":"Playtime","awards":"Awards","year":"Year","lastonline":"Ultima dată online","members":"Members","name":"Name","drmThirdPartySub":"ATENȚIE: Unul sau mai multe produse din acest pachet folosesc DRM terțe __drmlist__.","customize":"Personalizați","bundleSavingText":"Uite cât economisești dacă cumperi acest pachet 'bundle'","thewordoptions":"Opțiuni","discussions":"Discuții","pricing_lowestPrice":"Current best:","pricing_historicalLow":"Historical low:","pricing_bundled":"In bundle:","pricing_withVoucher":"with voucher __voucher__","pricing_store":"at&nbsp;__store__","pricing_bundleCount":"__count__ times","webBrowserChat":"Prin Browserul web","steamClientChat":"Prin Steam","equipOnProfile":"Equip on Profile","previewBackground":"Examinează Fundal","expandSlider":"Extinde","contractSlider":"Restrânge","earlyAccess":"Acces Timpuriu","tagShort":"Folosește etichete scurte pentru a economisi spațiu","noPriceData":"Nu există date de preț disponibile","userScore":"Scor Utilizator","marketPopularItemsToggle":"Comută actualizarea în timp real pentru Obiecte populare","showProgressbar":"Show Augmented Steam progress and status bar","achievements_option":"Afișează realizările pe paginile magazinului","achievements_summary":"__unlocked__ of __total__ (__percentage__%) achievements earned:","bundle_offerEnds":"Oferta expiră","bundle_includes":"Include __num__ produse","bundle_tierIncludes":"__tier__ (__price__) include __num__ produse","bundle_tier":"Nivelul __num__","bundle_header":"Pachete 'bundle' ce conțin acest joc","bundle_info":"Info Pachet","charts_peakall":"vârf all-time","charts_current":"Jucători în prezent","charts_playingNow":"joacă acum","charts_peaktoday":"vârf astăzi","hltb_title":"How Long to Beat","hltb_mainE":"Povestea principală şi Extras","hltb_compl":"Jocul complet","hltb_main":"Povestea principală","options_friendsAndGroups":"Friends and Groups","options_friendsAppendNickname":"Append nicknames to friends' names","options_settingsMngmt_import":"Import","options_settingsMngmt_importSuccess":"Successfully imported settings","options_settingsMngmt_importFail":"Failed to import settings","options_settingsMngmt_export":"Export","options_settingsMngmt_reset":"Reset","options_showCustomThemes":"Show custom themes","options_communityDefaultTab":"Default community home page tab","options_videos":"Videos","options_broadcasts":"Broadcasts","options_artwork":"Artwork","options_screenshots":"Screenshots","options_showBacktotop":"Show back to top button on long pages","options_contextMenu":"Context Menu","options_contextSteamStore":"Search Steam Store for '__query__'","options_contextSteamMarket":"Search Steam Market for '__query__'","options_contextItad":"Search IsThereAnyDeal for '__query__'","options_contextBartervg":"Search Barter.vg for '__query__'","options_contextSteamdb":"Search SteamDB for '__query__'","options_contextSteamdbInstant":"Instant Search SteamDB for '__query__'","options_contextSteamKeys":"Activate steam product keys within selection","options_wsgf":"Afișează informații WSGF (Panoramic)","options_versionShow":"Afișează lista de modificări când Augmented Steam se actualizează","options_steamcardexchange":"Afișează link-uri SteamCardExchange la insigne","options_regionalPrice":"Compararea prețurilor pe regiuni","options_excludef2p":"Exclude jocurile gratuite din evidenţiere","options_profileLinkImagesNone":"Niciunul","options_profileLinks":"Afișează link-uri pe profil pentru","options_tag":"Etichetă","options_icon":"Pictogramă","options_name":"Nume","options_showAlternativeLinuxIcon":"Arată o altă alternativă a pictogramei Linux","options_replacecommunityhublinks":"Replace community hub links with store page links","options_hideannouncementcomments":"Hide comments under all group announcements by default","options_hidetmsymbols":"Hide trademark and copyright symbols in game titles","options_metacritic":"Afișează scorurile de utilizator Metacritic","options_opencritic":"Afișează informații de pe Opencritic.com","options_hideactivelistings":"Ascunde toate listările active de pe pagina de start a Pieței Steam în mod implicit","options_showlowestmarketprice":"Show the lowest market price for your listings","options_clear":"Sunteți sigur că doriți să resetați toate opțiunile? Această acțiune este ireversibilă.","options_coupon":"Produse cu cupoane","options_showPackageInfo":"Afișează informații pachet pentru toate aplicațiile","options_wlbuttoncommunityapp":"Arată butonul \"Adaugă la lista de dorințe\" pe paginile comunității jocului","options_removeguideslanguagefilter":"Nu filtra automat ghidurile după limba utilizatorului","options_confirmdeletecomment":"Show confirmation when deleting comments","options_disablelinkfilter":"Dezactivează confirmarea la accesarea site-urilor externe","options_regionalPriceOn":"Arată diferența preţurilor între regiuni","options_horizontalscrolling":"Enable horizontal scrolling with the mouse wheel","options_supportinfo":"Show support information","options_drm":"Afișează avertismente pentru jocurile cu DRM terțe","options_profileLinkImages":"Profile and Group links image style","options_show1clickgoo":"Arată butonul \"1-Click Transformă în Nestemate...\" pe obiectele din inventar","options_hltb":"Afișează informații HowLongToBeat.com","options_hidespamcomments":"Ascunde comentariile spam din Atelier & profiluri","options_gift":"Produse stocate drept cadou","options_regionalPriceMouse":"trecând cu mouse-ul peste preț","options_lowestpriceHeader":"Informații istoric preț","options_storesAll":"Compară în toate magazinele","options_viewInCurrency":"View in:","options_showEarlyAccess":"Afișează o bandieră pe jocurile cu Acces Timpuriu","options_profileLinkImagesGray":"Nuanțe de gri","options_quickinv":"Afișează butoanele de vânzare rapidă în inventar pentru produsele comunitare","options_quickinvDiff":"Modificator de vânzare rapidă:","options_sendAgeInfo":"Trimite în mod automat verificarea vârstei la cerere","options_showdeckcompat":"Show Steam Deck compatibility ratings in the features list (and fetch the data when it's missing)","options_removebroadcasts":"Completely remove any live broadcast","options_exfgls":"Show a notice if app is excluded from Family Sharing","options_mp4video":"Force videos to be in MP4 format","options_youtube":"Show YouTube links","options_twitch":"Show Twitch links","options_pcgw":"Afișează link-uri PCGamingWiki","options_completionistme":"Show Completionist.me links","options_protondb":"Show ProtonDB links","options_storeSteamcards":"Arată linkurile SteamCardExchange pe paginile magazinului","options_spamcommentregex":"Șir expresie regulată:","options_regionalHideworld":"Ascunde indicatorul global","options_showAstatslink":"Afișează link AStats pe paginile aplicațiilor","options_showYoutubegameplay":"Show \"YouTube Gameplay\" links","options_showYoutubereviews":"Show \"YouTube Reviews\" links","options_openinnewtab":"Open external links in a new tab","options_showbartervg":"Show Barter.vg links","options_guest":"Produse care le ai ca invitație","options_collection":"Items in your ITAD Collection","options_waitlist":"Items in your ITAD Waitlist","options_showPlayersInfo":"Show player count information","options_showallstats":"Show playtime stats on \"All Games\" page","options_lowestpriceOnwishlist":"Afișează în Lista de dorințe","options_steamrepapi":"Arată status-ul SteamRep pe paginile de profil","options_profileSteamid":"Show a link to view SteamIDs","options_profilePinnedBg":"Pin the profile background position while scrolling","options_lowestprice":"Afișează","options_owned":"Produse deținute","options_itadlinks":"Show IsThereAnyDeal links","options_steamdb":"Afișează link-uri SteamDB","options_profileLinkImagesColor":"Colorat","options_showViewInLibrary":"Show \"View in Library\" button","options_installSteamButton":"\"Install Steam\" button","options_replaceViewClient":"Replace with \"View in Client\"","options_showEmptyWishlist":"Afișează butonul \"Golește lista de dorințe\"","options_showWishlistStats":"Show wishlist stats","options_oneclickremovewl":"Skip confirmation when removing items","options_userNotes_userNotes":"User notes","options_userNotes_app":"On app pages","options_userNotes_wishlist":"On my wishlist","options_userNotes_loc":"Storage location","options_userNotes_syncedStorage":"Synced/Local storage","options_userNotes_local":"Local database","options_inventoryNavText":"Arată navigarea avansată pe pagina de inventar","options_marketTotal":"Arată rezumatul tranzacţiilor din piaţa Steam","options_lowestpriceCoupon":"Include coduri promoționale în compararea prețurilor","options_general":"Setări generale","options_apppage":"App page","options_market":"Piață","options_inventory":"Inventar","options_profile":"Profilul","options_group":"Group","options_friendActivity":"Friend Activity Feed","options_groupLinks":"Options for links to 3rd party sites","options_showLanguagewarning":"Arată un avertisment dacă navigarea este într-o alta limbă decât","options_homepage":"Pagină de start","options_homepageDefaultTab":"Pagină de pornire implicită","options_homepageDefaultTabRemember":"Ține minte tab-ul precedent","options_homepageDefaultTabNewreleases":"Lansări populare noi","options_homepageDefaultTabTopsellers":"Cele mai vândute","options_homepageDefaultTabUpcoming":"Următoare","options_homepageDefaultTabSpecials":"Oferte speciale","options_wishlist":"Produse în lista de dorințe","options_addAnotherRegion":"Adaugă","options_skipGotSteam":"Sări peste fereastra 'Ai Steam?'","options_storeGeneralThirdparty":"Opțiuni pentru informații ce provin de pe alte site-uri terțe","options_purchaseDates":"Arată data achiziționării produselor pe paginile magazinului","options_showBadgeProgress":"Afișează progresul insignei pe paginile aplicațiilor în Magazin","options_showCoupon":"Show applicable Steam coupon","options_showWishlistLink":"Afișează pe paginile profilelor un link către lista de dorințe","options_showWishlistCount":"Afișează numărul de produse din lista de dorințe","options_profileShowcaseTwitch":"Add a showcase for Twitch.tv if there is a link","options_profileShowcaseOwnTwitch":"... including your own profile","options_profileShowcaseTwitchProfileonly":"... only if the link is in the Profile Summary","options_lang_english":"Engleză","options_lang_brazilian":"Portugheză-Brazilia","options_lang_bulgarian":"Bulgară","options_lang_czech":"Cehă","options_lang_danish":"Daneză","options_lang_dutch":"Olandeză","options_lang_finnish":"Finlandeză","options_lang_french":"Franceză","options_lang_greek":"Greacă","options_lang_german":"Germană","options_lang_hungarian":"Maghiară","options_lang_italian":"Italiană","options_lang_japanese":"Japoneză","options_lang_koreana":"Coreeană","options_lang_norwegian":"Norvegiană","options_lang_polish":"Poloneză","options_lang_portuguese":"Portugheză","options_lang_russian":"Rusă","options_lang_romanian":"Română","options_lang_schinese":"Chineză simplificată","options_lang_spanish":"Spaniolă","options_lang_latam":"Latin American Spanish","options_lang_swedish":"Suedeză","options_lang_tchinese":"Chineză tradiţională","options_lang_thai":"Tailandeză","options_lang_turkish":"Turcă","options_lang_ukrainian":"Ucraineană","options_lang_vietnamese":"Vietnamese","options_addCustomLink":"Add custom link","options_autoDetect":"Auto-detect","options_addToWaitlist":"Show \"Add to Waitlist\" dropdown on app pages","options_collectionBannerNotOwned":"Only show In Collection banner when I don't own the game on Steam","options_maintainers":"Project Maintainers","options_withHelpOf":"with a lot of help by our __contributors__","options_contributors":"wonderful contributors","options_aboutDesc":"Augmented Steam is a fork of the Enhanced Steam extension.","options_aboutDescLinks":"Visit the extension's __website__ or our __discord__ for more info.","options_footerFork":"a fork by IsThereAnyDeal","options_footerAuthor":"original author jshackles","ready_loading":"Augmented Steam încarcă datele...","ready_ready":"Augmented Steam pregătit","ready_failed":"__amount__ request(s) failed, check browser console for more information","ready_serverOutage":"Augmented Steam servers are currently overloaded","twitch_nowStreaming":"__username__ este live pe Twitch","twitch_viewers":"Spectatori","dlcSelect_wishlistedDlc":"Selectează DLC-uri dorite","dlcSelect_none":"Deselectează tot","dlcSelect_unownedDlc":"Selectează DLC-uri neposedate","tag_wishlist":"Lista de dorințe","tag_coupon":"Cupon","tag_invGift":"Cadou","tag_invGuestpass":"Invitaţie","tag_owned":"Deținute","tag_notinterested":"Nu mă interesează","tag_ignoredOwned":"Ignored (owned)","tag_collection":"Collected","tag_waitlist":"Waitlisted","wallet_customAmount":"Adaugă sumă personalizată","wallet_customAmountText":"Any amount over __minamount__","wallet_customGiftcard":"Select __input__ Custom Gift Card","wsgf_incomplete":"Incomplet","wsgf_unsupported":"Acest scor este acordat jocurilor care nu suportă modul __type__.  Jocul s-ar putea să nu ruleze în modul  __type__, sau imaginea este întinsă pentru a se potrivi. Setarea raportului de aspect nu se salvează.","wsgf_gold":"Această medalie este acordată jocurilor care au primit scoruri perfecte de la WSGF pentru compatibilitatea cu modul __type__, și sunt certificate __type__.","wsgf_silver":"Această medalie este acordată jocurilor care au primit nota B pentru compatibilitatea cu modul __type__.  Toate aceste jocuri sunt fără defecte majore, dar au cel puțin un cusur care împiedică un scor perfect.","wsgf_limited":"Acest scor este acordat jocurilor care au primit nota C pentru compatibilitatea lor cu modul __type__.  Toate aceste jocuri sunt oarecum compatibile cu __type__, dar au probleme semnificative.","wsgf_certifications":"Certificări Widescreen WSGF","itad_enableSyncLibrary":"Enable library sync","itad_enableSyncWishlist":"Enable wishlist sync","itad_import":"Periodically import:","itad_lastImport":"Last import","itad_from":"from ITAD","itad_to":"to ITAD","itad_syncNow":"Sync now","itad_info_itadSteam":"Connecting Augmented Steam with IsThereAnyDeal allows you to apply Augmented Steam's highlighting and tagging to games in your Waitlist and Collection even if you don't have them on Steam.","itad_info_steamItad":"Furthermore, it allows you to import games from your Steam Library and/or Wishlist to IsThereAnyDeal, for improved accuracy (e.g. DLCs or unlisted games). Currently this feature can only add titles, not remove them, so it's not the replacement for IsThereAnyDeal's integrated sync, but an addition to it.","tradeoffer_numItem":"__num__ obiect","tradeoffer_numItems":"__num__ obiecte","tradeoffer_back":"Back to Trade Offers","update_dontShow":"Nu mai afișa","update_updated":"Augmented Steam a fost actualizat la versiunea __version__","update_changes":"View all changes on GitHub","register_success":"Activat cu succes __gamename__","register_owned":"Acest cont Steam deține deja produsul/produsele inclus(e) în această ofertă.","register_notavail":"Ne pare rău, dar acest produs nu este disponibil pentru achiziție în această țară. Cheia produsului nu a fost revendicată.","register_invalid":"Codul produsului pe care l-ați introdus nu este valid. Vă rugăm să verificați dacă ați tastat greșit cheia.","register_already":"Codul produsului pe care l-ați introdus a fost deja activat de un alt cont Steam.","register_dlc":"Codul produsului pe care l-ai introdus necesită deținerea unui alt produs înainte de activare.","register_wallet":"Codul pe care l-ai introdus este de pe un Card Cadou Steam sau un cod pentru Portofelul Steam","register_toomany":"Recent au avut loc prea multe tentative de activare de pe acest cont. Te rugăm să așteptați și să încerci din nou mai târziu.","register_default":"A apărut o eroare neașteptată. Codul produsului tău nu a fost revendicat. Te rugăm să aștepți 30 de minute și să încerci din nou să revendici codul.","wl_label":"stats","wl_totalPrice":"current value","wl_inWishlist":"on wishlist","wl_onSale":"on sale","wl_noPrice":"without price","wl_hidden":"hidden apps","wl_hiddenTooltip":"Apps that have been removed/unlisted and are not visible on wishlists. Click for details.","wl_removeTitle":"Remove this item from your wishlist?","wl_removeConfirm":"Are you sure you want to remove 'appid __appid__' from your wishlist?","wl_removeConfirmWarn":"It cannot be re-added afterwards!","coll_totalTime":"total time","coll_inCollection":"in collection","coll_played":"played","coll_neverPlayed":"never played","userNote_add":"Add a note","userNote_update":"Update note","userNote_addForGame":"Note for __gamename__","userNote_notEnoughSpace":"Not enough space to save note","userNote_notEnoughSpaceDesc":"Augmented Steam can't save any more user notes since your used storage adapter doesn't allow more data to be saved (attempting to use ~__perc__% of the storage capacity).","userNote_closeOnStorage":"You are running close on storage","userNote_closeOnStorageDesc":"Augmented Steam is close to not being able to save any more user notes (~__perc__% storage usage) with your current storage adapter.","userNote_storageWarningDesc":"You can choose to store your user notes in a local database (without synchronization) or continue using the storage method provided by your browser (where new notes can only be added if you delete some old).","userNote_saveSyncedStorage":"Continue using synced storage","userNote_saveLocal":"Store notes locally","userNote_syncOption":"Sync notes automatically","userNote_syncInfo_1":"You can sync your notes between Augmented Steam and IsThereAnyDeal. If you enable automatic sync, notes will be periodically fetched from ITAD. Edits via Augmented Steam will be mirrored to ITAD immediately.","userNote_syncInfo_2":"You can also manually push or pull notes between Augmented Steam and IsThereAnyDeal. We advise you to do so before enabling automatic sync, to ensure the correct version of the note is used, in case you have different notes stored for the same game.","userNote_syncInfo_3":"You can see all your notes stored in the Notes and Tags section on IsThereAnyDeal.","userNote_syncButtonPush":"Push notes to\nIsThereAnyDeal","userNote_syncButtonPull":"Pull notes from\nIsThereAnyDeal","userNote_syncPulled":"__n__ note(s) were pulled from IsThereAnyDeal","userNote_syncPushed":"__n__ note(s) were pushed to IsThereAnyDeal","userNote_syncFailed":"__n__ note(s) failed to sync","userNote_syncError":"Your note failed to sync","userNote_syncErrorEmpty":"Note is empty","userNote_syncErrorUnknown":"ITAD does not know this game","userNote_syncErrorLength":"Note is too long (__length__, max: __max__)","queue_new":"New Queue","queue_newTooltip":"Remove this product from your queue and start a new queue.","workshop_workshop":"Workshop","workshop_subscriptions":"Subscriptions","workshop_subscribeAll":"Subscribe All","workshop_subscribeConfirm":"Are you sure you want to subscribe to all __count__ workshop items with these filters?","workshop_subscribeLoading":"Subscribing to __i__/__count__ workshop items, please wait...","workshop_unsubscribeAll":"Unsubscribe All","workshop_unsubscribeConfirm":"Are you sure you want to unsubscribe to all __count__ workshop items with these filters?","workshop_unsubscribeLoading":"Unsubscribing from __i__/__count__ workshop items, please wait...","workshop_finished":"Finished! __success__ successful, __fail__ failed. Click OK to refresh the page","workshop_failed":"__n__ failed","originalAuthors":"Original authors","acknowledgements":"Acknowledgments","countries_ad":"Andorra","countries_ae":"United Arab Emirates","countries_af":"Afghanistan","countries_ag":"Antigua and Barbuda","countries_ai":"Anguilla","countries_al":"Albania","countries_am":"Armenia","countries_an":"Netherlands Antilles","countries_ao":"Angola","countries_ar":"Argentina","countries_as":"American Samoa","countries_at":"Austria","countries_au":"Australia","countries_aw":"Aruba","countries_az":"Azerbaijan","countries_ba":"Bosnia and Herzegovina","countries_bb":"Barbados","countries_bd":"Bangladesh","countries_be":"Belgium","countries_bf":"Burkina Faso","countries_bg":"Bulgaria","countries_bh":"Bahrain","countries_bi":"Burundi","countries_bj":"Benin","countries_bm":"Bermuda","countries_bn":"Brunei","countries_bo":"Bolivia","countries_br":"Brazil","countries_bs":"Bahamas","countries_bt":"Bhutan","countries_bv":"Bouvet Island","countries_bw":"Botswana","countries_by":"Belarus","countries_bz":"Belize","countries_ca":"Canada","countries_cd":"Congo - Kinshasa","countries_cf":"Central African Republic","countries_cg":"Congo - Brazzaville","countries_ch":"Switzerland","countries_ci":"Côte d’Ivoire","countries_ck":"Cook Islands","countries_cl":"Chile","countries_cm":"Cameroon","countries_cn":"China","countries_co":"Colombia","countries_cr":"Costa Rica","countries_cu":"Cuba","countries_cv":"Cape Verde","countries_cy":"Cyprus","countries_cz":"Czech Republic","countries_de":"Germany","countries_dj":"Djibouti","countries_dk":"Denmark","countries_dm":"Dominica","countries_do":"Dominican Republic","countries_dz":"Algeria","countries_ec":"Ecuador","countries_ee":"Estonia","countries_eg":"Egypt","countries_eh":"Western Sahara","countries_er":"Eritrea","countries_es":"Spain","countries_et":"Ethiopia","countries_fi":"Finland","countries_fj":"Fiji","countries_fk":"Falkland Islands","countries_fm":"Micronesia","countries_fo":"Faroe Islands","countries_fr":"France","countries_ga":"Gabon","countries_gb":"United Kingdom","countries_gd":"Grenada","countries_ge":"Georgia","countries_gf":"French Guiana","countries_gg":"Guernsey","countries_gh":"Ghana","countries_gi":"Gibraltar","countries_gl":"Greenland","countries_gm":"Gambia","countries_gn":"Guinea","countries_gp":"Guadeloupe","countries_gq":"Equatorial Guinea","countries_gr":"Greece","countries_gs":"South Georgia","countries_gt":"Guatemala","countries_gu":"Guam","countries_gw":"Guinea-Bissau","countries_gy":"Guyana","countries_hk":"Hong Kong SAR China","countries_hm":"Heard Island and McDonald Islands","countries_hn":"Honduras","countries_hr":"Croatia","countries_ht":"Haiti","countries_hu":"Hungary","countries_id":"Indonesia","countries_ie":"Ireland","countries_il":"Israel","countries_im":"Isle of Man","countries_in":"India","countries_io":"British Indian Ocean Territory","countries_iq":"Iraq","countries_ir":"Iran","countries_is":"Iceland","countries_it":"Italy","countries_je":"Jersey","countries_jm":"Jamaica","countries_jo":"Jordan","countries_jp":"Japan","countries_ke":"Kenya","countries_kg":"Kyrgyzstan","countries_kh":"Cambodia","countries_ki":"Kiribati","countries_km":"Comoros","countries_kn":"Saint Kitts and Nevis","countries_kp":"North Korea","countries_kr":"South Korea","countries_kw":"Kuwait","countries_ky":"Cayman Islands","countries_kz":"Kazakhstan","countries_la":"Laos","countries_lb":"Lebanon","countries_lc":"Saint Lucia","countries_li":"Liechtenstein","countries_lk":"Sri Lanka","countries_lr":"Liberia","countries_ls":"Lesotho","countries_lt":"Lithuania","countries_lu":"Luxembourg","countries_lv":"Latvia","countries_ly":"Libya","countries_ma":"Morocco","countries_mc":"Monaco","countries_md":"Moldova","countries_me":"Montenegro","countries_mg":"Madagascar","countries_mh":"Marshall Islands","countries_mk":"Macedonia","countries_ml":"Mali","countries_mm":"Myanmar [Burma]","countries_mn":"Mongolia","countries_mo":"Macau SAR China","countries_mp":"Northern Mariana Islands","countries_mq":"Martinique","countries_mr":"Mauritania","countries_ms":"Montserrat","countries_mt":"Malta","countries_mu":"Mauritius","countries_mv":"Maldives","countries_mw":"Malawi","countries_mx":"Mexico","countries_my":"Malaysia","countries_mz":"Mozambique","countries_na":"Namibia","countries_nc":"New Caledonia","countries_ne":"Niger","countries_nf":"Norfolk Island","countries_ng":"Nigeria","countries_ni":"Nicaragua","countries_nl":"Netherlands","countries_no":"Norway","countries_np":"Nepal","countries_nr":"Nauru","countries_nu":"Niue","countries_nz":"New Zealand","countries_om":"Oman","countries_pa":"Panama","countries_pe":"Peru","countries_pf":"French Polynesia","countries_pg":"Papua New Guinea","countries_ph":"Philippines","countries_pk":"Pakistan","countries_pl":"Poland","countries_pm":"Saint Pierre and Miquelon","countries_pn":"Pitcairn Islands","countries_pr":"Puerto Rico","countries_ps":"Palestinian Territories","countries_pt":"Portugal","countries_pw":"Palau","countries_py":"Paraguay","countries_qa":"Qatar","countries_re":"Réunion","countries_ro":"Romania","countries_rs":"Serbia","countries_ru":"Russia","countries_rw":"Rwanda","countries_sa":"Saudi Arabia","countries_sb":"Solomon Islands","countries_sc":"Seychelles","countries_sd":"Sudan","countries_se":"Sweden","countries_sg":"Singapore","countries_sh":"Saint Helena","countries_si":"Slovenia","countries_sk":"Slovakia","countries_sl":"Sierra Leone","countries_sm":"San Marino","countries_sn":"Senegal","countries_so":"Somalia","countries_sr":"Suriname","countries_st":"São Tomé and Príncipe","countries_sv":"El Salvador","countries_sy":"Syria","countries_sz":"Swaziland","countries_tc":"Turks and Caicos Islands","countries_td":"Chad","countries_tf":"French Southern Territories","countries_tg":"Togo","countries_th":"Thailand","countries_tj":"Tajikistan","countries_tk":"Tokelau","countries_tl":"Timor-Leste","countries_tm":"Turkmenistan","countries_tn":"Tunisia","countries_to":"Tonga","countries_tr":"Turkey","countries_tt":"Trinidad and Tobago","countries_tv":"Tuvalu","countries_tw":"Taiwan","countries_tz":"Tanzania","countries_ua":"Ukraine","countries_ug":"Uganda","countries_um":"U.S. Minor Outlying Islands","countries_us":"United States","countries_uy":"Uruguay","countries_uz":"Uzbekistan","countries_va":"Vatican City","countries_vc":"Saint Vincent and the Grenadines","countries_ve":"Venezuela","countries_vg":"British Virgin Islands","countries_vi":"U.S. Virgin Islands","countries_vn":"Vietnam","countries_vu":"Vanuatu","countries_wf":"Wallis and Futuna","countries_ws":"Samoa","countries_ye":"Yemen","countries_yt":"Mayotte","countries_za":"South Africa","countries_zm":"Zambia","countries_zw":"Zimbabwe"}}