{"stats":{"strings":812,"translated":788},"strings":{"deleteCommentPrompt":"Вы уверены, что хотите удалить этот комментарий?","downloadDemoHeader":"Скачать демо-версию __gamename__","deckCompat_header":"Совместимость со Steam Deck","deckCompat_unknown":"Неизвестно","deckCompat_unsupported":"Не поддерживается","deckCompat_playable":"Можно играть","deckCompat_verified":"Полностью совместимо","featureHint_desc":"Вы хотите включить данную опцию?","featureHint_reminder":"Вы сможете изменить ваши предпочтения на странице настроек позже.","thewordyes":"Да","thewordno":"Нет","theworderror":"Ошибка","noData":"Нет данных","toomanyrequests":"Слишком много запросов","showComments":"Показывать комментарии","hideComments":"Скрыть комментарии","thewordunknown":"Неизвестно","calcWorkshopSize_fileSize":"Размер файла __size__","calcWorkshopSize_calcSize":"Рассчитать полный размер","calcWorkshopSize_calcLoading":"Подсчёт __i__/__count__ работ мастерской, пожалуйста, подождите...","calcWorkshopSize_calcFinished":"Готово! Успешно подсчитано __success__/__total__ работ.","calcWorkshopSize_totalSize":"Полный размер: __size__","cart":"Корзина","inCart":"В корзине","steamidOfUser":"SteamID __user__","copied":"Скопировано в буфер обмена!","viewSteamid":"SteamID","moreOnSteampeek":"Подробнее на SteamPeak","date":"Дата","rating":"Оценка","helpful":"Полезно","funny":"Забавно","length":"Длина","visibility":"Видимость","processing":"Обработка...","wait":"Пожалуйста, подождите","inviteFriends":"Пригласить друзей","inviteToGroup":"Пригласить в группу","inverse":"Инвертировать","transactionStatus":"Не удалось обработать __failed__ запрос(-ов). Получено __size__ из __total__ транзакций.","customTags":"Свои метки","addTag":"Добавить метку","enterTag":"Введите метку, которую вы хотите добавить","status":"Состояние:","connect":"Подключиться","connected":"Подключено","disconnect":"Отключиться","disconnected":"Отключено","oneclickgoo":"Превратить в самоцветы в 1 нажатие","viewInLibrary":"Открыть в библиотеке","support":"Поддержка","email":"Эл. почта","contact":"Связаться","favEmoticonsDragging":"Перетащите смайлики для добавления в избранное","favEmoticonsNoAccess":"У вас нет доступа к этому смайлику","postHistory":"Показать историю сообщений","addNickname":"Добавить псевдоним","totalSize":"Общий размер","dlcDetails":"Информация загружаемого контента","badgeNotUnlocked":"Не открыто","badgeLevel":"__level__-й уровень","each":"Каждая","viewInMarket":"Просмотреть на торговой площадке","remove":"Удалить","getHelp":"Получить помощь","addSelectedDlcToCart":"Добавить выделенные дополнения в корзину","close":"Закрыть","error":"Произошла ошибка","go":"Туда","activate":"Активировать продукт","activateMultipleHeader":"Введите коды ниже по одному на строку","activateMultiple":"Активировать несколько продуктов","activateProducts":"Активировать продукты","couponApplicationNote":"При покупке купон будет использован автоматически.","hide":"Скрыть","filters":"Фильтры Augmented Steam (Скрыть товары)","cardsOwned":"Есть __owned__ карт из __possible__ возможных","libraryMenu":"Библиотека","clearCache":"Очистить кэш данных","translation":"Перевод","helpTranslate":"Помогите нам перевести Augmented Steam на сайте POEditor","lowest":"Самый низкий","lowestPrice":"Самая низкая цена:","viewBadgeProgress":"Просмотреть прогресс значка","badgeProgress":"Прогресс значка","salesTotal":"Общая стоимость:","viewNormalBadge":"Просмотреть прогресс обычного значка","apppageSections":"Выберите разделы, которые вы бы хотели видеть на этой странице","website":"Веб-сайт","games":"Игры","badgeCompletionCost":"Стоимость завершения значка: __cost__","loading":"Загрузка…","selling":"Продажа...","quickSell":"Быстро продать за __amount__","quickSellDesc":"Разница в цене - __modifier__ по сравнению с самым дешёвым предложением на торговой площадке","instantSell":"Мгновенно продать за __amount__","instantSellDesc":"Стоимость самого дорогого запроса на торговой площадке на данный момент","quickSellVerify":"Необходимо подтверждение Steam Guard","startingAt":"Начиная от: __price__","homepageTabs":"Вкладки на главной странице","store":"Магазин","viewInStore":"Просмотреть в магазине","communityHub":"Центр сообщества","viewOnWebsite":"Посмотреть на __website__","drmThirdParty":"Внимание: эта игра использует DRM-технологию сторонних поставщиков __drmlist__.","hoursShort":"__hours__ ч.","spamCommentShow":"Скрыто спам-комментариев на этой странице: __num__ Нажмите здесь, чтобы их показать.","addToWishlist":"Добавить в список желаемого","addFullgameToWishlist":"Add full game to your wishlist","addToWaitlist":"Добавить в список ожидаемого","addFullgameToWaitlist":"Add full game to your Waitlist","removeFromWaitlistTooltip":"Удалить из списка ожидаемого","removeFullgameFromWaitlistTooltip":"Remove full game from your Waitlist","removeFromWishlistAndWaitlistTooltip":"Удалить из списка желаемого и списка ожидаемого","removeFullgameFromWishlistAndWaitlistTooltip":"Remove full game from both your wishlist and Waitlist","language":"Язык","theworddefault":"По умолчанию","thewordclear":"Очистить","couponLearnMore_linkText":"Узнать больше","couponLearnMore_fullText":"__linkdesc__ о купонах Steam","show":"Показать","showAll":"Показать все","badgesAll":"Все значки","esSupporter":"Спонсор «Enhanced Steam»","community":"Сообщество","ownedCollection":"__gametitle__ is already in your IsThereAnyDeal Collection","viewBadge":"Просмотреть значок","purchaseTotal":"Всего покупок:","viewFoilBadge":"Просмотреть прогресс металлического значка","viewAstats":"Просмотреть страницу AStats","contribute":"Внести вклад (GitHub)","reviews":"Обзоры","readReviews":"Читать отзывы","readMoreReviews":"Читать больше отзывов на","youtubeGameplay":"Игровой процесс на YouTube","youtubeReviews":"Обзоры на YouTube","packageInfo":"Информация о комплекте","badgeCompletionAvg":"Средняя стоимость завершения значка: __cost__","volumeSoldLast_24":"Объём: __sold__ продано за последние 24 часа","soldLast_24":"__sold__ продано за последние 24 часа","homepageCurators":"Рекомендации куратора Steam","homepageTopnewreleases":"Популярные выпуски в Steam","homepageSidebar":"Боковая панель","dropCalc":"Щёлкните здесь, чтобы вычислить остающиеся выпадения","price":"Цена","marketTransactions":"Операции на площадке","loadMarketStats":"Загрузить статистику торговой площадки","cardDropsRemaining":"Ещё выпадет карточек: __drops__","badgesDrops":"Значков с возможностью выпадения карточек","usingLanguageReturn":"Нажмите здесь, чтобы пользоваться Steam на языке: __base__.","guides":"Руководства","highlight":"Подсвечивать","save":"Сохранить","view":"Просмотреть","gameName":"Название игры","notinterested":"Скрытые вами","ignoredOwned":"Игры, которые вы скрыли, так как играли на другой платформе","searchFilters_reviewsScore_between":"Между __lower__ и __upper__ обзорами","searchFilters_reviewsScore_any":"Любое количество положительных обзоров","searchFilters_reviewsScore_upTo":"До  __score__% положительных обзоров","searchFilters_reviewsScore_from":"От __score__% положительных обзоров","searchFilters_reviewsCount_count":"Количество обзоров:","searchFilters_reviewsCount_minCount":"Минимум","searchFilters_reviewsCount_maxCount":"Максимум","searchFilters_discountPercent_count":"Процент скидки:","searchFilters_discountPercent_minCount":"мин.","searchFilters_discountPercent_maxCount":"макс.","searchFilters_hideCart":"Из вашей корзины","searchFilters_hideEa":"В раннем доступе","searchFilters_hideMixed":"Со смешанными отзывами","searchFilters_hideNegative":"С отрицательными отзывами","news":"Новости","viewinclient":"Просмотр в клиенте Steam","customBackground":"Пользовательский фон","customStyle":"Пользовательская тема","customStyleHelp":"Все пользователи Augmented Steam увидят эту тему в вашем профиле. Пользователи без этого расширения не увидят каких-либо изменений.","noneselected":"Не выбрано / без изменений","mostDrops":"Большинство выпадений","netGain":"Чистый доход:","apppageRecentupdates":"Недавние события и объявления","apppageEaheader":"Информация о раннем доступе","apppageEabanner":"Баннер обсуждений раннего доступа","apppageWorkshop":"Баннер мастерской Steam","apppageGreenlight":"Баннер Steam Greenlight","apppageLegal":"Правовая информация","apppageFranchise":"Франшиза","apppageMorefromfranchise":"Больше из франшизы","bugFeature":"Сообщить об ошибке / предложить функцию","always":"Всегда","ratingDetails":"Просмотреть информацию рейтинга","dropsWorthAvg":"Примерная стоимость","familySharingNotice_notice":"Предупреждение:","familySharingNotice_desc":"У этой игры отключена функция Steam Family Sharing.","visitStore":"Посетить страницу магазина","all":"Все","externalFunds":"Использованные сайты сбора денег","shoppingCartHistory":"Посмотреть историю корзины","manageWebapiKey":"Редактировать ключ Steam Web API","steamCloudHeader":"Steam Cloud","steamCloudSaves":"Посмотреть сохранения в Steam Cloud","gamesWithDrops":"Игр, в которых могут выпасть карточки: __dropsgames__","binderView":"Вид «Папки»","usingLanguage":"Вы находитесь на сайте Steam, используя язык: __current__.","loginWarning":"Убедитесь, что вы вошли в __link__, чтобы иметь доступ ко всем возможностям Augmented Steam.","visitTradeForum":"Посетить форум обмена","purchaseDate":"(Куплено __date__)","customBackgroundHelp":"Все пользователи Augmented Steam увидят этот фон в вашем профиле. Пользователи, у которых не установлен Augmented Steam, увидят выбранный вами фон выше.","dateUnlocked":"Дата открытия","netSpent":"Потрачено:","buy":"Купить","buyPackage":"Купить __package__","moreInformation":"Больше","regionUnavailable":"Недоступно в этом регионе","avgPrice_3cards":"Средняя цена трёх коллекционных карточек: __price__","groups_leaveGroupsConfirm":"Вы уверены, что хотите покинуть __n__ выбранных групп?","groups_manageGroups":"Управление группами","groups_actionGroups":"Выберите группы, над которыми хотите совершить действия.","groups_select":"Выбрать:","groups_leave":"Покинуть группы","groups_selected":"__n__ выбрано.","groups_leaveAdminConfirm_currentlyAdmin":"Вы — администратор __name__.","groups_leaveAdminConfirm_wantToLeave":"Вы уверены, что хотите покинуть эту группу?","export_wishlist":"Экспортировать список желаемого","export_type":"Тип экспорта","export_format":"Текстовый формат","export_text":"Текст","export_download":"Скачать","export_copyClipboard":"Скопировать в буфер обмена","none":"Нет","emptyWishlist_title":"Очистить список желаемого","emptyWishlist_confirm":"Вы уверены, что хотите очистить ваш список желаемого? Это действие нельзя отменить!","emptyWishlist_removing":"Удаляем приложение __cur__ из __total__...","about":"О расширении","never":"Никогда","couponAvailable":"У вас есть купон!","launchRandom":"Запустить случайную игру","playGame":"Играть в __gamename__?","dropsValue":"Самая дорогая карточка","cardsRemain":"Наименьшее количество карт, оставшихся для полного комплекта","wishlist":"Список желаемого","onWishlist":"В списке желаемого","onWaitlist":"В списке ожидаемого","onWishlistAndWaitlist":"В списке желаемого и ожидаемого","cancel":"Отмена","wikiArticle":"Посмотреть статью __pcgw__","viewAll":"ПРОСМОТРЕТЬ ВСЕ","gamesWithBooster":"Игр, у которых выпадет набор карточек: __boostergames__ ","sortBy":"Сортировать по:","playtime":"Время в игре","awards":"Награды","year":"Год","lastonline":"Последний раз в сети:","members":"Участники","name":"Название","drmThirdPartySub":"Внимание: один или несколько продуктов в этом наборе используют DRM-технологию сторонних поставщиков __drmlist__.","customize":"Настроить","bundleSavingText":"Купив этот набор, вы сэкономите","thewordoptions":"Настройки","discussions":"Обсуждения","pricing_lowestPrice":"Лучшее предложение:","pricing_historicalLow":"Исторический минимум:","pricing_bundled":"В наборе:","pricing_withVoucher":"с промокодом __voucher__","pricing_store":"в&nbsp;__store__","pricing_bundleCount":"__count__ раз(-а)","webBrowserChat":"Чат веб-браузера","steamClientChat":"Чат клиента Steam","equipOnProfile":"Использовать в профиле","previewBackground":"Предварительный просмотр фона","expandSlider":"Развернуть ползунок","contractSlider":"Свернуть ползунок","earlyAccess":"Ранний доступ","tagShort":"Использовать короткие метки для экономии места","noPriceData":"Данные о цене отсутствуют","userScore":"Оценка пользователей","marketPopularItemsToggle":"Переключить режим автообновления для популярных продуктов","showProgressbar":"Показывать полосу прогресса и состояния Augmented Steam","achievements_option":"Показывать прогресс достижений","achievements_summary":"Получено __unlocked__ из __total__ достижений (__percentage__%):","bundle_offerEnds":"Предложение заканчивается","bundle_includes":"Содержит __num__ продуктов","bundle_tierIncludes":"__tier__ (__price__) включает __num__ продуктов","bundle_tier":"Уровень __num__","bundle_header":"Наборы, в которых есть эта игра","bundle_info":"Информация о наборе","charts_peakall":"пик за всё время","charts_current":"Текущее количество игроков","charts_playingNow":"сейчас играют","charts_peaktoday":"сегодняшний пик","hltb_title":"Время прохождения","hltb_mainE":"История и другое","hltb_compl":"На 100%","hltb_main":"История","options_friendsAndGroups":"Друзья и группы","options_friendsAppendNickname":"Присвоить ники к именам друзей","options_settingsMngmt_import":"Импорт","options_settingsMngmt_importSuccess":"Настройки успешно импортированы","options_settingsMngmt_importFail":"Не удалось импортировать настройки","options_settingsMngmt_export":"Экспорт","options_settingsMngmt_reset":"Сбросить","options_showCustomThemes":"Показывать пользовательские темы","options_communityDefaultTab":"Вкладка по умолчанию на главной странице сообщества","options_videos":"Видео","options_broadcasts":"Трансляции","options_artwork":"Иллюстрации","options_screenshots":"Скриншоты","options_showBacktotop":"Показывать кнопку для возврата на верх страницы на длинных страницах","options_contextMenu":"Контекстное меню","options_contextSteamStore":"Искать «__query__» в магазине Steam","options_contextSteamMarket":"Искать «__query__» на торговой площадке Steam","options_contextItad":"Искать «__query__» на IsThereAnyDeal","options_contextBartervg":"Искать «__query__» на Barter.vg","options_contextSteamdb":"Искать «__query__» в SteamDB","options_contextSteamdbInstant":"Быстрый поиск «__query__» в SteamDB","options_contextSteamKeys":"Активировать ключи Steam внутри выделения","options_wsgf":"Показывать информацию о поддержке широкоэкранных мониторов (WSGF)","options_versionShow":"Показывать журнал изменений при обновлении Augmented Steam","options_steamcardexchange":"Показывать ссылки сайта SteamCardExchange на значках","options_regionalPrice":"Сравнение цен в регионах","options_excludef2p":"Исключить бесплатные игры из подсвечивания","options_profileLinkImagesNone":"Без картинок","options_profileLinks":"Показывать ссылки в профиле на:","options_tag":"Метка","options_icon":"Значок","options_name":"Название","options_showAlternativeLinuxIcon":"Показывать альтернативный значок Linux","options_replacecommunityhublinks":"Заменить ссылки на центры сообществ ссылками на страницы магазинов в ленте активности","options_hideannouncementcomments":"Скрыть комментарии под всеми объявлениями в группах по умолчанию","options_hidetmsymbols":"Скрывать символы торговых марок и авторских прав в названиях игр","options_metacritic":"Показывать пользовательский рейтинг Metacritic","options_opencritic":"Показывать информацию Opencritic.com","options_hideactivelistings":"Скрыть активные лоты на площадке по умолчанию","options_showlowestmarketprice":"Показывать самую низкую цену на торговой площадке для предметов","options_clear":"Вы уверены, что хотите сбросить эти настройки? Действие необратимо. ","options_coupon":"Продукты, на которые у вас есть купон","options_showPackageInfo":"Показывать кнопку «Информация о наборе» для всех наборов","options_wlbuttoncommunityapp":"Показывать кнопку «Добавить в список желаемого» в центрах сообщества","options_removeguideslanguagefilter":"Отменить автофильтр руководств по языку в профиле","options_confirmdeletecomment":"Показывать подтверждение при удалении комментариев","options_disablelinkfilter":"Отключить подтверждение при переходе на внешние сайты","options_regionalPriceOn":"Показывать сравнение цен","options_horizontalscrolling":"Включить горизонтальное прокручивание колёсиком мыши","options_supportinfo":"Показывать информацию о поддержке","options_drm":"Показывать предупреждения о DRM-технологиях сторонних разработчиков (GFWL, Uplay и т.д.)","options_profileLinkImages":"Стиль значков для ссылок на профили и группы","options_show1clickgoo":"Показывать кнопку «Превратить в самоцветы одним нажатием» у подходящих предметов","options_hltb":"Показывать информацию HowLongToBeat.com","options_hidespamcomments":"Скрыть комментарии в мастерской и профилях, помеченные как спам","options_gift":"Продукты, которые находятся в вашем инвентаре","options_regionalPriceMouse":"При наведении курсора","options_lowestpriceHeader":"Информация по истории цен","options_storesAll":"Сравнить все магазины","options_viewInCurrency":"Валюта:","options_showEarlyAccess":"Показывать баннеры раннего доступа","options_profileLinkImagesGray":"Чёрно-белые","options_quickinv":"Показывать кнопку быстрой продажи предметов сообщества Steam в инвентаре","options_quickinvDiff":"Модификатор быстрой продажи:","options_sendAgeInfo":"Автоматически отправлять подтверждение возраста при запросе","options_showdeckcompat":"Показывать рейтинг совместимости со Steam Deck в списке возможностей продукта (и получать данные, если они отсутствуют).","options_removebroadcasts":"Полностью удалить все прямые трансляции","options_exfgls":"Показывать уведомление, если приложение исключено из Family Sharing","options_mp4video":"Всегда запускать видео в магазине в формате MP4","options_youtube":"Показывать ссылки на YouTube","options_twitch":"Показывать ссылки на Twitch","options_pcgw":"Показывать ссылки на PCGamingWiki ","options_completionistme":"Показывать ссылки на Completionist.me","options_protondb":"Показывать ссылки на ProtonDB","options_storeSteamcards":"Показывать ссылки SteamCardExchange","options_spamcommentregex":"Строка регулярных выражений:","options_regionalHideworld":"Скрыть значок глобуса","options_showAstatslink":"Показывать ссылки AStats","options_showYoutubegameplay":"Показывать ссылки на видео игрового процесса с YouTube","options_showYoutubereviews":"Показывать ссылки на обзоры с YouTube","options_openinnewtab":"Открывать внешние ссылки в новой вкладке","options_showbartervg":"Показывать ссылки на Barter.vg","options_guest":"Продукты, для которых у вас есть гостевой пропуск","options_collection":"Продукты из вашей коллекции ITAD","options_waitlist":"Продукты из вашего списка ожидаемого ITAD","options_showPlayersInfo":"Показывать информацию о количестве игроков","options_showallstats":"Показывать статистику по времени на странице «Все игры»","options_lowestpriceOnwishlist":"Показывать в списке желаемого","options_steamrepapi":"Показывать статус SteamRep","options_profileSteamid":"Показывать SteamID в профилях","options_profilePinnedBg":"Закрепить положение фонового изображения во время прокрутки","options_lowestprice":"Показать","options_owned":"Из вашей библиотеки","options_itadlinks":"Показывать ссылки на IsThereAnyDeal","options_steamdb":"Показывать ссылки SteamDB","options_profileLinkImagesColor":"Цветные","options_showViewInLibrary":"Показывать кнопку «Открыть в библиотеке» у приобретённых игр","options_installSteamButton":"Кнопка «Установить Steam»","options_replaceViewClient":"Заменить на «Просмотр в клиенте Steam»","options_showEmptyWishlist":"Показывать кнопку «Очистить список желаемого»","options_showWishlistStats":"Показывать статистику списка желаемого","options_oneclickremovewl":"Пропускать подтверждение удаления продуктов","options_userNotes_userNotes":"Пользовательские заметки","options_userNotes_app":"На страницах приложений","options_userNotes_wishlist":"В моём списке желаемого","options_userNotes_loc":"Место хранения","options_userNotes_syncedStorage":"Синхронизируемое/локальное хранилище","options_userNotes_local":"Локальная база данных","options_inventoryNavText":"Показывать расширенную навигацию на странице инвентаря","options_marketTotal":"Показывать сумму всех операций на торговой площадке","options_lowestpriceCoupon":"Включать купоны в ценовые сравнения","options_general":"Главное","options_apppage":"Страница в магазине","options_market":"Магазин","options_inventory":"Инвентарь","options_profile":"Профиль","options_group":"Группы","options_friendActivity":"Лента активности друзей","options_groupLinks":"Показывать ссылки в группах на:","options_showLanguagewarning":"Показывать предупреждение, если страница открыта на другом языке","options_homepage":"Начальная страница","options_homepageDefaultTab":"Вкладка начальной страницы по умолчанию","options_homepageDefaultTabRemember":"Запомнить предыдущие","options_homepageDefaultTabNewreleases":"Популярные новинки","options_homepageDefaultTabTopsellers":"Лидеры продаж","options_homepageDefaultTabUpcoming":"Скоро выйдут","options_homepageDefaultTabSpecials":"Скидки","options_wishlist":"Из вашего списка желаемого","options_addAnotherRegion":"Добавить","options_skipGotSteam":"Пропустить окно «У вас есть установленный клиент Steam?»","options_storeGeneralThirdparty":"Настройки получения информации от сторонних сайтов","options_purchaseDates":"Показывать дату покупки","options_showBadgeProgress":"Показывать прогресс значка","options_showCoupon":"Показывать применяемые купоны","options_showWishlistLink":"Показывать список желаемого в профиле","options_showWishlistCount":"Показывать количество элементов в списке желаемого","options_profileShowcaseTwitch":"Добавить витрину для Twitch.tv, если есть ссылка","options_profileShowcaseOwnTwitch":"...включая ваш профиль","options_profileShowcaseTwitchProfileonly":"...только если эта ссылка есть в описании профиля","options_lang_english":"Английский","options_lang_brazilian":"Бразильский португальский","options_lang_bulgarian":"Болгарский","options_lang_czech":"Чешский","options_lang_danish":"Датский","options_lang_dutch":"Нидерландский","options_lang_finnish":"Финский","options_lang_french":"Французский","options_lang_greek":"Греческий","options_lang_german":"Немецкий","options_lang_hungarian":"Венгерский","options_lang_italian":"Итальянский","options_lang_japanese":"Японский","options_lang_koreana":"Корейский","options_lang_norwegian":"Норвежский","options_lang_polish":"Польский","options_lang_portuguese":"Португальский","options_lang_russian":"Русский","options_lang_romanian":"Румынский","options_lang_schinese":"Упрощённый китайский","options_lang_spanish":"Испанский","options_lang_latam":"Латиноамериканский испанский","options_lang_swedish":"Шведский","options_lang_tchinese":"Традиционный китайский","options_lang_thai":"Тайский","options_lang_turkish":"Турецкий","options_lang_ukrainian":"Украинский","options_lang_vietnamese":"Вьетнамский","options_addCustomLink":"Добавить свою ссылку","options_autoDetect":"Автоопределение","options_addToWaitlist":"Показывать кнопку «Добавить в список ожидаемого» на страницах продуктов","options_collectionBannerNotOwned":"Only show In Collection banner when I don't own the game on Steam","options_maintainers":"Кураторы проекта","options_withHelpOf":"c большой помощью от наших __contributors__","options_contributors":"великолепных помощников","options_aboutDesc":"Augmented Steam - это модифицированная версия расширения Enhanced Steam.","options_aboutDescLinks":"Посетите __website__ расширения или наш __discord__-сервер для дополнительной информации.","options_footerFork":"автор модифицированной версии: IsThereAnyDeal","options_footerAuthor":"автор оригинала: jshackles","ready_loading":"Augmented Steam загружается...","ready_ready":"Augmented Steam готов","ready_failed":"__amount__ запрос(-ов) прошло с ошибкой, проверьте консоль браузера для дополнительной информации","ready_serverOutage":"Сервера Augmented Steam сейчас перегружены","twitch_nowStreaming":"__username__ начинает трансляцию на Twitch","twitch_viewers":"Зрители","dlcSelect_wishlistedDlc":"Выбрать дополнения из списка желаемого","dlcSelect_none":"Снять выбор","dlcSelect_unownedDlc":"Выбрать не купленные дополнения","tag_wishlist":"Список желаемого","tag_coupon":"Купон","tag_invGift":"Подарок","tag_invGuestpass":"Гостевой пропуск","tag_owned":"Приобретено","tag_notinterested":"Не интересно","tag_ignoredOwned":"Скрыто (уже приобретено)","tag_collection":"В коллекции","tag_waitlist":"В списке ожидаемого","wallet_customAmount":"Добавить определённую сумму","wallet_customAmountText":"Любая сумма свыше __minamount__","wallet_customGiftcard":"Подарочная карта на __input__","wsgf_incomplete":"Не завершено","wsgf_unsupported":"Эта оценка присуждается играм, которые не имеют поддержки __type__. Существует шанс, что игра будет не играбельной в __type__, или само изображение будет растянуто до размеров окна. Правильное соотношение сторон не сохраняется.","wsgf_gold":"Эта медаль присуждается играм, которые получили «Отлично» от WSGF за их поддержку __type__ и сертификат __type__.","wsgf_silver":"Эта медаль присуждается играм, которые получили «Хорошо» за поддержку __type__.  Все эти игры не имеют серьёзных недостатков, но из-за некоторых недочётов высший балл получить невозможно.","wsgf_limited":"Эта оценка присуждается играм, которые получили «Средне» за поддержку __type__. Все эти игры могут поддерживать __type__, но также существует шанс, что с игрой могут возникнуть проблемы.","wsgf_certifications":"Широкоформатные сертификации WSGF","itad_enableSyncLibrary":"Enable library sync","itad_enableSyncWishlist":"Enable wishlist sync","itad_import":"Периодически импортировать:","itad_lastImport":"Last import","itad_from":"from ITAD","itad_to":"to ITAD","itad_syncNow":"Синхронизировать сейчас","itad_info_itadSteam":"Связь аккаунта IsThereAnyDeal с Augmented Steam даёт возможность использовать выделение игр и добавление меток для игр в списке ожидаемого и коллекции, даже если этих игр у вас нет в Steam.","itad_info_steamItad":"Так же, это позволяет вам импортировать игры из вашей библиотеки Steam и/или списка желаемого в IsThereAnyDeal для улучшенной точности (например доп. контент или скрытые игры). На данный момент эта функция может лишь добавлять игры, но не удалять их, потому она не является полной заменой встроенной синхронизации IsThereAnyDeal, а лишь дополнением к ней.","tradeoffer_numItem":"__num__ элем.","tradeoffer_numItems":"__num__ элем.","tradeoffer_back":"Вернуться к предложениям обмена","update_dontShow":"Больше не показывать","update_updated":"Augmented Steam был обновлён до версии __version__","update_changes":"Просмотр изменений на GitHub","register_success":"__gamename__ успешно активирована","register_owned":"Этот аккаунт Steam уже содержит продукт(-ы), которые содержатся в этом предложении.","register_notavail":"Извините, но этот продукт нельзя купить в вашей стране. Ваш ключ продукта не был активирован.","register_invalid":"Введённый код продукта неверен. Пожалуйста, проверьте, правильно ли введён ключ.","register_already":"Код продукта, который вы ввели, уже был активирован на другом аккаунте Steam.","register_dlc":"Код продукта, который вы ввели, требует обладания другим продуктом перед активацией.","register_wallet":"Код, который вы ввели, является кодом от подарочной карты Steam или кодом кошелька Steam","register_toomany":"С этого аккаунта было слишком много попыток активации в последнее время. Пожалуйста, подождите и попробуйте позже.","register_default":"Произошла неожиданная ошибка. Ваш код продукта не был активирован. Пожалуйста, подождите 30 минут и попробуйте заново.","wl_label":"статистика","wl_totalPrice":"текущая цена","wl_inWishlist":"в списке желаемого","wl_onSale":"по скидке","wl_noPrice":"без цены","wl_hidden":"скрытые приложения","wl_hiddenTooltip":"Приложения, которые были удалены/не включены в список и не отображаются в списке желаемого. Нажмите для подробностей.","wl_removeTitle":"Удалить этот товар из списка желаемого?","wl_removeConfirm":"Вы уверены, что хотите удалить «appid __appid__» из своего списка желаемого?","wl_removeConfirmWarn":"Впоследствии она не может быть добавлена повторно!","coll_totalTime":"время в игре","coll_inCollection":"в коллекции","coll_played":"сыграно","coll_neverPlayed":"не запускалось","userNote_add":"Добавить заметку","userNote_update":"Обновить заметку","userNote_addForGame":"Заметка для __gamename__","userNote_notEnoughSpace":"Недостаточно места, чтобы сохранить заметку","userNote_notEnoughSpaceDesc":"Augmented Steam более не может сохранять заметки, так как в выбранном вами месте хранения заканчивается место (попытка использовать ~__perc__% вместимости сервера).","userNote_closeOnStorage":"У вас заканчивается место","userNote_closeOnStorageDesc":"У Augmented Steam заканчивается место для сохранения заметок в выбранном вами хранилище (использовано ~__perc__% хранилища).","userNote_storageWarningDesc":"Вы можете хранить заметки в локальной базе данных (без синхронизации), или продолжить использовать хранилище, предоставленное браузером (тогда новые заметки могут быть добавлены только если удалить несколько старых).","userNote_saveSyncedStorage":"Продолжить использовать синхронизируемое хранилище","userNote_saveLocal":"Сохранять заметки локально","userNote_syncOption":"Sync notes automatically","userNote_syncInfo_1":"You can sync your notes between Augmented Steam and IsThereAnyDeal. If you enable automatic sync, notes will be periodically fetched from ITAD. Edits via Augmented Steam will be mirrored to ITAD immediately.","userNote_syncInfo_2":"You can also manually push or pull notes between Augmented Steam and IsThereAnyDeal. We advise you to do so before enabling automatic sync, to ensure the correct version of the note is used, in case you have different notes stored for the same game.","userNote_syncInfo_3":"You can see all your notes stored in the Notes and Tags section on IsThereAnyDeal.","userNote_syncButtonPush":"Push notes to\nIsThereAnyDeal","userNote_syncButtonPull":"Pull notes from\nIsThereAnyDeal","userNote_syncPulled":"__n__ note(s) were pulled from IsThereAnyDeal","userNote_syncPushed":"__n__ note(s) were pushed to IsThereAnyDeal","userNote_syncFailed":"__n__ note(s) failed to sync","userNote_syncError":"Your note failed to sync","userNote_syncErrorEmpty":"Note is empty","userNote_syncErrorUnknown":"ITAD does not know this game","userNote_syncErrorLength":"Note is too long (__length__, max: __max__)","queue_new":"Новая очередь","queue_newTooltip":"Удалить этот продукт из очереди и создать новую.","workshop_workshop":"Мастерская","workshop_subscriptions":"Подписки","workshop_subscribeAll":"Подписаться на всё","workshop_subscribeConfirm":"Вы уверены, что хотите подписаться на все __count__ работ мастерской с этими фильтрами?","workshop_subscribeLoading":"Подписываемся на __i__/__count__ работ мастерской, пожалуйста подождите...","workshop_unsubscribeAll":"Отписаться от всего","workshop_unsubscribeConfirm":"Вы уверены, что хотите отписаться от всех __count__ работ мастерской с этими фильтрами?","workshop_unsubscribeLoading":"Отписываемся от __i__/__count__ работ мастерской, пожалуйста подождите...","workshop_finished":"Готово! __success__ удалось, __fail__ не удалось. Нажмите OK, чтобы обновить страницу","workshop_failed":"__n__ не удалось","originalAuthors":"Оригинальные авторы","acknowledgements":"Благодарности","countries_ad":"Андорра","countries_ae":"ОАЭ","countries_af":"Афганистан","countries_ag":"Антигуа и Барбуда","countries_ai":"Ангилья","countries_al":"Албания","countries_am":"Армения","countries_an":"Нидерландские Антильские острова","countries_ao":"Ангола","countries_ar":"Аргентина","countries_as":"Американское Самоа","countries_at":"Австрия","countries_au":"Австралия","countries_aw":"Аруба","countries_az":"Азербайджан","countries_ba":"Босния и Герцеговина","countries_bb":"Барбадос","countries_bd":"Бангладеш","countries_be":"Бельгия","countries_bf":"Буркина-Фасо","countries_bg":"Болгария","countries_bh":"Бахрейн","countries_bi":"Бурунди","countries_bj":"Бенин","countries_bm":"Бермуды","countries_bn":"Бруней","countries_bo":"Боливия","countries_br":"Бразилия","countries_bs":"Багамские острова","countries_bt":"Бутан","countries_bv":"Остров Буве","countries_bw":"Ботсвана","countries_by":"Беларусь","countries_bz":"Белиз","countries_ca":"Канада","countries_cd":"Конго - Киншаса","countries_cf":"ЦАР","countries_cg":"Конго - Браззавиль","countries_ch":"Швейцария","countries_ci":"Кот-д'Ивуар","countries_ck":"Острова Кука","countries_cl":"Чили","countries_cm":"Камерун","countries_cn":"Китай","countries_co":"Колумбия","countries_cr":"Коста-Рика","countries_cu":"Куба","countries_cv":"Кабо-Верде","countries_cy":"Кипр","countries_cz":"Чехия","countries_de":"Германия","countries_dj":"Джибути","countries_dk":"Дания","countries_dm":"Доминика","countries_do":"Доминиканская Республика","countries_dz":"Алжир","countries_ec":"Эквадор","countries_ee":"Эстония","countries_eg":"Египет","countries_eh":"Западная Сахара","countries_er":"Эритрея","countries_es":"Испания","countries_et":"Эфиопия","countries_fi":"Финляндия","countries_fj":"Фиджи","countries_fk":"Фолклендские острова","countries_fm":"Микронезия","countries_fo":"Фарерские острова","countries_fr":"Франция","countries_ga":"Габон","countries_gb":"Великобритания","countries_gd":"Гренада","countries_ge":"Грузия","countries_gf":"Французская Гвиана","countries_gg":"Гернси","countries_gh":"Гана","countries_gi":"Гибралтар","countries_gl":"Гренландия","countries_gm":"Гамбия","countries_gn":"Гвинея","countries_gp":"Гваделупа","countries_gq":"Экваториальная Гвинея","countries_gr":"Греция","countries_gs":"Южная Георгия","countries_gt":"Гватемала","countries_gu":"Гуам","countries_gw":"Гвинея-Бисау","countries_gy":"Гайана","countries_hk":"Гонконг (САР Китая)","countries_hm":"Остров Херд и острова Макдональд","countries_hn":"Гондурас","countries_hr":"Хорватия","countries_ht":"Гаити","countries_hu":"Венгрия","countries_id":"Индонезия","countries_ie":"Ирландия","countries_il":"Израиль","countries_im":"Остров Мэн","countries_in":"Индия","countries_io":"Британская территория в Индийском океане","countries_iq":"Ирак","countries_ir":"Иран","countries_is":"Исландия","countries_it":"Италия","countries_je":"Джерси","countries_jm":"Ямайка","countries_jo":"Иордания","countries_jp":"Япония","countries_ke":"Кения","countries_kg":"Киргизия","countries_kh":"Камбоджа","countries_ki":"Кирибати","countries_km":"Коморские острова","countries_kn":"Сент-Китс и Невис","countries_kp":"Северная Корея","countries_kr":"Южная Корея","countries_kw":"Кувейт","countries_ky":"Каймановы острова","countries_kz":"Казахстан","countries_la":"Лаос","countries_lb":"Ливан","countries_lc":"Сент-Люсия","countries_li":"Лихтенштейн","countries_lk":"Шри-Ланка","countries_lr":"Либерия","countries_ls":"Лесото","countries_lt":"Литва","countries_lu":"Люксембург","countries_lv":"Латвия","countries_ly":"Ливия","countries_ma":"Марокко","countries_mc":"Монако","countries_md":"Молдова","countries_me":"Черногория","countries_mg":"Мадагаскар","countries_mh":"Маршалловы острова","countries_mk":"Македония","countries_ml":"Мали","countries_mm":"Мьянма [Бирма]","countries_mn":"Монголия","countries_mo":"Макао (САР Китая)","countries_mp":"Северные Марианские острова","countries_mq":"Мартиника","countries_mr":"Мавритания","countries_ms":"Монтсеррат","countries_mt":"Мальта","countries_mu":"Маврикий","countries_mv":"Мальдивы","countries_mw":"Малави","countries_mx":"Мексика","countries_my":"Малайзия","countries_mz":"Мозамбик","countries_na":"Намибия","countries_nc":"Новая Каледония","countries_ne":"Нигер","countries_nf":"Остров Норфолк","countries_ng":"Нигерия","countries_ni":"Никарагуа","countries_nl":"Нидерланды","countries_no":"Норвегия","countries_np":"Непал","countries_nr":"Науру","countries_nu":"Ниуэ","countries_nz":"Новая Зеландия","countries_om":"Оман","countries_pa":"Панама","countries_pe":"Перу","countries_pf":"Французская Полинезия","countries_pg":"Папуа-Новая Гвинея","countries_ph":"Филиппины","countries_pk":"Пакистан","countries_pl":"Польша","countries_pm":"Сен-Пьер и Микелон","countries_pn":"Острова Питкэрн","countries_pr":"Пуэрто-Рико","countries_ps":"Палестинские территории","countries_pt":"Португалия","countries_pw":"Палау","countries_py":"Парагвай","countries_qa":"Катар","countries_re":"Реюньон","countries_ro":"Румыния","countries_rs":"Сербия","countries_ru":"Россия","countries_rw":"Руанда","countries_sa":"Саудовская Аравия","countries_sb":"Соломоновы острова","countries_sc":"Сейшельские острова","countries_sd":"Судан","countries_se":"Швеция","countries_sg":"Сингапур","countries_sh":"Остров Святой Елены","countries_si":"Словения","countries_sk":"Словакия","countries_sl":"Сьерра-Леоне","countries_sm":"Сан-Марино","countries_sn":"Сенегал","countries_so":"Сомали","countries_sr":"Суринам","countries_st":"Сан-Томе и Принсипи","countries_sv":"Сальвадор","countries_sy":"Сирия","countries_sz":"Свазиленд","countries_tc":"Острова Тёркс и Кайкос","countries_td":"Чад","countries_tf":"Французские южные территории","countries_tg":"Того","countries_th":"Таиланд","countries_tj":"Таджикистан","countries_tk":"Токелау","countries_tl":"Тимор-Лешти","countries_tm":"Туркменистан","countries_tn":"Тунис","countries_to":"Тонга","countries_tr":"Турция","countries_tt":"Тринидад и Тобаго","countries_tv":"Тувалу","countries_tw":"Тайвань","countries_tz":"Танзания","countries_ua":"Украина","countries_ug":"Уганда","countries_um":"Внешние малые острова США","countries_us":"США","countries_uy":"Уругвай","countries_uz":"Узбекистан","countries_va":"Ватикан","countries_vc":"Сент-Винсент и Гренадины","countries_ve":"Венесуэла","countries_vg":"Британские Виргинские острова","countries_vi":"Виргинские острова США","countries_vn":"Вьетнам","countries_vu":"Вануату","countries_wf":"Уоллис и Футуна","countries_ws":"Самоа","countries_ye":"Йемен","countries_yt":"Майотта","countries_za":"ЮАР","countries_zm":"Замбия","countries_zw":"Зимбабве"}}