{"stats":{"strings":812,"translated":274},"strings":{"deleteCommentPrompt":"Are you sure you want to delete this comment?","downloadDemoHeader":"Download __gamename__ Demo","deckCompat_header":"Steam Deck Compatibility","deckCompat_unknown":"Unknown","deckCompat_unsupported":"Unsupported","deckCompat_playable":"Playable","deckCompat_verified":"Verified","featureHint_desc":"Would you like to enable the following feature?","featureHint_reminder":"You can change your preferences through the options page later.","thewordyes":"Yes","thewordno":"No","theworderror":"Error","noData":"No data","toomanyrequests":"Too Many Requests","showComments":"Show Comments","hideComments":"Hide Comments","thewordunknown":"Unknown","calcWorkshopSize_fileSize":"File size __size__","calcWorkshopSize_calcSize":"Calculate Total Size","calcWorkshopSize_calcLoading":"Calculating __i__/__count__ workshop items, please wait...","calcWorkshopSize_calcFinished":"Finished! Successfully calculated __success__/__total__ items.","calcWorkshopSize_totalSize":"Total size: __size__","cart":"Cart","inCart":"In Cart","steamidOfUser":"__user__'s SteamID","copied":"Copied to your clipboard!","viewSteamid":"View SteamID","moreOnSteampeek":"See more on SteamPeek","date":"Date","rating":"Rating","helpful":"Helpful","funny":"Funny","length":"Length","visibility":"Visibility","processing":"Processing...","wait":"Please wait","inviteFriends":"Invite Friends","inviteToGroup":"Invite To Group","inverse":"Inverse","transactionStatus":"__failed__ request(s) failed. Retrieved __size__ of __total__ transactions.","customTags":"Custom Tags","addTag":"Add tag","enterTag":"Enter the custom tag you'd like to add","status":"Status:","connect":"Connect","connected":"Connected","disconnect":"Disconnect","disconnected":"Disconnected","oneclickgoo":"1-Click turn into Gems...","viewInLibrary":"View in Library","support":"Support","email":"E-mail","contact":"Contact","favEmoticonsDragging":"Drag emoticons here to favorite them","favEmoticonsNoAccess":"You don't have access to this emoticon","postHistory":"Visa inläggshistoria","addNickname":"Lägg till Smeknamn","totalSize":"Total storlek","dlcDetails":"Nedladdningsbar innehåll detaljer","badgeNotUnlocked":"Ej upplåst","badgeLevel":"Level __level__","each":"Varje","viewInMarket":"Sök på gemenskapsmarknaden","remove":"Remove","getHelp":"Få hjälp","addSelectedDlcToCart":"Lägg till valda DLC i kundvagn","close":"Stäng","error":"Ett fel uppstod","go":"Gå","activate":"Aktivera en produkt","activateMultipleHeader":"Ange produktkoder nedan, endast en per rad","activateMultiple":"Aktivera fler produkter","activateProducts":"Aktivera produkter","couponApplicationNote":"En kupong i ditt förråd kommer automatiskt appliceras i kassan","hide":"Göm","filters":"Augmented Steam filters","cardsOwned":"__owned__ av __possible__ kort ägda","libraryMenu":"Bibliotek","clearCache":"Töm cachedata","translation":"Översättning","helpTranslate":"Help us translate Augmented Steam over at POEditor","lowest":"Lägst","lowestPrice":"Lägsta pris just nu:","viewBadgeProgress":"Visa emblem framsteg","badgeProgress":"Visa märkesframsteg","salesTotal":"Total försäljning:","viewNormalBadge":"Visa normala märkesframsteg","apppageSections":"Markera de avsnitt du vill se på denna sida","website":"Hemsida","games":"Spel","badgeCompletionCost":"Kostnaden för att komplettera märket: __cost__","loading":"Laddar...","selling":"Säljer...","quickSell":"Snabb sälja för __amount__","quickSellDesc":"Price difference of __modifier__ compared to the price of the cheapest offer currently listed on the Steam Market","instantSell":"Sälj direkt för __amount__","instantSellDesc":"The price of the highest buy order currently listed on the Steam Market","quickSellVerify":"Steam Guard confirmation needed","startingAt":"Från: __price__","homepageTabs":"Startsidans flik","store":"Butik","viewInStore":"Visa i Butik","communityHub":"Community Hub","viewOnWebsite":"View on __website__","drmThirdParty":"Varning: Titeln använder tredjeparts DRM __drmlist__.","hoursShort":"__hours__ timmar","spamCommentShow":"\"__num__\"Spamkommentarer dolda på denna sida. Klicka här för att visa dem.","addToWishlist":"Lägg till i önskelistan","addFullgameToWishlist":"Add full game to your wishlist","addToWaitlist":"Add to your Waitlist","addFullgameToWaitlist":"Add full game to your Waitlist","removeFromWaitlistTooltip":"Remove from your Waitlist","removeFullgameFromWaitlistTooltip":"Remove full game from your Waitlist","removeFromWishlistAndWaitlistTooltip":"Remove from both your wishlist and Waitlist","removeFullgameFromWishlistAndWaitlistTooltip":"Remove full game from both your wishlist and Waitlist","language":"Språk","theworddefault":"Standard","thewordclear":"Clear","couponLearnMore_linkText":"Learn more","couponLearnMore_fullText":"__linkdesc__ about Steam Coupons","show":"Visa","showAll":"Show All","badgesAll":"Alla märken","esSupporter":"Stödjer Enhanced Steam","community":"Gemenskap","ownedCollection":"__gametitle__ is already in your IsThereAnyDeal Collection","viewBadge":"Visa märke","purchaseTotal":"Köpt totalt:","viewFoilBadge":"Visa foliemärkesframsteg","viewAstats":"Visa AStats-Sida","contribute":"Bidra (GitHub)","reviews":"Recensioner","readReviews":"Läs omdömen","readMoreReviews":"Läs fler omdömen på","youtubeGameplay":"YouTube Gameplay","youtubeReviews":"YouTube Reviews","packageInfo":"Paketinformation","badgeCompletionAvg":"Genomsnittlig kostnad för att komplettera: __cost__","volumeSoldLast_24":"Volym: __sold__ såld(a) de senaste 24 timmarna","soldLast_24":"__sold__ såld(a) de senaste 24 timmarna","homepageCurators":"Steam Curator Recommendations","homepageTopnewreleases":"Top Steam Releases","homepageSidebar":"Sidopanel","dropCalc":"Klicka här för att beräkna hur många hittade föremål kvarstår","price":"Pris","marketTransactions":"Marknadstransaktioner","loadMarketStats":"Load Market Stats","cardDropsRemaining":"__drops__ kvarvarande kort som släpps","badgesDrops":"Märken med kort kvar att hitta","usingLanguageReturn":"Click here to browse Steam in __base__.","guides":"Guider","highlight":"Höjdpunkt","save":"Spara","view":"Visa","gameName":"Spelnamn","notinterested":"Objekt som markeras inte intresserad","ignoredOwned":"Games you ignored as played on different platform","searchFilters_reviewsScore_between":"Between __lower__% and __upper__% review score","searchFilters_reviewsScore_any":"Any review score","searchFilters_reviewsScore_upTo":"Up to __score__% review score","searchFilters_reviewsScore_from":"From __score__% review score","searchFilters_reviewsCount_count":"Reviews count:","searchFilters_reviewsCount_minCount":"Min count","searchFilters_reviewsCount_maxCount":"Max count","searchFilters_discountPercent_count":"Discount percent:","searchFilters_discountPercent_minCount":"Min %","searchFilters_discountPercent_maxCount":"Max %","searchFilters_hideCart":"Hide items in your Cart","searchFilters_hideEa":"Hide Early Access items","searchFilters_hideMixed":"Hide mixed rating items","searchFilters_hideNegative":"Hide negative rating items","news":"Nyheter","viewinclient":"Visa i Steam klienten","customBackground":"Anpassad Bakgrund","customStyle":"Anpassat Tema","customStyleHelp":"Alla användare av Augmented Steam kommer att se detta temat på din profil. Användare utan Augmented Steam kommer inte att se ändringen.","noneselected":"Ingen Vald / Ingen Ändring","mostDrops":"Flest kort kvar att hitta","netGain":"Nettovinst:","apppageRecentupdates":"Recent Events & Announcements","apppageEaheader":"Early Access Info Box","apppageEabanner":"Early Access Discussions Banner","apppageWorkshop":"Steam Workshop Banner","apppageGreenlight":"Steam Greenlight Banner","apppageLegal":"Juridisk Information","apppageFranchise":"Franchise","apppageMorefromfranchise":"More From Franchise","bugFeature":"Rapportera bugg / Föreslå funktion","always":"Alltid","ratingDetails":"Se betygsdetaljer","dropsWorthAvg":"Cirkavärde","familySharingNotice_notice":"Notice:","familySharingNotice_desc":"This game is excluded from Steam's Family Sharing service.","visitStore":"Visa butikssidan","all":"Alla","externalFunds":"External Funds Used","shoppingCartHistory":"View Shopping Cart history","manageWebapiKey":"Manage my Steam Web API key","steamCloudHeader":"Steam Cloud","steamCloudSaves":"View Cloud saves","gamesWithDrops":"\"__dropsgames__\"Spel med fler kort att hitta","binderView":"Binder Visa","usingLanguage":"You are browsing Steam in __current__.","loginWarning":"Make sure that you are logged into __link__ in order to be able to use all features of Augmented Steam.","visitTradeForum":"Gå till Bytesforumet","purchaseDate":"(Köpt __date__)","customBackgroundHelp":"Alla Augmented Steam användare kommer att se denna bakgrunden på din profil. Vanliga användare kommer att se din vanliga bakgrund.","dateUnlocked":"Datum upplåst","netSpent":"Netto spenderat:","buy":"Köp","buyPackage":"Köp __package__","moreInformation":"Mer information","regionUnavailable":"Ej tillgänglig i denna region","avgPrice_3cards":"Genomsnittspris för tre samlarkort: __price__","groups_leaveGroupsConfirm":"Are you sure you want to leave __n__ selected groups?","groups_manageGroups":"Manage groups","groups_actionGroups":"Select the groups below that you wish to take action on.","groups_select":"Select:","groups_leave":"Leave Groups","groups_selected":"__n__ selected.","groups_leaveAdminConfirm_currentlyAdmin":"You are currently admin of __name__.","groups_leaveAdminConfirm_wantToLeave":"Are you sure you want to leave this group?","export_wishlist":"Export wishlist","export_type":"Export type","export_format":"Text format","export_text":"Text","export_download":"Download","export_copyClipboard":"Copy to clipboard","none":"None","emptyWishlist_title":"Töm önskelistan","emptyWishlist_confirm":"Are you sure you want to empty your wishlist? This action cannot be undone!","emptyWishlist_removing":"Removing app __cur__ from __total__...","about":"Om","never":"Aldrig","couponAvailable":"Du har en kupong tillgängligt!","launchRandom":"Starta slumpmässigt spel","playGame":"Spela __gamename__?","dropsValue":"Högsta droppe värdet","cardsRemain":"Least cards remaining to complete set","wishlist":"Önskelista","onWishlist":"On wishlist","onWaitlist":"In Waitlist","onWishlistAndWaitlist":"On wishlist and Waitlist","cancel":"Avbryt","wikiArticle":"Visa __pcgw__ artikel","viewAll":"VISA ALLA","gamesWithBooster":"__boostergames__ spel som är berättigad till booster-paket","sortBy":"Sortera efter:","playtime":"Playtime","awards":"Awards","year":"Year","lastonline":"Senast Online","members":"Members","name":"Name","drmThirdPartySub":"Varning: En eller flera titlar i detta paket använder 3djeparts DRM __drmlist__.","customize":"Anpassa","bundleSavingText":"Detta sparar du genom att köpa detta paket","thewordoptions":"Inställningar","discussions":"Diskussioner","pricing_lowestPrice":"Current best:","pricing_historicalLow":"Historical low:","pricing_bundled":"In bundle:","pricing_withVoucher":"with voucher __voucher__","pricing_store":"at&nbsp;__store__","pricing_bundleCount":"__count__ times","webBrowserChat":"Webbchatt","steamClientChat":"Steam chatt","equipOnProfile":"Equip on Profile","previewBackground":"Förhandsgranska bakgrund","expandSlider":"Expandera reglaget","contractSlider":"Reglaget för kontrakt","earlyAccess":"Förhandstillgång","tagShort":"Använda korta Taggar för att spara utrymme","noPriceData":"Prisinformation saknas","userScore":"Användarpoäng","marketPopularItemsToggle":"Växla live uppdatering för populära produkter","showProgressbar":"Show Augmented Steam progress and status bar","achievements_option":"Visa framsteg på butikssidorna","achievements_summary":"__unlocked__ of __total__ (__percentage__%) achievements earned:","bundle_offerEnds":"Erbjudandet slutar","bundle_includes":"Inkluderar __num__ föremål","bundle_tierIncludes":"__tier__ (__price__) innehåller __num__ föremål","bundle_tier":"Nivå __num__","bundle_header":"Antal paket som har detta spel","bundle_info":"Paket information","charts_peakall":"Högsta antalet spelare någonsin","charts_current":"Antal spelare","charts_playingNow":"spelar just nu","charts_peaktoday":"Högsta antalet spelare idag","hltb_title":"Hur länge att avklaras","hltb_mainE":"Huvudstory och extra","hltb_compl":"Perfektionist","hltb_main":"Huvudstory","options_friendsAndGroups":"Friends and Groups","options_friendsAppendNickname":"Append nicknames to friends' names","options_settingsMngmt_import":"Import","options_settingsMngmt_importSuccess":"Successfully imported settings","options_settingsMngmt_importFail":"Failed to import settings","options_settingsMngmt_export":"Export","options_settingsMngmt_reset":"Reset","options_showCustomThemes":"Show custom themes","options_communityDefaultTab":"Default community home page tab","options_videos":"Videos","options_broadcasts":"Broadcasts","options_artwork":"Artwork","options_screenshots":"Screenshots","options_showBacktotop":"Show back to top button on long pages","options_contextMenu":"Context Menu","options_contextSteamStore":"Search Steam Store for '__query__'","options_contextSteamMarket":"Search Steam Market for '__query__'","options_contextItad":"Search IsThereAnyDeal for '__query__'","options_contextBartervg":"Search Barter.vg for '__query__'","options_contextSteamdb":"Search SteamDB for '__query__'","options_contextSteamdbInstant":"Instant Search SteamDB for '__query__'","options_contextSteamKeys":"Activate steam product keys within selection","options_wsgf":"Visa WSGF (Widescreen) information","options_versionShow":"Visa senaste ändringar när Augmented Steam uppdateras","options_steamcardexchange":"Visa SteamCardExchange länkar i märken","options_regionalPrice":"Regionala prisjämförelse","options_excludef2p":"Exkludera free to play spel i höjdpunkter","options_profileLinkImagesNone":"Ingen","options_profileLinks":"Visa profillänkar till","options_tag":"Tagg","options_icon":"Ikon","options_name":"Namn","options_showAlternativeLinuxIcon":"Visa alternativa Linux ikonen","options_replacecommunityhublinks":"Replace community hub links with store page links","options_hideannouncementcomments":"Hide comments under all group announcements by default","options_hidetmsymbols":"Hide trademark and copyright symbols in game titles","options_metacritic":"Visa användarnas betyg från Metacritic","options_opencritic":"Visa information på Opencritic.com","options_hideactivelistings":"Göm alla aktiva annonser på Market startsidan som förval","options_showlowestmarketprice":"Show the lowest market price for your listings","options_clear":"Är du säker på att du vill återställa alla inställningar? Detta kan inte ångras","options_coupon":"Spel med kuponger","options_showPackageInfo":"Visa paket info för alla appar","options_wlbuttoncommunityapp":"Visa \"Lägg till i önskelistan\"-knaooen i gemenskapssidorna","options_removeguideslanguagefilter":"Filtrera inte automatiskt guider av språk","options_confirmdeletecomment":"Show confirmation when deleting comments","options_disablelinkfilter":"Inaktivera bekräftelse när du besöker externa webbplatser","options_regionalPriceOn":"Visa regional pris jämförelse","options_horizontalscrolling":"Enable horizontal scrolling with the mouse wheel","options_supportinfo":"Show support information","options_drm":"Visa tredjeparts DRM varningar","options_profileLinkImages":"Profile and Group links image style","options_show1clickgoo":"Visa \"Omvandla till Ädelstenar med ett klick\" knappen på tillämpliga lagerartiklar","options_hltb":"Visa information ifrån HowLongToBeat.com","options_hidespamcomments":"Göm spamkommentarer i Workshop och profiler","options_gift":"Föremål lagrade som gåvor","options_regionalPriceMouse":"När muspekaren förs över priset","options_lowestpriceHeader":"Prishistorik","options_storesAll":"Jämför med alla butiker","options_viewInCurrency":"View in:","options_showEarlyAccess":"Visa Early Access bildbanner","options_profileLinkImagesGray":"Gråskala","options_quickinv":"Visa snabb-försäljningsknapparna på Steam-gemenskapen objekt i ditt lager","options_quickinvDiff":"Snabb försäljning modifiering:","options_sendAgeInfo":"Skicka automatiskt åldersverifiering när den frågas","options_showdeckcompat":"Show Steam Deck compatibility ratings in the features list (and fetch the data when it's missing)","options_removebroadcasts":"Completely remove any live broadcast","options_exfgls":"Show a notice if app is excluded from Family Sharing","options_mp4video":"Force videos to be in MP4 format","options_youtube":"Show YouTube links","options_twitch":"Show Twitch links","options_pcgw":"Visa PCGamingWiki länkar","options_completionistme":"Show Completionist.me links","options_protondb":"Show ProtonDB links","options_storeSteamcards":"Visa SteamCardExchange-länkar på butikssidor","options_spamcommentregex":"Reguljär uttryck sträng:","options_regionalHideworld":"Dölja globe indikator","options_showAstatslink":"Vista AStats-länk på app-sidor","options_showYoutubegameplay":"Show \"YouTube Gameplay\" links","options_showYoutubereviews":"Show \"YouTube Reviews\" links","options_openinnewtab":"Open external links in a new tab","options_showbartervg":"Show Barter.vg links","options_guest":"Föremål som du har gästpass till","options_collection":"Items in your ITAD Collection","options_waitlist":"Items in your ITAD Waitlist","options_showPlayersInfo":"Show player count information","options_showallstats":"Show playtime stats on \"All Games\" page","options_lowestpriceOnwishlist":"Visa på Önskelistan","options_steamrepapi":"Visa status för SteamRep på profilsidan","options_profileSteamid":"Show a link to view SteamIDs","options_profilePinnedBg":"Pin the profile background position while scrolling","options_lowestprice":"Visa","options_owned":"Föremål du äger","options_itadlinks":"Show IsThereAnyDeal links","options_steamdb":"Visa SteamDB länkar","options_profileLinkImagesColor":"Färgad","options_showViewInLibrary":"Show \"View in Library\" button","options_installSteamButton":"\"Install Steam\" button","options_replaceViewClient":"Replace with \"View in Client\"","options_showEmptyWishlist":"Visa \"Töm Önskelista\" knappen","options_showWishlistStats":"Show wishlist stats","options_oneclickremovewl":"Skip confirmation when removing items","options_userNotes_userNotes":"User notes","options_userNotes_app":"On app pages","options_userNotes_wishlist":"On my wishlist","options_userNotes_loc":"Storage location","options_userNotes_syncedStorage":"Synced/Local storage","options_userNotes_local":"Local database","options_inventoryNavText":"Visa avancerad navigation i förrådssidorna","options_marketTotal":"Visa sammanfattning på transaktioner i Marknaden","options_lowestpriceCoupon":"Inkludera kupongkoder i prisjämförelse","options_general":"Allmänt","options_apppage":"App page","options_market":"Marknad","options_inventory":"Lager","options_profile":"Profil","options_group":"Group","options_friendActivity":"Friend Activity Feed","options_groupLinks":"Options for links to 3rd party sites","options_showLanguagewarning":"Visa varning ifall man bläddrar på annat språk än","options_homepage":"Hemsida","options_homepageDefaultTab":"Standard hemsida","options_homepageDefaultTabRemember":"Kom ihåg tidigare","options_homepageDefaultTabNewreleases":"Populära nya releaser","options_homepageDefaultTabTopsellers":"Bästsäljare","options_homepageDefaultTabUpcoming":"Kommande","options_homepageDefaultTabSpecials":"Kampanjer","options_wishlist":"Föremål i din önskelista","options_addAnotherRegion":"Lägg tilll","options_skipGotSteam":"Hoppa över 'har du Steam?' fönstret","options_storeGeneralThirdparty":"Alternativ för information ifrån tredjepartssidor","options_purchaseDates":"Visa appars inköpsdatum på butikssidor","options_showBadgeProgress":"Visa appars märkesframsteg på butiken","options_showCoupon":"Show applicable Steam coupon","options_showWishlistLink":"Visa en länk till önskelistan på profiler","options_showWishlistCount":"Visa antalet produkter på önskelistan","options_profileShowcaseTwitch":"Add a showcase for Twitch.tv if there is a link","options_profileShowcaseOwnTwitch":"... including your own profile","options_profileShowcaseTwitchProfileonly":"... only if the link is in the Profile Summary","options_lang_english":"Engelska","options_lang_brazilian":"Portugisisk-Brasilien","options_lang_bulgarian":"Bulgariska","options_lang_czech":"Tjeckiska","options_lang_danish":"Danska","options_lang_dutch":"Nederländska","options_lang_finnish":"Finska","options_lang_french":"Franska","options_lang_greek":"Grekiska","options_lang_german":"Tyska","options_lang_hungarian":"Ungerska","options_lang_italian":"Italienska","options_lang_japanese":"Japanska","options_lang_koreana":"Koreanska","options_lang_norwegian":"Norska","options_lang_polish":"Polska","options_lang_portuguese":"Portugisiska","options_lang_russian":"Ryska","options_lang_romanian":"Rumänska","options_lang_schinese":"Förenklad kinesiska","options_lang_spanish":"Spanska","options_lang_latam":"Latin American Spanish","options_lang_swedish":"Svenska","options_lang_tchinese":"Traditionell kinesiska","options_lang_thai":"Thailändska","options_lang_turkish":"Turkiska","options_lang_ukrainian":"Ukrainska","options_lang_vietnamese":"Vietnamese","options_addCustomLink":"Add custom link","options_autoDetect":"Auto-detect","options_addToWaitlist":"Show \"Add to Waitlist\" dropdown on app pages","options_collectionBannerNotOwned":"Only show In Collection banner when I don't own the game on Steam","options_maintainers":"Project Maintainers","options_withHelpOf":"with a lot of help by our __contributors__","options_contributors":"wonderful contributors","options_aboutDesc":"Augmented Steam is a fork of the Enhanced Steam extension.","options_aboutDescLinks":"Visit the extension's __website__ or our __discord__ for more info.","options_footerFork":"a fork by IsThereAnyDeal","options_footerAuthor":"original author jshackles","ready_loading":"Augmented Steam laddar data...","ready_ready":"Augmented Steam är redo","ready_failed":"__amount__ request(s) failed, check browser console for more information","ready_serverOutage":"Augmented Steam servers are currently overloaded","twitch_nowStreaming":"__username__ streamar live på Twitch","twitch_viewers":"Tittare","dlcSelect_wishlistedDlc":"Välj önskelistade DLC","dlcSelect_none":"Välj inga","dlcSelect_unownedDlc":"Välj icke ägda DLC","tag_wishlist":"Önskelista","tag_coupon":"Kupong","tag_invGift":"Gåva","tag_invGuestpass":"Gästpass","tag_owned":"Ägda","tag_notinterested":"Inte Intresserad","tag_ignoredOwned":"Ignored (owned)","tag_collection":"Collected","tag_waitlist":"Waitlisted","wallet_customAmount":"Lägg till anpassat belopp","wallet_customAmountText":"Any amount over __minamount__","wallet_customGiftcard":"Select __input__ Custom Gift Card","wsgf_incomplete":"Ej komplett","wsgf_unsupported":"Denna poäng tilldelas spel som har inget stöd för __type__.  Spelet kan vara ospelbart __type__, eller bilden sträcks för att passa i fönstret.  Rätt bildförhållande bevaras inte.","wsgf_gold":"Denna medalj utdelas till spel som har fått perfekta poäng från WSGF för deras __type__ stöd och __type__ Certifierad.","wsgf_silver":"Denna medalj utdelas till spel som har fått beräknade betyget B för deras __type__ stöd.  Alla dessa spel är utan större brister, men har åtminstone en fläck som förhindrar ett perfekt resultat.","wsgf_limited":"Denna poäng tilldelas spel som har fått en beräknad klass C för deras __type__ stöd.  Alla dessa spel har viss __type__ stöd men har betydande problem.","wsgf_certifications":"WSGF Widescreen certifieringar","itad_enableSyncLibrary":"Enable library sync","itad_enableSyncWishlist":"Enable wishlist sync","itad_import":"Periodically import:","itad_lastImport":"Last import","itad_from":"from ITAD","itad_to":"to ITAD","itad_syncNow":"Sync now","itad_info_itadSteam":"Connecting Augmented Steam with IsThereAnyDeal allows you to apply Augmented Steam's highlighting and tagging to games in your Waitlist and Collection even if you don't have them on Steam.","itad_info_steamItad":"Furthermore, it allows you to import games from your Steam Library and/or Wishlist to IsThereAnyDeal, for improved accuracy (e.g. DLCs or unlisted games). Currently this feature can only add titles, not remove them, so it's not the replacement for IsThereAnyDeal's integrated sync, but an addition to it.","tradeoffer_numItem":"__num__ Objekt","tradeoffer_numItems":"__num__ Objekt","tradeoffer_back":"Back to Trade Offers","update_dontShow":"Visa inte igen","update_updated":"Augmented Steam har uppdaterats till __version__","update_changes":"View all changes on GitHub","register_success":"Aktiveringen av __gamename__ lyckades","register_owned":"Detta Steam-kontot äger redan produkten/produkterna i erbjudandet.","register_notavail":"Beklagar, men denna produkt är inte tillgänglig att köpas i ditt land. Din produktnyckel har inte aktiverats.","register_invalid":"Produktkoden är inte giltig. Vänligen kontrollera om du har skrivit fel.","register_already":"Produktkoden har redan blivit aktiverad av ett annat Steam-konto.","register_dlc":"Produktkoden du har skrivit in kräver ägarskap av en annan produkt innan aktivering.","register_wallet":"Koden du har skrivit in är ett Steam-gåvorkort eller Steam-plånbokskod","register_toomany":"Det har varit för många senaste aktivering försök från detta konto.  Vänta och försök igen senare.","register_default":"Ett oväntat fel uppstod. Din produktkod har inte aktiverats. Vänligen vänta 30 minuter och försök igen.","wl_label":"stats","wl_totalPrice":"current value","wl_inWishlist":"on wishlist","wl_onSale":"on sale","wl_noPrice":"without price","wl_hidden":"hidden apps","wl_hiddenTooltip":"Apps that have been removed/unlisted and are not visible on wishlists. Click for details.","wl_removeTitle":"Remove this item from your wishlist?","wl_removeConfirm":"Are you sure you want to remove 'appid __appid__' from your wishlist?","wl_removeConfirmWarn":"It cannot be re-added afterwards!","coll_totalTime":"total time","coll_inCollection":"in collection","coll_played":"played","coll_neverPlayed":"never played","userNote_add":"Add a note","userNote_update":"Update note","userNote_addForGame":"Note for __gamename__","userNote_notEnoughSpace":"Not enough space to save note","userNote_notEnoughSpaceDesc":"Augmented Steam can't save any more user notes since your used storage adapter doesn't allow more data to be saved (attempting to use ~__perc__% of the storage capacity).","userNote_closeOnStorage":"You are running close on storage","userNote_closeOnStorageDesc":"Augmented Steam is close to not being able to save any more user notes (~__perc__% storage usage) with your current storage adapter.","userNote_storageWarningDesc":"You can choose to store your user notes in a local database (without synchronization) or continue using the storage method provided by your browser (where new notes can only be added if you delete some old).","userNote_saveSyncedStorage":"Continue using synced storage","userNote_saveLocal":"Store notes locally","userNote_syncOption":"Sync notes automatically","userNote_syncInfo_1":"You can sync your notes between Augmented Steam and IsThereAnyDeal. If you enable automatic sync, notes will be periodically fetched from ITAD. Edits via Augmented Steam will be mirrored to ITAD immediately.","userNote_syncInfo_2":"You can also manually push or pull notes between Augmented Steam and IsThereAnyDeal. We advise you to do so before enabling automatic sync, to ensure the correct version of the note is used, in case you have different notes stored for the same game.","userNote_syncInfo_3":"You can see all your notes stored in the Notes and Tags section on IsThereAnyDeal.","userNote_syncButtonPush":"Push notes to\nIsThereAnyDeal","userNote_syncButtonPull":"Pull notes from\nIsThereAnyDeal","userNote_syncPulled":"__n__ note(s) were pulled from IsThereAnyDeal","userNote_syncPushed":"__n__ note(s) were pushed to IsThereAnyDeal","userNote_syncFailed":"__n__ note(s) failed to sync","userNote_syncError":"Your note failed to sync","userNote_syncErrorEmpty":"Note is empty","userNote_syncErrorUnknown":"ITAD does not know this game","userNote_syncErrorLength":"Note is too long (__length__, max: __max__)","queue_new":"New Queue","queue_newTooltip":"Remove this product from your queue and start a new queue.","workshop_workshop":"Workshop","workshop_subscriptions":"Subscriptions","workshop_subscribeAll":"Subscribe All","workshop_subscribeConfirm":"Are you sure you want to subscribe to all __count__ workshop items with these filters?","workshop_subscribeLoading":"Subscribing to __i__/__count__ workshop items, please wait...","workshop_unsubscribeAll":"Unsubscribe All","workshop_unsubscribeConfirm":"Are you sure you want to unsubscribe to all __count__ workshop items with these filters?","workshop_unsubscribeLoading":"Unsubscribing from __i__/__count__ workshop items, please wait...","workshop_finished":"Finished! __success__ successful, __fail__ failed. Click OK to refresh the page","workshop_failed":"__n__ failed","originalAuthors":"Original authors","acknowledgements":"Acknowledgments","countries_ad":"Andorra","countries_ae":"United Arab Emirates","countries_af":"Afghanistan","countries_ag":"Antigua and Barbuda","countries_ai":"Anguilla","countries_al":"Albania","countries_am":"Armenia","countries_an":"Netherlands Antilles","countries_ao":"Angola","countries_ar":"Argentina","countries_as":"American Samoa","countries_at":"Austria","countries_au":"Australia","countries_aw":"Aruba","countries_az":"Azerbaijan","countries_ba":"Bosnia and Herzegovina","countries_bb":"Barbados","countries_bd":"Bangladesh","countries_be":"Belgium","countries_bf":"Burkina Faso","countries_bg":"Bulgaria","countries_bh":"Bahrain","countries_bi":"Burundi","countries_bj":"Benin","countries_bm":"Bermuda","countries_bn":"Brunei","countries_bo":"Bolivia","countries_br":"Brazil","countries_bs":"Bahamas","countries_bt":"Bhutan","countries_bv":"Bouvet Island","countries_bw":"Botswana","countries_by":"Belarus","countries_bz":"Belize","countries_ca":"Canada","countries_cd":"Congo - Kinshasa","countries_cf":"Central African Republic","countries_cg":"Congo - Brazzaville","countries_ch":"Switzerland","countries_ci":"Côte d’Ivoire","countries_ck":"Cook Islands","countries_cl":"Chile","countries_cm":"Cameroon","countries_cn":"China","countries_co":"Colombia","countries_cr":"Costa Rica","countries_cu":"Cuba","countries_cv":"Cape Verde","countries_cy":"Cyprus","countries_cz":"Czech Republic","countries_de":"Germany","countries_dj":"Djibouti","countries_dk":"Denmark","countries_dm":"Dominica","countries_do":"Dominican Republic","countries_dz":"Algeria","countries_ec":"Ecuador","countries_ee":"Estonia","countries_eg":"Egypt","countries_eh":"Western Sahara","countries_er":"Eritrea","countries_es":"Spain","countries_et":"Ethiopia","countries_fi":"Finland","countries_fj":"Fiji","countries_fk":"Falkland Islands","countries_fm":"Micronesia","countries_fo":"Faroe Islands","countries_fr":"France","countries_ga":"Gabon","countries_gb":"United Kingdom","countries_gd":"Grenada","countries_ge":"Georgia","countries_gf":"French Guiana","countries_gg":"Guernsey","countries_gh":"Ghana","countries_gi":"Gibraltar","countries_gl":"Greenland","countries_gm":"Gambia","countries_gn":"Guinea","countries_gp":"Guadeloupe","countries_gq":"Equatorial Guinea","countries_gr":"Greece","countries_gs":"South Georgia","countries_gt":"Guatemala","countries_gu":"Guam","countries_gw":"Guinea-Bissau","countries_gy":"Guyana","countries_hk":"Hong Kong SAR China","countries_hm":"Heard Island and McDonald Islands","countries_hn":"Honduras","countries_hr":"Croatia","countries_ht":"Haiti","countries_hu":"Hungary","countries_id":"Indonesia","countries_ie":"Ireland","countries_il":"Israel","countries_im":"Isle of Man","countries_in":"India","countries_io":"British Indian Ocean Territory","countries_iq":"Iraq","countries_ir":"Iran","countries_is":"Iceland","countries_it":"Italy","countries_je":"Jersey","countries_jm":"Jamaica","countries_jo":"Jordan","countries_jp":"Japan","countries_ke":"Kenya","countries_kg":"Kyrgyzstan","countries_kh":"Cambodia","countries_ki":"Kiribati","countries_km":"Comoros","countries_kn":"Saint Kitts and Nevis","countries_kp":"North Korea","countries_kr":"South Korea","countries_kw":"Kuwait","countries_ky":"Cayman Islands","countries_kz":"Kazakhstan","countries_la":"Laos","countries_lb":"Lebanon","countries_lc":"Saint Lucia","countries_li":"Liechtenstein","countries_lk":"Sri Lanka","countries_lr":"Liberia","countries_ls":"Lesotho","countries_lt":"Lithuania","countries_lu":"Luxembourg","countries_lv":"Latvia","countries_ly":"Libya","countries_ma":"Morocco","countries_mc":"Monaco","countries_md":"Moldova","countries_me":"Montenegro","countries_mg":"Madagascar","countries_mh":"Marshall Islands","countries_mk":"Macedonia","countries_ml":"Mali","countries_mm":"Myanmar [Burma]","countries_mn":"Mongolia","countries_mo":"Macau SAR China","countries_mp":"Northern Mariana Islands","countries_mq":"Martinique","countries_mr":"Mauritania","countries_ms":"Montserrat","countries_mt":"Malta","countries_mu":"Mauritius","countries_mv":"Maldives","countries_mw":"Malawi","countries_mx":"Mexico","countries_my":"Malaysia","countries_mz":"Mozambique","countries_na":"Namibia","countries_nc":"New Caledonia","countries_ne":"Niger","countries_nf":"Norfolk Island","countries_ng":"Nigeria","countries_ni":"Nicaragua","countries_nl":"Netherlands","countries_no":"Norway","countries_np":"Nepal","countries_nr":"Nauru","countries_nu":"Niue","countries_nz":"New Zealand","countries_om":"Oman","countries_pa":"Panama","countries_pe":"Peru","countries_pf":"French Polynesia","countries_pg":"Papua New Guinea","countries_ph":"Philippines","countries_pk":"Pakistan","countries_pl":"Poland","countries_pm":"Saint Pierre and Miquelon","countries_pn":"Pitcairn Islands","countries_pr":"Puerto Rico","countries_ps":"Palestinian Territories","countries_pt":"Portugal","countries_pw":"Palau","countries_py":"Paraguay","countries_qa":"Qatar","countries_re":"Réunion","countries_ro":"Romania","countries_rs":"Serbia","countries_ru":"Russia","countries_rw":"Rwanda","countries_sa":"Saudi Arabia","countries_sb":"Solomon Islands","countries_sc":"Seychelles","countries_sd":"Sudan","countries_se":"Sweden","countries_sg":"Singapore","countries_sh":"Saint Helena","countries_si":"Slovenia","countries_sk":"Slovakia","countries_sl":"Sierra Leone","countries_sm":"San Marino","countries_sn":"Senegal","countries_so":"Somalia","countries_sr":"Suriname","countries_st":"São Tomé and Príncipe","countries_sv":"El Salvador","countries_sy":"Syria","countries_sz":"Swaziland","countries_tc":"Turks and Caicos Islands","countries_td":"Chad","countries_tf":"French Southern Territories","countries_tg":"Togo","countries_th":"Thailand","countries_tj":"Tajikistan","countries_tk":"Tokelau","countries_tl":"Timor-Leste","countries_tm":"Turkmenistan","countries_tn":"Tunisia","countries_to":"Tonga","countries_tr":"Turkey","countries_tt":"Trinidad and Tobago","countries_tv":"Tuvalu","countries_tw":"Taiwan","countries_tz":"Tanzania","countries_ua":"Ukraine","countries_ug":"Uganda","countries_um":"U.S. Minor Outlying Islands","countries_us":"United States","countries_uy":"Uruguay","countries_uz":"Uzbekistan","countries_va":"Vatican City","countries_vc":"Saint Vincent and the Grenadines","countries_ve":"Venezuela","countries_vg":"British Virgin Islands","countries_vi":"U.S. Virgin Islands","countries_vn":"Vietnam","countries_vu":"Vanuatu","countries_wf":"Wallis and Futuna","countries_ws":"Samoa","countries_ye":"Yemen","countries_yt":"Mayotte","countries_za":"South Africa","countries_zm":"Zambia","countries_zw":"Zimbabwe"}}