{"stats":{"strings":812,"translated":563},"strings":{"deleteCommentPrompt":"คุณแน่ใจหรือไม่ว่าคุณต้องการลบความเห็นนี้?","downloadDemoHeader":"ดาวน์โหลดเดโม __gamename__","deckCompat_header":"ความเข้ากันได้กับ Steam Deck","deckCompat_unknown":"ไม่ระบุ","deckCompat_unsupported":"ไม่รองรับ","deckCompat_playable":"เล่นได้","deckCompat_verified":"เล่นได้ดี","featureHint_desc":"คุณต้องการเปิดการใช้งานคุณสมบัติดังต่อไปนี้หรือไม่?","featureHint_reminder":"คุณสามารถเปลี่ยนการปรับแต่งของคุณได้ผ่านหน้าตัวเลือกในภายหลัง","thewordyes":"ใช่","thewordno":"ไม่","theworderror":"มีข้อผิดพลาด","noData":"ไม่มีข้อความ","toomanyrequests":"มีคำขอมากเกินไป","showComments":"แสดงความเห็น","hideComments":"ซ่อนความเห็น","thewordunknown":"ไม่รู้จัก","calcWorkshopSize_fileSize":"ขนาดไฟล์ __size__","calcWorkshopSize_calcSize":"ขนาดการคำนาณรวมทั้งหมด","calcWorkshopSize_calcLoading":"กำลังคำนาณรายการเวิร์กชอป __i__/__count__ รายการ โปรดรอสักครู่...","calcWorkshopSize_calcFinished":"เสร็จแล้ว! คำนาณเรียบร้อยแล้วได้ __success__/__total__ รายการ","calcWorkshopSize_totalSize":"ขนาดรวมทั้งหมด: __size__","cart":"รถเข็น","inCart":"อยู่ในรถเข็น","steamidOfUser":"ไอดี Steam ของ __user__","copied":"คัดลอกไปยังคลิปบอร์ดแล้ว!","viewSteamid":"ดูไอดี Steam","moreOnSteampeek":"ดูเพิ่มเติมบน SteamPeek","date":"วันที่","rating":"การให้คะแนน","helpful":"มีประโยชน์","funny":"ขำขัน","length":"ความยาว","visibility":"การมองเห็น","processing":"กำลังดำเนินการ...","wait":"กรุณารอสักครู่","inviteFriends":"เชิญเพื่อน","inviteToGroup":"เชิญไปยังกลุ่ม","inverse":"สลับด้าน","transactionStatus":"__failed__ คำร้องขอล้มเหลว ธุรกรรม __size__ จาก __total__ ถูกกู้คืนแล้ว","customTags":"แท็กแบบกำหนดเอง","addTag":"เพิ่มแท็ก","enterTag":"กรอกแท็กแบบกำหนดเองที่คุณต้องการเพิ่ม","status":"สถานะ:","connect":"เชื่อมต่อ","connected":"เชื่อมต่อแล้ว","disconnect":"ตัดการเชื่อมต่อ","disconnected":"ตัดการเชื่อมต่อแล้ว","oneclickgoo":"1-คลิกแปลงเป็นอัญมณี","viewInLibrary":"ดูในคลัง","support":"ฝ่ายสนับสนุน","email":"อีเมล","contact":"ติดต่อ","favEmoticonsDragging":"ลากอีโมติคอนมาที่นี่เพื่อทำรายการชื่นชอบไว้","favEmoticonsNoAccess":"คุณไม่มีสิทธิ์เข้าถึงอิโมติคอนนี้","postHistory":"ดูประวัติการโพสต์","addNickname":"เพิ่มชื่อเล่น","totalSize":"ขนาดรวม","dlcDetails":"รายละเอียดเนื้อหาที่ดาวน์โหลดได้","badgeNotUnlocked":"ยังไม่ปลดล็อก","badgeLevel":"เลเวล __level__","each":"แต่ละ","viewInMarket":"ดูในตลาดชุมชน","remove":"ลบ","getHelp":"ขอความช่วยเหลือ","addSelectedDlcToCart":"เพิ่มเนื้อหาดาวน์โหลดที่เลือกลงในรถเข็น","close":"ปิด","error":"เกิดข้อผิดพลาด","go":"ไป","activate":"เปิดใช้งานผลิตภัณฑ์","activateMultipleHeader":"ป้อนรหัสผลิตภัณฑ์ลงด้านล่าง หนึ่งผลิตภัณฑ์ต่อบรรทัด","activateMultiple":"เปิดใช้งานหลายผลิตภัณฑ์","activateProducts":"เปิดใช้งานผลิตภัณฑ์","couponApplicationNote":"คูปองในคลังของคุณจะถูกนำมาปรับใช้โดยอัตโนมัติเมื่อคิดเงิน","hide":"ซ่อน","filters":"ตัวกรอง Augmented Steam","cardsOwned":"เป็นเจ้าของการ์ด __owned__ จาก __possible__ ใบ","libraryMenu":"คลัง","clearCache":"ล้างข้อมูลแคช","translation":"การแปลภาษา","helpTranslate":"ช่วยเราแปลภาษา Augmented Steam ได้ที่ POEditor","lowest":"ต่ำที่สุด","lowestPrice":"ราคาถูกที่สุดในขณะนี้:","viewBadgeProgress":"ดูความคืบหน้าเหรียญตรา","badgeProgress":"ดูความคืบหน้าเหรียญตรา","salesTotal":"ยอดการขายรวม:","viewNormalBadge":"ดูความคืบหน้าเหรียญตราธรรมดา","apppageSections":"เลือกหมวดที่คุณต้องการให้แสดงบนหน้านี้","website":"เว็บไซต์","games":"เกม","badgeCompletionCost":"ค่าใช้จ่ายในการสร้างเหรียญตรา: __cost__","loading":"กำลังโหลด...","selling":"กำลังขาย...","quickSell":"ขายด่วน __amount__ รายการ","quickSellDesc":"ราคาที่ต่างกันจาก __modifier__ รายการเปรียบเทียบกับราคาข้อเสนอที่ถูกที่สุดของรายการในปัจจุบันบนตลาด Steam","instantSell":"ขายทันที __amount__ รายการ","instantSellDesc":"ราคาของคำสั่งซื้อสูงสุดของรายการในปัจจุบันบนตลาด Steam","quickSellVerify":"จำเป็นต้องยืนยัน Steam Guard","startingAt":"เริ่มต้นที่: __price__","homepageTabs":"แท็บหน้าหลัก","store":"ร้านค้า","viewInStore":"ดูในร้านค้า","communityHub":"ศูนย์กลางชุมชน","viewOnWebsite":"ดูบน __website__","drmThirdParty":"คำเตือน: ผลิตภัณฑ์นี้ใช้งาน DRM ภายนอก __drmlist__.","hoursShort":"__hours__ ชม.","spamCommentShow":"สแปม __num__ ความเห็นถูกซ่อนในหน้านี้  คลิกที่นี่เพื่อแสดง","addToWishlist":"เพิ่มลงในสิ่งที่คุณอยากได้","addFullgameToWishlist":"Add full game to your wishlist","addToWaitlist":"เพิ่มลงในสิ่งที่คุณอยากได้","addFullgameToWaitlist":"Add full game to your Waitlist","removeFromWaitlistTooltip":"ลบออกจากรายการสิ่งที่อยากได้","removeFullgameFromWaitlistTooltip":"Remove full game from your Waitlist","removeFromWishlistAndWaitlistTooltip":"ลบออกจากทั้งรายการสิ่งที่อยากได้และรายการสิ่งที่รอ","removeFullgameFromWishlistAndWaitlistTooltip":"Remove full game from both your wishlist and Waitlist","language":"ภาษา","theworddefault":"ค่าเริ่มต้น","thewordclear":"ล้าง","couponLearnMore_linkText":"เรียนรู้เพิ่มเติม","couponLearnMore_fullText":"__linkdesc__ เกี่ยวกับคูปอง Steam","show":"แสดง","showAll":"แสดงทั้งหมด","badgesAll":"เหรียญตราทั้งหมด","esSupporter":"ผู้สนับสนุน Enhanced Steam","community":"ชุมชน","ownedCollection":"__gametitle__ is already in your IsThereAnyDeal Collection","viewBadge":"ดูเหรียญตรา","purchaseTotal":"ยอดการสั่งซื้อรวม:","viewFoilBadge":"ดูความคืบหน้าเหรียญตราฟอยล์","viewAstats":"ดูหน้า AStats","contribute":"ให้การสนับสนุน (GitHub)","reviews":"บทวิจารณ์","readReviews":"อ่านบทวิจารณ์","readMoreReviews":"อ่านบทวิจารณ์เพิ่มเติมที่","youtubeGameplay":"เกมเพลย์บน Youtube","youtubeReviews":"บทวิจารณ์บน YouTube","packageInfo":"ข้อมูลแพ็กเกจ","badgeCompletionAvg":"ราคาเฉลี่ยเพื่อหาให้ครบชุด: __cost__","volumeSoldLast_24":"จำนวน: __sold__ รายการที่ขายไปใน 24 ชั่วโมงที่ผ่านมา","soldLast_24":"__sold__ รายการที่ขายไปใน 24 ชั่วโมงที่ผ่านมา","homepageCurators":"คำแนะนำของผู้แนะนำบน Steam","homepageTopnewreleases":"เกมยอดนิยมบน Steam","homepageSidebar":"แถบข้าง","dropCalc":"คลิกที่นี่เพื่อคำนวณการ์ดดรอปที่เหลืออยู่","price":"ราคา","marketTransactions":"ธุรกรรมในตลาด","loadMarketStats":"โหลดสถิติบนตลาด","cardDropsRemaining":"คงเหลือการ์ดดรอป __drops__ ใบ","badgesDrops":"เหรียญตราที่ยังคงเหลือการ์ดดรอป","usingLanguageReturn":"คลิกที่นี่เพื่อเปิดหาบน Steam ในภาษา__base__","guides":"คู่มือ","highlight":"ไฮไลท์","save":"บันทึก","view":"ดู","gameName":"ชื่อเกม","notinterested":"รายการที่ทำเครื่องหมายเป็นไม่สนใจ","ignoredOwned":"เกมที่คุณละเว้นเมื่อเล่นบนแพลตฟอร์มอื่น","searchFilters_reviewsScore_between":"คะแนนบทวิจารณ์ระหว่าง __lower__% ถึง __upper__%","searchFilters_reviewsScore_any":"คะแนนบทวิจารณ์ใดก็ได้","searchFilters_reviewsScore_upTo":"คะแนนบทวิจารณ์ถึง __score__%","searchFilters_reviewsScore_from":"คะแนนบทวิจารณ์จาก __score__%","searchFilters_reviewsCount_count":"จำนวนบทวิจารณ์:","searchFilters_reviewsCount_minCount":"จำนวนต่ำสุด","searchFilters_reviewsCount_maxCount":"จำนวนสูงสุด","searchFilters_discountPercent_count":"เปอร์เซ็นต์ส่วนลด:","searchFilters_discountPercent_minCount":"% ต่ำสุด","searchFilters_discountPercent_maxCount":"% สูงสุด","searchFilters_hideCart":"ซ่อนผลิตภัณฑ์ในรถเข็นของคุณ","searchFilters_hideEa":"ซ่อนผลิตภัณฑ์เกมเล่นระหว่างการพัฒนา","searchFilters_hideMixed":"ซ่อนผลิตภัณฑ์ที่มีคะแนนผสมกัน","searchFilters_hideNegative":"ซ่อนผลิตภัณฑ์ที่มีคะแนนแง่ลบ","news":"ข่าวสาร","viewinclient":"ดูในไคลเอนต์","customBackground":"พื้นหลังแบบกำหนดเอง","customStyle":"ธีมแบบกำหนดเอง","customStyleHelp":"ผู้ใช้ Augmented Steam ทุกคนจะมองเห็นธีมนี้บนโปรไฟล์ของคุณ ผู้ที่ไม่ได้ใช้งาน Augmented Steam จะมองไม่เห็นการเปลี่ยนแปลงของธีมใดก็ตามที่ได้ทำการเปลี่ยนแปลงในที่นี่","noneselected":"ไม่ได้เลือก / ไม่เปลี่ยนแปลง","mostDrops":"ดรอปมากที่สุด","netGain":"เงินที่ใช้รับสุทธิ:","apppageRecentupdates":"ประกาศและกิจกรรมล่าสุด","apppageEaheader":"กล่องข้อมูลเกมเล่นระหว่างการพัฒนา","apppageEabanner":"เเบนเนอร์การสนธนาเกมเล่นระหว่างการพัฒนา","apppageWorkshop":"แบนเนอร์เวิร์กชอปบน Steam","apppageGreenlight":"แบนเนอร์ Steam Greenlight","apppageLegal":"ข้อมูลทางกฎหมาย","apppageFranchise":"แฟรนไชส์","apppageMorefromfranchise":"ดูเพิ่มเติมจากแฟรนไชส์","bugFeature":"แจ้งข้อบกพร่อง / แนะนำคุณสมบัติ","always":"เสมอ","ratingDetails":"ดูรายละเอียดการให้คะแนน","dropsWorthAvg":"มูลค่าโดยประมาณ","familySharingNotice_notice":"หมายเหตุ:","familySharingNotice_desc":"เกมนี้ถูกละเว้นจากบริการการแบ่งปันครอบครัวบน Steam","visitStore":"เยี่ยมชมหน้าร้านค้า","all":"ทั้งหมด","externalFunds":"เงินภายนอกที่ใช้","shoppingCartHistory":"ดูประวัติรถเข็น","manageWebapiKey":"จัดการรหัส Steam Web API ของฉัน","steamCloudHeader":"คลาวด์บน Steam","steamCloudSaves":"ดูบันทึกบนคลาวด์","gamesWithDrops":"__dropsgames__ เกมที่การ์ดดรอปยังเหลืออยู่","binderView":"มุมมองแบบปก","usingLanguage":"คุณกำลังเปิดหาบน Steam ในภาษา__current__","loginWarning":"ตรวจสอบให้แน่ใจว่าคุณได้เข้าสู่ระบบไปยัง __link__ เพื่อใช้งานคุณสมบัติทั้งหมดของ Augmented Steam","visitTradeForum":"เยี่ยมชมฟอรัมแลกเปลี่ยน","purchaseDate":"(สั่งซื้อเมื่อ __date__)","customBackgroundHelp":"ผู้ใช้ Augmented Steam ทั้งหมดจะมองเห็นภาพพื้นหลังนี้บนหน้าโปรไฟล์ของคุณ ผู้ที่ไม่ใช้งาน Augmented Steam จะมองเห็นเพียงภาพพื้นหลังปกติของคุณ","dateUnlocked":"วันที่ปลดล็อก","netSpent":"ค่าใช้จ่ายสุทธิ:","buy":"ซื้อ","buyPackage":"ซื้อ __package__","moreInformation":"ข้อมูลเพิ่มเติม","regionUnavailable":"ไม่พร้อมใช้งานในภูมิภาคนี้","avgPrice_3cards":"ราคาเฉลี่ยของการ์ดสะสม 3 ใบ: __price__","groups_leaveGroupsConfirm":"คุณแน่ใจหรือไม่ว่าคุณต้องการออกจาก __n__ กลุ่มที่เลือกไว้?","groups_manageGroups":"จัดการกลุ่ม","groups_actionGroups":"เลือกกลุ่มด้านล่างที่คุณต้องการดำเนินการ","groups_select":"เลือก:","groups_leave":"ออกจากกลุ่ม","groups_selected":"__n__ ที่เลือกไว้","groups_leaveAdminConfirm_currentlyAdmin":"คุณเป็นผู้ดูแลของ __name__ อยู่ในขณะนี้","groups_leaveAdminConfirm_wantToLeave":"คุณแน่ใจหรือไม่ว่าคุณต้องการออกจากกลุ่มนี้?","export_wishlist":"ส่งออกรายการสิ่งที่อยากได้","export_type":"ประเภทการส่งออก","export_format":"รูปแบบข้อความ","export_text":"ข้อความ","export_download":"ดาวน์โหลด","export_copyClipboard":"คัดลอกไปยังคลิปบอร์ด","none":"ไม่มี","emptyWishlist_title":"ล้างสิ่งที่อยากได้ทั้งหมด","emptyWishlist_confirm":"Are you sure you want to empty your wishlist? This action cannot be undone!","emptyWishlist_removing":"กำลังลบ __cur__ แอปจาก __total__...","about":"เกี่ยวกับ","never":"ไม่ต้อง","couponAvailable":"คุณมีคูปองที่สามารถใช้งานได้!","launchRandom":"เริ่มเกมแบบสุ่ม","playGame":"เล่น __gamename__ หรือไม่?","dropsValue":"ค่าดรอปสูงที่สุด","cardsRemain":"การ์ดเหลือน้อยที่สุดเพื่อจะทำให้ครบชุด","wishlist":"สิ่งที่อยากได้","onWishlist":"On wishlist","onWaitlist":"ในสิ่งที่อยากได้","onWishlistAndWaitlist":"บนรายการสิ่งที่อยากได้และรายการสิ่งที่รอ","cancel":"ยกเลิก","wikiArticle":"ดูบทความ __pcgw__","viewAll":"ดูทั้งหมด","gamesWithBooster":"__boostergames__ เกมที่มีสิทธิ์ได้รับบูสเตอร์แพ็ก","sortBy":"เรียงตาม:","playtime":"เวลาเล่น","awards":"รางวัล","year":"ปี","lastonline":"ออนไลน์ล่าสุด","members":"สมาชิก","name":"ชื่อ","drmThirdPartySub":"คำเตือน: มีบางรายการในแพ็กเกจนี้ที่ใช้ DRM ภายนอก __drmlist__.","customize":"ปรับแต่ง","bundleSavingText":"จำนวนเงินที่คุณประหยัดได้จากการซื้อชุดรวมนี้","thewordoptions":"ตัวเลือก","discussions":"กระดานสนทนา","pricing_lowestPrice":"ราคาดีที่สุดในขณะนี้:","pricing_historicalLow":"ราคาต่ำที่สุดในประวัติ:","pricing_bundled":"เคยลงในชุดรวม:","pricing_withVoucher":"พร้อมบัตรกำนัล __voucher__","pricing_store":"ที่&nbsp;__store__","pricing_bundleCount":"__count__ ครั้ง","webBrowserChat":"แชทบนเว็บเบราว์เซอร์","steamClientChat":"แชทบนไคลเอนต์ Steam","equipOnProfile":"สวมใส่บนโปรไฟล์","previewBackground":"ตัวอย่างพื้นหลัง","expandSlider":"ขยายแถบเลื่อน","contractSlider":"ย่อแถบเลื่อน","earlyAccess":"เกมระหว่างการพัฒนา","tagShort":"ใช้แท็กแบบสั้นเพื่อประหยัดพื้นที่","noPriceData":"ข้อมูลราคาไม่พร้อมใช้งาน","userScore":"คะแนนผู้ใช้","marketPopularItemsToggle":"สลับการอัปเดตล่าสุดสำหรับผลิตภัณฑ์ยอดนิยม","showProgressbar":"แสดงแถบความคืบหน้าและสถานะของ Augmented Steam","achievements_option":"แสดงรางวัลความสำเร็จบนหน้าร้านค้า","achievements_summary":"__unlocked__ จาก __total__ (__percentage__%) รางวัลความสำเร็จที่ได้รับ:","bundle_offerEnds":"ข้อเสนอสิ้นสุด","bundle_includes":"รวม __num__ รายการ","bundle_tierIncludes":"__tier__ (__price__) รวม __num__ รายการ","bundle_tier":"ระดับ __num__","bundle_header":"ชุดรวมที่รวมเกมนี้","bundle_info":"ข้อมูลชุดรวม","charts_peakall":"สูงสุดตลอดกาล","charts_current":"ผู้เล่นในขณะนี้","charts_playingNow":"เล่นเดี๋ยวนี้","charts_peaktoday":"สูงสุดวันนี้","hltb_title":"ระยะเวลาในการจบเกม","hltb_mainE":"เนื้อเรื่องหลักและเนื้อหาพิเศษ","hltb_compl":"ผู้ชื่นชอบความสมบูรณ์","hltb_main":"เนื้อเรื่องหลัก","options_friendsAndGroups":"Friends and Groups","options_friendsAppendNickname":"Append nicknames to friends' names","options_settingsMngmt_import":"นำเข้า","options_settingsMngmt_importSuccess":"การตั้งค่าถูกนำเข้าเรียบร้อยแล้ว","options_settingsMngmt_importFail":"ล้มเหลวในการตั้งค่าการนำเข้า","options_settingsMngmt_export":"ส่งออก","options_settingsMngmt_reset":"รีเซ็ต","options_showCustomThemes":"แสดงธีมแบบกำหนดเอง","options_communityDefaultTab":"แท็บหน้าหลักชุมชนเริ่มต้น","options_videos":"วิดีโอ","options_broadcasts":"การถ่ายทอดสด","options_artwork":"อาร์ตเวิร์ก","options_screenshots":"ภาพหน้าจอ","options_showBacktotop":"แสดงปุ่มย้อนกลับไปด้านบนในหน้าที่มีความยาว","options_contextMenu":"เมนูบริบท","options_contextSteamStore":"ค้นหา '__query__' บนร้านค้า Steam","options_contextSteamMarket":"ค้นหา '__query__' บนตลาด Steam","options_contextItad":"ค้นหา '__query__' บน IsThereAnyDeal","options_contextBartervg":"ค้นหา '__query__' บน Barter.vg","options_contextSteamdb":"ค้นหา '__query__' บน SteamDB","options_contextSteamdbInstant":"ค้นหา '__query__' ทันทีบน SteamDB","options_contextSteamKeys":"เปิดใช้งานรหัสผลิตภัณฑ์ Steam ภายในการเลือก","options_wsgf":"แสดงข้อมูล WSGF (Widescreen)","options_versionShow":"แสดงบันทึกการเปลี่ยนแปลงเมื่ออัปเดต Augmented Steam","options_steamcardexchange":"แสดงลิงก์ SteamCardExchange บนหน้าเหรียญตรา","options_regionalPrice":"การเปรียบเทียบราคาตามภูมิภาค","options_excludef2p":"ละเว้นเกมเล่นฟรีจากไฮไลท์","options_profileLinkImagesNone":"ไม่มี","options_profileLinks":"แสดงลิงก์โปรไฟล์ไปยัง","options_tag":"แท็ก","options_icon":"ไอคอน","options_name":"ชื่อ","options_showAlternativeLinuxIcon":"แสดงไอคอน Linux อีกรูปแบบ","options_replacecommunityhublinks":"Replace community hub links with store page links","options_hideannouncementcomments":"ซ่อนความเห็นภายใต้กลุ่มประกาศทั้งหมดตามค่าเริ่มต้น","options_hidetmsymbols":"Hide trademark and copyright symbols in game titles","options_metacritic":"แสดงคะแนนจากผู้ใช้ใน Metacritic","options_opencritic":"แสดงรายละเอียดจาก Opencritic.com","options_hideactivelistings":"ซ่อนรายการความเคลื่อนไหวทั้งหมดในหน้าแรกของตลาดเป็นค่าเริ่มต้น","options_showlowestmarketprice":"แสดงราคาตลาดที่ต่ำสุดในรายการของคุณ","options_clear":"คุณแน่ใจหรือไม่ว่าคุณต้องการที่จะรีเซ็ตตัวเลือกทั้งหมด? การกระทำนี้ไม่สามารถย้อนกลับได้","options_coupon":"รายการที่ใช้คูปองได้","options_showPackageInfo":"แสดงข้อมูลแพ็กเกจของแอปทั้งหมด","options_wlbuttoncommunityapp":"แสดงปุ่ม \"เพิ่มในสิ่งที่คุณอยากได้\" บนศูนย์กลางชุมชนของแอป","options_removeguideslanguagefilter":"ไม่แสดงคู่มือตัวกรองตามภาษาของผู้ใช้โดยอัตโนมัติ","options_confirmdeletecomment":"แสดงการยืนยันเมื่อกำลังลบความเห็น","options_disablelinkfilter":"ปิดการใช้งานการยืนยัน เมื่อเข้าถึงเว็บไซต์ภายนอก","options_regionalPriceOn":"แสดงการเปรียบเทียบราคาตามภูมิภาค","options_horizontalscrolling":"เปิดการใช้งานการเลื่อนแนวนอนพร้อมกงล้อเมาส์","options_supportinfo":"แสดงข้อมูลฝ่ายสนับสนุนบนหน้าร้านค้า","options_drm":"แสดงคำเตือน DRM ภายนอก","options_profileLinkImages":"Profile and Group links image style","options_show1clickgoo":"แสดงปุ่ม \"1-คลิกแปลงเป็นอัญมณี...\" บนไอเท็มในช่องเก็บของที่สามารถแปลงได้","options_hltb":"แสดงข้อมูล HowLongToBeat.com","options_hidespamcomments":"ซ่อนความเห็นที่เป็นสแปมบนหน้าเวิร์กชอปและโปรไฟล์","options_gift":"รายการที่เก็บเป็นของขวัญอยู่","options_regionalPriceMouse":"เมื่อใช้เมาส์ชี้บนราคา","options_lowestpriceHeader":"ประวัติข้อมูลราคา","options_storesAll":"เปรียบเทียบกับร้านค้าทั้งหมด","options_viewInCurrency":"ดูใน:","options_showEarlyAccess":"แสดงแบนเนอร์ภาพเกมระหว่างการพัฒนา","options_profileLinkImagesGray":"ขาวดำ","options_quickinv":"แสดงปุ่มขายด่วนบนไอเท็มชุมชน Steam ในช่องเก็บของ","options_quickinvDiff":"ตัวแก้ไขการขายด่วน:","options_sendAgeInfo":"ส่งข้อมูลการตรวจสอบอายุโดยอัตโนมัติเมื่อมีการร้องขอ","options_showdeckcompat":"แสดงระดับความเข้ากันได้ของ Steam Deck ในรายการนำเสนอ (และเรียกข้อมูลเมื่อไม่มีข้อมูลแสดง)","options_removebroadcasts":"ลบการถ่ายทอดสดบนหน้าร้านค้าโดยสมบูรณ์","options_exfgls":"แสดงประกาศหากแอปถูกรวมอยู่ในการแบ่งปันครอบครัว","options_mp4video":"แสดงวิดีโอในร้านค้าของแอปให้เป็นรูปแบบ MP4","options_youtube":"แสดงลิงก์ YouTube","options_twitch":"แสดงลิงก์ Twitch","options_pcgw":"แสดงลิงก์ PCGamingWiki","options_completionistme":"แสดงลิงก์ Completionist.me","options_protondb":"แสดงลิงก์ ProtonDB","options_storeSteamcards":"แสดงลิงก์ SteamCardExchange บนหน้าร้านค้า","options_spamcommentregex":"สตริงกำหนดรูปแบบกลุ่มคำ:","options_regionalHideworld":"ซ่อนตัวชี้วัดสากล","options_showAstatslink":"แสดงลิงก์ AStats บนหน้าแอป","options_showYoutubegameplay":"แสดงวิดีโอเกมเพลย์จาก YouTube บนหน้าแอป","options_showYoutubereviews":"แสดงวิดีโอบทวิจารณ์จาก YouTube บนหน้าแอป","options_openinnewtab":"เปิดลิงก์ภายนอกในแท็บใหม่","options_showbartervg":"แสดงลิงก์ Barter.vg","options_guest":"รายการที่คุณมีบัตรทดลองเล่น","options_collection":"ผลิตภัณฑ์ในชุดสะสม ITAD ของคุณ","options_waitlist":"ผลิตภัณฑ์ในสิ่งที่อยากได้ ITAD ของคุณ","options_showPlayersInfo":"แสดงข้อมูลจำนวนผู้เล่น","options_showallstats":"แสดงสถิติเวลาเล่นบนหน้า \"เกมทั้งหมด\"","options_lowestpriceOnwishlist":"แสดงบนสิ่งที่อยากได้","options_steamrepapi":"แสดงสถานะ SteamRep บนหน้าโปรไฟล์","options_profileSteamid":"แสดงไอดี Steam บนโปรไฟล์","options_profilePinnedBg":"ปักหมุดตำแหน่งพื้นหลังโปรไฟล์เมื่อกำลังเลื่อน","options_lowestprice":"แสดง","options_owned":"รายการที่คุณเป็นเจ้าของ","options_itadlinks":"แสดงลิงก์ IsThereAnyDeal","options_steamdb":"แสดงลิงก์ SteamDB","options_profileLinkImagesColor":"ลงสี","options_showViewInLibrary":"แสดงปุ่ม \"ดูในคลัง\" สำหรับเกมที่เป็นเจ้าของ","options_installSteamButton":"ปุ่ม \"ติดตั้ง Steam\"","options_replaceViewClient":"แทนที่ด้วย \"ดูในไคลเอนต์\"","options_showEmptyWishlist":"แสดงปุ่ม \"ล้างสิ่งที่อยากได้ทั้งหมด\"","options_showWishlistStats":"แสดงสถิติสิ่งที่อยากได้บนรายการสิ่งที่อยากได้","options_oneclickremovewl":"ข้ามการยืนยันเมื่อกำลังลบรายการ","options_userNotes_userNotes":"หมายเหตุของผู้ใช้","options_userNotes_app":"บนหน้าแอป","options_userNotes_wishlist":"บนสิ่งที่อยากได้ของฉัน","options_userNotes_loc":"ตำแหน่งพื้นที่จัดเก็บข้อมูล","options_userNotes_syncedStorage":"พื้นที่จัดเก็บข้อมูลที่ซิงค์แล้ว/ภายในเครื่อง","options_userNotes_local":"ฐานข้อมูลภายในเครื่อง","options_inventoryNavText":"แสดงระบบนำทางขั้นสูงในหน้าช่องเก็บของ","options_marketTotal":"แสดงข้อมูลสรุปธุรกรรมบนตลาด","options_lowestpriceCoupon":"แสดงรหัสคูปองในการเปรียบเทียบราคา","options_general":"ทั่วไป","options_apppage":"หน้าแอป","options_market":"ตลาด","options_inventory":"คลัง","options_profile":"โปรไฟล์","options_group":"กลุ่ม","options_friendActivity":"ฟีดกิจกรรมของเพื่อน","options_groupLinks":"แสดงลิงก์กลุ่มไปยัง:","options_showLanguagewarning":"แสดงคำเตือนหากกำลังเปิดดูด้วยภาษาอื่นนอกจาก","options_homepage":"หน้าหลัก","options_homepageDefaultTab":"แท็บหน้าหลักเริ่มต้น","options_homepageDefaultTabRemember":"จดจำก่อนหน้านี้","options_homepageDefaultTabNewreleases":"ใหม่และกระแสนิยม","options_homepageDefaultTabTopsellers":"ขายดีที่สุด","options_homepageDefaultTabUpcoming":"ใกล้วางจำหน่ายยอดนิยม","options_homepageDefaultTabSpecials":"พิเศษ","options_wishlist":"รายการในสิ่งที่คุณอยากได้","options_addAnotherRegion":"เพิ่ม","options_skipGotSteam":"ข้ามหน้าต่าง 'ดาวน์โหลด Steam หรือยัง?'","options_storeGeneralThirdparty":"ตัวเลือกสำหรับข้อมูลจากไซต์ภายนอก","options_purchaseDates":"แสดงวันที่สั่งซื้อแอปในหน้าร้านค้า","options_showBadgeProgress":"แสดงความคืบหน้าเหรียญตราของแอปในหน้าร้าน","options_showCoupon":"แสดงคูปองที่ใช้ได้บนหน้าร้านค้า","options_showWishlistLink":"แสดงลิงค์สิ่งที่อยากได้ในโปรไฟล์","options_showWishlistCount":"แสดงหมายเลขของสิ่งของในสิ่งที่อยากได้","options_profileShowcaseTwitch":"เพิ่มผลงานจาก Twitch.tv หากมีลิงก์","options_profileShowcaseOwnTwitch":"... รวมในโปรไฟล์ของคุณเอง","options_profileShowcaseTwitchProfileonly":"... เฉพาะกรณีลิงก์อยู่ในข้อมูลสรุปของโปรไฟล์","options_lang_english":"อังกฤษ","options_lang_brazilian":"โปรตุเกส-บราซิล","options_lang_bulgarian":"บัลแกเรีย","options_lang_czech":"เช็ก","options_lang_danish":"เดนมาร์ก","options_lang_dutch":"ดัตช์","options_lang_finnish":"ฟินแลนด์","options_lang_french":"ฝรั่งเศส","options_lang_greek":"กรีก","options_lang_german":"เยอรมัน","options_lang_hungarian":"ฮังการี","options_lang_italian":"อิตาลี","options_lang_japanese":"ญี่ปุ่น","options_lang_koreana":"เกาหลี","options_lang_norwegian":"นอร์เวย์","options_lang_polish":"โปแลนด์","options_lang_portuguese":"โปรตุเกส","options_lang_russian":"รัสเซีย","options_lang_romanian":"โรมาเนีย","options_lang_schinese":"จีนตัวย่อ","options_lang_spanish":"สเปน","options_lang_latam":"สเปน - ลาตินอเมริกา","options_lang_swedish":"สวีเดน","options_lang_tchinese":"จีนตัวเต็ม","options_lang_thai":"ไทย","options_lang_turkish":"ตุรกี","options_lang_ukrainian":"ยูเครน","options_lang_vietnamese":"เวียดนาม","options_addCustomLink":"เพิ่มลิงก์แบบกำหนดเอง","options_autoDetect":"ตรวจพบอัตโนมัติ","options_addToWaitlist":"แสดงเมนูดรอปดาวน์ \"เพิ่มลงในสิ่งที่อยากได้\" บนหน้าแอป","options_collectionBannerNotOwned":"Only show In Collection banner when I don't own the game on Steam","options_maintainers":"ผู้ดูแลโครงการ","options_withHelpOf":"ด้วยความช่วยเหลืออย่างมากโดย __contributors__ ของเรา","options_contributors":"เหล่าผู้มีส่วนร่วมที่ยอดเยี่ยม","options_aboutDesc":"Augmented Steam เป็นเวอร์ชันแยกของส่วนเสริม Enhanced Steam","options_aboutDescLinks":"เยี่ยมชม__website__ของส่วนเสริมหรือ __discord__ ของเราสำหรับข้อมูลเพิ่มเติม","options_footerFork":"เวอร์ชันแยกสร้างโดย IsThereAnyDeal","options_footerAuthor":"ผู้สร้างเวอร์ชันต้นฉบับโดย jshackles","ready_loading":"Augmented Steam กำลังโหลดข้อมูล...","ready_ready":"Augmented Steam พร้อมใช้งานแล้ว","ready_failed":"มีคำร้องขอ __amount__ รายการล้มเหลว กรุณาตรวจสอบคอนโซลเบราว์เซอร์สำหรับรายละเอียดเพิ่มเติม","ready_serverOutage":"เซิร์ฟเวอร์ Augmented Steam กำลังทำงานหนักอยู่ในขณะนี้","twitch_nowStreaming":"__username__ กำลังสตรีมสดบน Twitch","twitch_viewers":"ผู้ชม","dlcSelect_wishlistedDlc":"เลือกเนื้อหาดาวน์โหลดที่อยู่ในสิ่งที่อยากได้","dlcSelect_none":"ไม่เลือก","dlcSelect_unownedDlc":"เลือกเนื้อหาดาวน์โหลดที่ยังไม่ได้เป็นเจ้าของ","tag_wishlist":"สิ่งที่อยากได้","tag_coupon":"คูปอง","tag_invGift":"ของขวัญ","tag_invGuestpass":"บัตรทดลองเล่น","tag_owned":"เป็นเจ้าของแล้ว","tag_notinterested":"ละเว้น","tag_ignoredOwned":"ละเว้น (เป็นเจ้าของแล้ว)","tag_collection":"มีในชุดสะสมแล้ว","tag_waitlist":"มีในสิ่งที่อยากได้แล้ว","wallet_customAmount":"เพิ่มจำนวนแบบกำหนดเอง","wallet_customAmountText":"Any amount over __minamount__","wallet_customGiftcard":"เลือกบัตรของขวัญแบบกำหนดเอง __input__","wsgf_incomplete":"ไม่สมบูรณ์","wsgf_unsupported":"คะแนนนี้ถูกมอบให้เป็นรางวัลสำหรับเกมที่ไม่รองรับ __type__ เกมอาจจะไม่สามารถเล่นได้ใน __type__ หรือภาพจะถูกยึดให้พอดีกับหน้าต่าง อัตราส่วนภาพที่ถูกต้องจะไม่ถูกนำมาปรับใช้","wsgf_gold":"เหรียญรางวัลนี้ถูกมอบให้เป็นรางวัลสำหรับเกมที่ได้รับคะแนนสูงสุดจาก WSGF ซึ่งรองรับ __type__ และได้รับการรับรอง __type__","wsgf_silver":"เหรียญรางวัลนี้ถูกมอบให้เป็นรางวัลสำหรับเกมที่ได้รับเกรดที่คำนวณได้เป็น B ซึ่งรองรับ __type__ เกมเหล่านี้ทั้งหมดจะไม่มีข้อบกพร่องรุนแรง แต่ว่ายังคงมีข้อบกพร่องบางอย่างที่ยังทำให้ไม่ได้รับคะแนนสูงสุด","wsgf_limited":"คะแนนนี้ถูกมอบให้เป็นรางวัลสำหรับเกมที่ได้รับเกรดที่คำนวณได้เป็น C ซึ่งรองรับ __type__ เกมเหล่านี้ทั้งหมดจะรองรับ __type__ ในบางระดับ แต่ว่ายังคงมีปัญหาที่มีนัยสำคัญอยู่","wsgf_certifications":"ใบรับรองจอกว้าง WSGF","itad_enableSyncLibrary":"Enable library sync","itad_enableSyncWishlist":"Enable wishlist sync","itad_import":"นำเข้าเป็นระยะ ๆ:","itad_lastImport":"Last import","itad_from":"from ITAD","itad_to":"to ITAD","itad_syncNow":"ซิงค์เดี๋ยวนี้","itad_info_itadSteam":"การเชื่อมต่อ Augmented Steam กับ IsThereAnyDeal ทำให้คุณสามารถใช้การไฮไลท์และการแท็กของ Augmented Steam ในสิ่งที่อยากได้และชุดสะสมของคุณได้ แม้ว่าคุณจะไม่มีคุณสมบัตินี้บน Steam ก็ตาม","itad_info_steamItad":"นอกจากนี้ คุณยังสามารถนำเข้าเกมจากคลัง Steam และ/หรือสิ่งที่อยากได้ไปยัง IsThereAnyDeal เพื่อความแม่นยำในการปรับปรุง (เช่น เนื้อหาดาวน์โหลดหรือเกมที่ไม่อยู่ในรายการ) คุณสมบัตินี้ในปัจจุบันสามารถเพิ่มได้เฉพาะผลิตภัณฑ์เท่านั้น ไม่สามารถลบผลิตภัณฑ์ได้ ดังนั้นนี่จะไม่ใช่การแทนที่การซิงค์ข้อมูลของ IsThereAnyDeal แต่จะเป็นการเพิ่มเข้าไป","tradeoffer_numItem":"__num__ รายการ","tradeoffer_numItems":"__num__ รายการ","tradeoffer_back":"กลับไปยังข้อเสนอการแลกเปลี่ยน","update_dontShow":"ไม่ต้องแสดงอีก","update_updated":"Augmented Steam ได้รับการอัปเดตเป็น __version__","update_changes":"View all changes on GitHub","register_success":"__gamename__ เปิดใช้งานเรียบร้อยแล้ว","register_owned":"บัญชี Steam นี้เป็นเจ้าของผลิตภัณฑ์ที่มีอยู่ในข้อเสนอนี้แล้ว","register_notavail":"ขออภัย แต่ผลิตภัณฑ์นี้ไม่พร้อมสำหรับการสั่งซื้อในประเทศนี้ รหัสผลิตภัณฑ์ของคุณยังคงไม่ถูกเปิดใช้งาน","register_invalid":"รหัสผลิตภัณฑ์ที่คุณกรอกไม่ถูกต้อง กรุณาตรวจสอบให้แน่ใจอีกครั้งเพื่อดูว่า คุณพิมพ์รหัสผลิตภัณฑ์ผิดพลาดหรือไม่","register_already":"รหัสผลิตภัณฑ์ที่คุณกรอกถูกเปิดใช้งานไปแล้ว โดยบัญชีผู้ใช้ Steam อื่น","register_dlc":"รหัสผลิตภัณฑ์ที่คุณกรอก คุณต้องเป็นเจ้าของผลิตภัณฑ์หลักก่อนเปิดใช้งานรหัสผลิตภัณฑ์นี้","register_wallet":"รหัสที่คุณกรอกมาจากบัตรของขวัญ Steam หรือรหัสวอลเล็ท Steam","register_toomany":"มีการพยายามเปิดใช้งานที่มากเกินไปจากบัญชีนี้ กรุณารอสักครู่และลองใหม่อีกครั้งในภายหลัง","register_default":"มีข้อผิดพลาดเกิดขึ้น รหัสผลิตภัณฑ์ของคุณยังไม่ถูกเปิดใช้งาน กรุณารอ 30 นาที และลองเปิดใช้งานรหัสผลิตภัณฑ์อีกครั้ง","wl_label":"สถิติ","wl_totalPrice":"มูลค่าปัจจุบัน","wl_inWishlist":"บนสิ่งที่อยากได้","wl_onSale":"บนรายการลดราคา","wl_noPrice":"ไม่ระบุราคา","wl_hidden":"แอปที่ซ่อน","wl_hiddenTooltip":"แอปนั้นจะถูกลบออก/นำออก และจะมองไม่เห็นบนรายการสิ่งที่อยากได้ คลิกที่นี่สำหรับรายละเอียดเพิ่มเติม","wl_removeTitle":"ลบรายการนี้ออกจากรายการสิ่งที่อยากได้ของคุณ?","wl_removeConfirm":"คุณแน่ใจหรือไม่ว่าคุณต้องการลบ 'appid __appid__' ออกจากรายการสิ่งที่อยากได้?","wl_removeConfirmWarn":"การดำเนินการนี้ไม่สามารถเพิ่มได้อีกในภายหลัง!","coll_totalTime":"เวลารวมทั้งหมด","coll_inCollection":"ในชุดสะสม","coll_played":"เล่นแล้ว","coll_neverPlayed":"ไม่เคยเล่น","userNote_add":"เพิ่มหมายเหตุ","userNote_update":"อัปเดตหมายเหตุ","userNote_addForGame":"หมายเหตุสำหรับ __gamename__","userNote_notEnoughSpace":"พื้นที่ไม่เพียงพอสำหรับบันทึกหมายเหตุ","userNote_notEnoughSpaceDesc":"Augmented Steam ไม่สามารถบันทึกหมายเหตุของผู้ใช้เพิ่มได้อีก เนื่องจากอะแดปเตอร์จัดเก็บข้อมูลที่คุณใช้งานไม่อนุญาตให้บันทึกข้อมูลเพิ่มเติม (กำลังพยายามใช้ความจุของพื้นที่จัดเก็บข้อมูล ~__perc__%)","userNote_closeOnStorage":"คุณกำลังเรียกปิดพื้นที่จัดเก็บข้อมูล","userNote_closeOnStorageDesc":"Augmented Steam ถูกปิดจนไม่สามารถบันทึกหมายเหตุของผู้ใช้กับอะแดปเตอร์พื้นที่จัดเก็บข้อมูลปัจจุบันของคุณได้ (พื้นที่จัดเก็บข้อมูลถูกใช้งานไป ~__perc__%)","userNote_storageWarningDesc":"คุณสามารถเลือกจัดเก็บหมายเหตุของผู้ใช้ในฐานข้อมูลภายในเครื่อง (โดยไม่ต้องทำการซิงโครไนซ์) หรือดำเนินการใช้วิธีจัดเก็บข้อมูลตามเบราว์เซอร์ของคุณ (สามารถบันทึกหมายเหตุใหม่เพิ่มได้ หากคุณลบหมายเหตุเก่าบางอันออก)","userNote_saveSyncedStorage":"ดำเนินการใช้พื้นที่จัดเก็บข้อมูลที่ซิงค์แล้วต่อ","userNote_saveLocal":"จัดเก็บหมายเหตุภายในเครื่อง","userNote_syncOption":"Sync notes automatically","userNote_syncInfo_1":"You can sync your notes between Augmented Steam and IsThereAnyDeal. If you enable automatic sync, notes will be periodically fetched from ITAD. Edits via Augmented Steam will be mirrored to ITAD immediately.","userNote_syncInfo_2":"You can also manually push or pull notes between Augmented Steam and IsThereAnyDeal. We advise you to do so before enabling automatic sync, to ensure the correct version of the note is used, in case you have different notes stored for the same game.","userNote_syncInfo_3":"You can see all your notes stored in the Notes and Tags section on IsThereAnyDeal.","userNote_syncButtonPush":"Push notes to\nIsThereAnyDeal","userNote_syncButtonPull":"Pull notes from\nIsThereAnyDeal","userNote_syncPulled":"__n__ note(s) were pulled from IsThereAnyDeal","userNote_syncPushed":"__n__ note(s) were pushed to IsThereAnyDeal","userNote_syncFailed":"__n__ note(s) failed to sync","userNote_syncError":"Your note failed to sync","userNote_syncErrorEmpty":"Note is empty","userNote_syncErrorUnknown":"ITAD does not know this game","userNote_syncErrorLength":"Note is too long (__length__, max: __max__)","queue_new":"คิวใหม่","queue_newTooltip":"ลบผลิตภัณฑ์นี้จากคิวของคุณ และเริ่มคิวใหม่","workshop_workshop":"เวิร์กชอป","workshop_subscriptions":"การสมัครสมาชิก","workshop_subscribeAll":"สมัครสมาชิกทั้งหมด","workshop_subscribeConfirm":"คุณแน่ใจหรือไม่ว่าคุณต้องการสมัครสมาชิกผลงานเวิร์กชอปทั้งหมด __count__ รายการด้วยตัวกรองเหล่านี้?","workshop_subscribeLoading":"กำลังสมัครสมาชิกผลงานเวิร์กชอป __i__/__count__ รายการ กรุณารอสักครู่...","workshop_unsubscribeAll":"ยกเลิกสมัครสมาชิกทั้งหมด","workshop_unsubscribeConfirm":"คุณแน่ใจหรือไม่ว่าคุณต้องการยกเลิกสมัครสมาชิกผลงานเวิร์กชอปทั้งหมด __count__ รายการด้วยตัวกรองเหล่านี้?","workshop_unsubscribeLoading":"กำลังยกเลิกสมัครสมาชิกผลงานเวิร์กชอป __i__/__count__ รายการ กรุณารอสักครู่...","workshop_finished":"เสร็จสิ้น! มี __success__ รายการที่เสร็จสมบูรณ์ และมี __fail__ รายการที่ล้มเหลว คลิกตกลงเพื่อรีเฟรชหน้า","workshop_failed":"__n__ รายการล้มเหลว","originalAuthors":"ผู้เขียนต้นฉบับ","acknowledgements":"กิตติกรรมประกาศ","countries_ad":"Andorra","countries_ae":"United Arab Emirates","countries_af":"Afghanistan","countries_ag":"Antigua and Barbuda","countries_ai":"Anguilla","countries_al":"Albania","countries_am":"อาร์มีเนีย","countries_an":"เนเธอร์แลนด์แอนทิลลีส","countries_ao":"Angola","countries_ar":"Argentina","countries_as":"American Samoa","countries_at":"Austria","countries_au":"Australia","countries_aw":"Aruba","countries_az":"Azerbaijan","countries_ba":"Bosnia and Herzegovina","countries_bb":"Barbados","countries_bd":"Bangladesh","countries_be":"Belgium","countries_bf":"Burkina Faso","countries_bg":"Bulgaria","countries_bh":"Bahrain","countries_bi":"Burundi","countries_bj":"Benin","countries_bm":"Bermuda","countries_bn":"Brunei","countries_bo":"Bolivia","countries_br":"Brazil","countries_bs":"Bahamas","countries_bt":"Bhutan","countries_bv":"Bouvet Island","countries_bw":"Botswana","countries_by":"Belarus","countries_bz":"Belize","countries_ca":"Canada","countries_cd":"Congo - Kinshasa","countries_cf":"Central African Republic","countries_cg":"Congo - Brazzaville","countries_ch":"Switzerland","countries_ci":"Côte d’Ivoire","countries_ck":"Cook Islands","countries_cl":"Chile","countries_cm":"Cameroon","countries_cn":"China","countries_co":"Colombia","countries_cr":"Costa Rica","countries_cu":"Cuba","countries_cv":"Cape Verde","countries_cy":"Cyprus","countries_cz":"Czech Republic","countries_de":"Germany","countries_dj":"Djibouti","countries_dk":"Denmark","countries_dm":"Dominica","countries_do":"Dominican Republic","countries_dz":"Algeria","countries_ec":"Ecuador","countries_ee":"Estonia","countries_eg":"Egypt","countries_eh":"Western Sahara","countries_er":"Eritrea","countries_es":"Spain","countries_et":"Ethiopia","countries_fi":"Finland","countries_fj":"Fiji","countries_fk":"Falkland Islands","countries_fm":"Micronesia","countries_fo":"Faroe Islands","countries_fr":"France","countries_ga":"Gabon","countries_gb":"United Kingdom","countries_gd":"Grenada","countries_ge":"Georgia","countries_gf":"French Guiana","countries_gg":"Guernsey","countries_gh":"Ghana","countries_gi":"Gibraltar","countries_gl":"Greenland","countries_gm":"Gambia","countries_gn":"Guinea","countries_gp":"Guadeloupe","countries_gq":"Equatorial Guinea","countries_gr":"Greece","countries_gs":"South Georgia","countries_gt":"Guatemala","countries_gu":"Guam","countries_gw":"Guinea-Bissau","countries_gy":"Guyana","countries_hk":"Hong Kong SAR China","countries_hm":"Heard Island and McDonald Islands","countries_hn":"Honduras","countries_hr":"Croatia","countries_ht":"Haiti","countries_hu":"Hungary","countries_id":"Indonesia","countries_ie":"ไอร์แลนด์","countries_il":"อิสราเอล","countries_im":"ไอล์ออฟแมน","countries_in":"อินเดีย","countries_io":"British Indian Ocean Territory","countries_iq":"Iraq","countries_ir":"Iran","countries_is":"Iceland","countries_it":"Italy","countries_je":"Jersey","countries_jm":"Jamaica","countries_jo":"Jordan","countries_jp":"Japan","countries_ke":"Kenya","countries_kg":"Kyrgyzstan","countries_kh":"Cambodia","countries_ki":"Kiribati","countries_km":"Comoros","countries_kn":"Saint Kitts and Nevis","countries_kp":"North Korea","countries_kr":"South Korea","countries_kw":"Kuwait","countries_ky":"Cayman Islands","countries_kz":"Kazakhstan","countries_la":"Laos","countries_lb":"Lebanon","countries_lc":"Saint Lucia","countries_li":"Liechtenstein","countries_lk":"Sri Lanka","countries_lr":"Liberia","countries_ls":"Lesotho","countries_lt":"Lithuania","countries_lu":"Luxembourg","countries_lv":"Latvia","countries_ly":"Libya","countries_ma":"Morocco","countries_mc":"Monaco","countries_md":"Moldova","countries_me":"Montenegro","countries_mg":"Madagascar","countries_mh":"Marshall Islands","countries_mk":"Macedonia","countries_ml":"Mali","countries_mm":"Myanmar [Burma]","countries_mn":"Mongolia","countries_mo":"Macau SAR China","countries_mp":"Northern Mariana Islands","countries_mq":"Martinique","countries_mr":"Mauritania","countries_ms":"Montserrat","countries_mt":"Malta","countries_mu":"Mauritius","countries_mv":"Maldives","countries_mw":"Malawi","countries_mx":"Mexico","countries_my":"Malaysia","countries_mz":"Mozambique","countries_na":"Namibia","countries_nc":"New Caledonia","countries_ne":"Niger","countries_nf":"Norfolk Island","countries_ng":"Nigeria","countries_ni":"Nicaragua","countries_nl":"Netherlands","countries_no":"Norway","countries_np":"Nepal","countries_nr":"Nauru","countries_nu":"Niue","countries_nz":"New Zealand","countries_om":"Oman","countries_pa":"Panama","countries_pe":"Peru","countries_pf":"French Polynesia","countries_pg":"Papua New Guinea","countries_ph":"Philippines","countries_pk":"Pakistan","countries_pl":"Poland","countries_pm":"Saint Pierre and Miquelon","countries_pn":"Pitcairn Islands","countries_pr":"Puerto Rico","countries_ps":"Palestinian Territories","countries_pt":"Portugal","countries_pw":"Palau","countries_py":"Paraguay","countries_qa":"Qatar","countries_re":"Réunion","countries_ro":"Romania","countries_rs":"Serbia","countries_ru":"Russia","countries_rw":"Rwanda","countries_sa":"Saudi Arabia","countries_sb":"Solomon Islands","countries_sc":"Seychelles","countries_sd":"Sudan","countries_se":"Sweden","countries_sg":"Singapore","countries_sh":"Saint Helena","countries_si":"Slovenia","countries_sk":"Slovakia","countries_sl":"Sierra Leone","countries_sm":"San Marino","countries_sn":"Senegal","countries_so":"Somalia","countries_sr":"Suriname","countries_st":"เซาตูเมและปรินซีปี","countries_sv":"เอลซัลวาดอร์","countries_sy":"ซีเรีย","countries_sz":"เอสวาตินี","countries_tc":"หมู่เกาะเติกส์และเคคอส","countries_td":"ชาด","countries_tf":"เฟรนช์เซาเทิร์นเทร์ริทอรีส์","countries_tg":"โตโก","countries_th":"ไทย","countries_tj":"ทาจิกิสถาน","countries_tk":"โตเกเลา","countries_tl":"ติมอร์-เลสเต","countries_tm":"เติร์กเมนิสถาน","countries_tn":"ตูนิเซีย","countries_to":"Tonga","countries_tr":"Turkey","countries_tt":"Trinidad and Tobago","countries_tv":"Tuvalu","countries_tw":"Taiwan","countries_tz":"Tanzania","countries_ua":"Ukraine","countries_ug":"Uganda","countries_um":"U.S. Minor Outlying Islands","countries_us":"United States","countries_uy":"Uruguay","countries_uz":"Uzbekistan","countries_va":"Vatican City","countries_vc":"Saint Vincent and the Grenadines","countries_ve":"Venezuela","countries_vg":"British Virgin Islands","countries_vi":"U.S. Virgin Islands","countries_vn":"Vietnam","countries_vu":"Vanuatu","countries_wf":"Wallis and Futuna","countries_ws":"Samoa","countries_ye":"Yemen","countries_yt":"Mayotte","countries_za":"แอฟริกาใต้","countries_zm":"แซมเบีย","countries_zw":"ซิมบับเว"}}