{"stats":{"strings":812,"translated":780},"strings":{"deleteCommentPrompt":"Bu yorumu silmek istediğinizden emin misiniz?","downloadDemoHeader":"__gamename__ Demo indir","deckCompat_header":"Steam Deck Uyumluluğu","deckCompat_unknown":"Bilinmeyen","deckCompat_unsupported":"Desteklenmiyor","deckCompat_playable":"Oynanabilir","deckCompat_verified":"Onaylı","featureHint_desc":"Aşağıdaki özelliği etkinleştirmek ister misiniz?","featureHint_reminder":"Tercihlerinizi daha sonra seçenekler sayfasından değiştirebilirsiniz.","thewordyes":"Evet","thewordno":"Hayır","theworderror":"Hata","noData":"Veri yok","toomanyrequests":"Çok Fazla İstek","showComments":"Yorumları Göster","hideComments":"Yorumları Gizle","thewordunknown":"Unknown","calcWorkshopSize_fileSize":"Dosya sayısı __size__","calcWorkshopSize_calcSize":"Toplam Boyutu Hesapla","calcWorkshopSize_calcLoading":"__i__/__count__ atölye ögesi hesaplanıyor, bekleyin...","calcWorkshopSize_calcFinished":"Tamamlandı! __success__/__total__ öge başarıyla hesaplandı.","calcWorkshopSize_totalSize":"Toplam boyut: __size__","cart":"Sepet","inCart":"Sepetinizde","steamidOfUser":"__user__ SteamID","copied":"Panoya kopyalandı!","viewSteamid":"SteamID","moreOnSteampeek":"SteamPeek'te daha fazlasını gör","date":"Tarih","rating":"Değerlendirme","helpful":"Faydalı","funny":"Komik","length":"Uzunluk","visibility":"Görünürlük","processing":"İşleniyor...","wait":"Lütfen bekleyin","inviteFriends":"Arkadaş Davet Et","inviteToGroup":"Gruba Davet Et","inverse":"Tersine Çevir","transactionStatus":"__failed__ istek başarısız. __size__/__total__ işlem getirilebildi.","customTags":"Özel Etiketler","addTag":"Etiket ekle","enterTag":"Eklemek istediğiniz özet etiketi girin","status":"Durum:","connect":"Bağlan","connected":"Bağlı","disconnect":"Bağlantıyı Kes","disconnected":"Bağlantı Kesildi","oneclickgoo":"Tek Tık ile Cevhere Dönüştür...","viewInLibrary":"Kütüphanede Görüntüle","support":"Destek","email":"E-posta","contact":"İletişim","favEmoticonsDragging":"Simgeleri favorilere eklemek için buraya sürükleyin","favEmoticonsNoAccess":"Bu ifadeye erişiminiz yok","postHistory":"Gönderi geçmişini görüntüle","addNickname":"Takma Ad Ekle","totalSize":"Toplam Boyut","dlcDetails":"İndirilebilir Öğe Ayrıntıları","badgeNotUnlocked":"Açılmamış","badgeLevel":"Level __level__","each":"Her biri","viewInMarket":"Topluluk Pazarında Görüntüle","remove":"Kaldır","getHelp":"Yardım Al","addSelectedDlcToCart":"Seçili indirilebilir içeriği sepete ekle","close":"Kapat","error":"Bir hata meydana geldi","go":"Git","activate":"Bir ürün etkinleştir","activateMultipleHeader":"Her satıra bir adet olmak üzere, aşağıya ürün kodlarını yazın","activateMultiple":"Birden Fazla Ürün Etkinleştir","activateProducts":"Ürünleri etkinleştir","couponApplicationNote":"Envanterinizdeki bir kupon, satın alımda otomatik olarak kullanılacak.","hide":"Gizle","filters":"Augmented Steam filtreleri","cardsOwned":"__possible__ kartın __owned__ tanesine sahipsin","libraryMenu":"Kütüphane","clearCache":"Önbelleği temizle","translation":"Çeviri","helpTranslate":"Augmented Steam'i POEditor'de çevirmemize yardım edin","lowest":"En düşük","lowestPrice":"Şu Anki En Düşük Fiyat:","viewBadgeProgress":"Rozet ilerlemesini görüntüle","badgeProgress":"Rozet İlerlemesi","salesTotal":"Toplam satılan:","viewNormalBadge":"Normal Rozet İlerlemesine Bak","apppageSections":"Bu sayfada görünmesini istediğiniz bölümleri seçin","website":"Web sitesi","games":"Oyunlar","badgeCompletionCost":"Rozeti tamamlama fiyatı: __cost__","loading":"Yükleniyor...","selling":"Satış...","quickSell":"__amount__'ye Hızlı Sat","quickSellDesc":"Steam Pazarı'nda şu anda listelenen en ucuz teklifin __modifier__ kadar farkı ile","instantSell":"__amount__'ye Anında Sat","instantSellDesc":"Steam Pazarı'ndaki en pahalı satın alma siparişine sat","quickSellVerify":"Steam Guard onayı gerekli","startingAt":"Başlangıç: __price__","homepageTabs":"Anasayfa Sekmeleri","store":"Mağaza","viewInStore":"Mağaza'da Görüntüle","communityHub":"Topluluk Merkezi","viewOnWebsite":"__website__ Üzerinde Görüntüle","drmThirdParty":"Uyarı: Bu oyun üçüncü parti DRM kullanıyor __drmlist__.","hoursShort":"__hours__ saat","spamCommentShow":"Bu sayfadaki  __num__  spam yorumu gizlendi. Görmek için buraya tıklayın.","addToWishlist":"İstek listene ekle","addFullgameToWishlist":"Add full game to your wishlist","addToWaitlist":"Bekleme listene ekle","addFullgameToWaitlist":"Add full game to your Waitlist","removeFromWaitlistTooltip":"Bekleme listenizden kaldırın","removeFullgameFromWaitlistTooltip":"Remove full game from your Waitlist","removeFromWishlistAndWaitlistTooltip":"Hem istek hem de bekleme listenizden kaldırın","removeFullgameFromWishlistAndWaitlistTooltip":"Remove full game from both your wishlist and Waitlist","language":"Dil","theworddefault":"Varsayılan","thewordclear":"Temizle","couponLearnMore_linkText":"Daha fazla","couponLearnMore_fullText":"__linkdesc__  Steam Kuponları","show":"Göster","showAll":"Tümünü Göster","badgesAll":"Tüm Rozetler","esSupporter":"Enhanced Steam Destekçisi","community":"Topluluk","ownedCollection":"__gametitle__ is already in your IsThereAnyDeal Collection","viewBadge":"Rozeti Göster","purchaseTotal":"Satın alma toplamı:","viewFoilBadge":"Parlak Rozet İlerlemesine Bak","viewAstats":"Astats Sayfasına Bak","contribute":"Katkıda Bulun (GitHub)","reviews":"İncelemeler","readReviews":"Değerlendirmeleri Oku","readMoreReviews":"Daha fazla değerlendirme oku:","youtubeGameplay":"YouTube Oynanış","youtubeReviews":"YouTube İncelemeleri","packageInfo":"Paket Bilgisi","badgeCompletionAvg":"Ortalama Tamamlama Tutarı: __cost__","volumeSoldLast_24":"Miktar: Son 24 saatte __sold__ tane satıldı","soldLast_24":"Son 24 saatte __sold__ tane satıldı","homepageCurators":"Steam Küratör Önerileri","homepageTopnewreleases":"Steam'deki En İyi Çıkışlar","homepageSidebar":"Kenar çubuğu","dropCalc":"Kalan düşecek kartları hesaplamak için tıklayın","price":"Fiyat","marketTransactions":"Pazar İşlemleri","loadMarketStats":"Mağaza İstatistiklerini Yükle","cardDropsRemaining":"__drops__ kart düşürme hakkınız kaldı","badgesDrops":"Düşürülecek Kartı Kalan Rozetler","usingLanguageReturn":"Steam'i __base__ dilinde görüntülemek için tıklayın.","guides":"Rehberler","highlight":"Vurgula","save":"Kaydet","view":"Görüntüle","gameName":"Oyun Adı","notinterested":"İlgilenmiyorum olarak işaretlenmiş öğeler","ignoredOwned":"Games you ignored as played on different platform","searchFilters_reviewsScore_between":"__lower__ ve __upper__ yorum arasında","searchFilters_reviewsScore_any":"Herhangi yorum sayısı","searchFilters_reviewsScore_upTo":"%__score__ inceleme puanına kadar","searchFilters_reviewsScore_from":"%__score__ inceleme puanından itibaren","searchFilters_reviewsCount_count":"İnceleme sayısı:","searchFilters_reviewsCount_minCount":"Asgari sayı","searchFilters_reviewsCount_maxCount":"Azami sayı","searchFilters_discountPercent_count":"İndirim yüzdesi:","searchFilters_discountPercent_minCount":"Min %","searchFilters_discountPercent_maxCount":"Max %","searchFilters_hideCart":"Sepetimdeki öğeleri gizle","searchFilters_hideEa":"Erken Erişim öğelerini gizle","searchFilters_hideMixed":"Karışık derecelendirmeleri gizle","searchFilters_hideNegative":"Negatif derecelendirmeleri gizle","news":"Haberler","viewinclient":"Steam İstemcisi'nde Göster","customBackground":"Özel Arkaplan","customStyle":"Özel Tema","customStyleHelp":"Augmented Steam kullanan tüm kullanıcılar bu temayı profilinizde görecektir. Kullanmayanlar ise burada yapılan hiçbir değişikliği göremez.","noneselected":"Hiçbiri Seçili Değil / Hiç Değişiklik Yok","mostDrops":"En Çok Düşenler","netGain":"Net kazanç:","apppageRecentupdates":"Yakın Zamanlı Etkinlikler ve Duyurular","apppageEaheader":"Erken Erişim Bilgi Kutusu","apppageEabanner":"Erken Erişim Tartışma Afişi","apppageWorkshop":"Steam Atölyesi Afişi","apppageGreenlight":"Steam Greenlight Afişi","apppageLegal":"Yasal Bilgiler","apppageFranchise":"Franchise","apppageMorefromfranchise":"Franchise'dan Daha Fazlası","bugFeature":"Hata Bildir / Özellik Öner","always":"Her zaman","ratingDetails":"Değerlendirme detaylarını gör","dropsWorthAvg":"Tahmini Değer","familySharingNotice_notice":"Uyarı:","familySharingNotice_desc":"Bu oyun Steam Aile Paylaşımı hizmetinden hariç tutulmuştur.","visitStore":"Mağaza Sayfasına Git","all":"Hepsi","externalFunds":"Kullanılan Dış Fonlar","shoppingCartHistory":"Alışveriş sepeti geçmişini görüntüle","manageWebapiKey":"Steam Web API anahtarımı yönet","steamCloudHeader":"Steam Bulut","steamCloudSaves":"Bulut kayıtlarını görüntüle","gamesWithDrops":"Kart düşürülebilen __dropsgames__ oyun","binderView":"Katalog Görünümü","usingLanguage":"Steam'i __current__ dilinde görüntülüyorsunuz.","loginWarning":"Augmented Steam'in tüm özelliklerini kullanabilmek için __link__ adresinden oturum açtığınıza emin olun.","visitTradeForum":"Takas Forumunu Ziyaret Et","purchaseDate":"(__date__ tarihinde satın alındı)","customBackgroundHelp":"Augmented Steam sahibi bütün kullanıcılar bu arkaplanı görecek. Augmented Steam'e sahip olmayan normal kullanıcılar ise profilinizdeki normal arkaplanınızı görecek.","dateUnlocked":"Açılma Tarihi","netSpent":"Net harcanan:","buy":"Satın al","buyPackage":"__package__ satın al","moreInformation":"Daha Fazla Bilgi","regionUnavailable":"Bu bölgede mevcut değil","avgPrice_3cards":"3 takas kartı için en fazla fiyat: __price__","groups_leaveGroupsConfirm":"Seçilen __n__ grubundan ayrılmak istiyor musunuz?","groups_manageGroups":"Grupları yönet","groups_actionGroups":"İşlem yapmak istediğin grupları aşağıdan seç.","groups_select":"Seç:","groups_leave":"Ayrıl","groups_selected":"__n__ seçili","groups_leaveAdminConfirm_currentlyAdmin":"Şu anda __name__ üstünde yöneticisisiniz.","groups_leaveAdminConfirm_wantToLeave":"Bu gruptan ayrılmak istediğinizden emin misiniz?","export_wishlist":"İstek listesini dışarı aktar","export_type":"Aktarma türü","export_format":"Metin biçimi","export_text":"Metin","export_download":"İndir","export_copyClipboard":"Panoya Kopyala","none":"Hiçbiri","emptyWishlist_title":"İstek listesini temizle","emptyWishlist_confirm":"İstek listeni boşaltmak istediğine emin misin? Bu işlem geri alınamaz!","emptyWishlist_removing":"Uygulama __cur__ / __total__ kaldırılıyor...","about":"Hakkında","never":"Asla","couponAvailable":"Bir kuponun var!","launchRandom":"Rastgele Bir Oyun Başlat","playGame":"__gamename__ oyna?","dropsValue":"En Yüksek Düşme Değeri","cardsRemain":"Seti tamamlamak için geriye kalan kart","wishlist":"İstek Listesi","onWishlist":"İstek listesinde","onWaitlist":"Bekleme Listesinde","onWishlistAndWaitlist":"İstek ve bekleme listesinde","cancel":"İptal","wikiArticle":"__pcgw__ Makalesini Gör","viewAll":"TÜMÜNÜ GÖR","gamesWithBooster":"Hızlandırma Paketi düşürmeye uygun __boostergames__ oyun","sortBy":"Şuna göre sırala:","playtime":"Oynama zamanı","awards":"Ödüller","year":"Yıl","lastonline":"Son Çevrimiçi","members":"Üyeler","name":"İsim","drmThirdPartySub":"Uyarı: Bu paketteki bir veya daha çok içerik üçüncü parti DRM kullanıyor __drmlist__.","customize":"Özelleştir","bundleSavingText":"Bu paketi satın aldığınızda yakalayacağınız avantaj","thewordoptions":"Seçenekler","discussions":"Tartışma Grupları","pricing_lowestPrice":"Şimdiki en iyi:","pricing_historicalLow":"Geçmişteki en düşük fiyat:","pricing_bundled":"Pakette olma sayısı:","pricing_withVoucher":"kupon ile __voucher__","pricing_store":"mağaza:&nbsp;__store__","pricing_bundleCount":"__count__ kez","webBrowserChat":"Web Tarayıcısında Sohbet","steamClientChat":"Steam Uygulamasında Sohbet","equipOnProfile":"Profil üzerinde donatın","previewBackground":"Arka Planı Önizle","expandSlider":"Kaydırıcıyı genişlet","contractSlider":"Kaydırıcıyı daralt","earlyAccess":"Erken Erişim","tagShort":"Alan kazanmak için kısa etiketler kullan","noPriceData":"Fiyat bilgisi bulunamadı","userScore":"Kullanıcı Puanı","marketPopularItemsToggle":"Popüler Eşyalar için güncellemeyi aç/kapat","showProgressbar":"Augmented Steam işlem ve durum çubuğunu göster","achievements_option":"Başarımları mağaza sayfalarında göster","achievements_summary":"__unlocked__ / __total__ (%__percentage__) başarım kazanıldı:","bundle_offerEnds":"Teklifin Bitiş Zamanı","bundle_includes":"__num__ adet öge içerir","bundle_tierIncludes":"__tier__ (__price__) __num__ öğe içerir","bundle_tier":"Aşama __num__","bundle_header":"Bu oyunu içeren paketler","bundle_info":"Bundle Bilgisi","charts_peakall":"tüm zamanlardaki en yüksek zirve","charts_current":"Şu Anki Oyuncular","charts_playingNow":"şimdi oyunda","charts_peaktoday":"bugünün zirvesi","hltb_title":"How Long to Beat","hltb_mainE":"Ana Hikaye ve Ekstralar","hltb_compl":"Tamamlayıcı","hltb_main":"Ana Hikaye","options_friendsAndGroups":"Friends and Groups","options_friendsAppendNickname":"Append nicknames to friends' names","options_settingsMngmt_import":"Yükle","options_settingsMngmt_importSuccess":"Ayarları yedekten yükleme başarılı","options_settingsMngmt_importFail":"Ayarları yedekten yükleme başarısız oldu","options_settingsMngmt_export":"Kaydet","options_settingsMngmt_reset":"Sıfırla","options_showCustomThemes":"Özel temaları göster","options_communityDefaultTab":"Varsayılan topluluk ana sayfası sekmesi","options_videos":"Videolar","options_broadcasts":"Yayınlar","options_artwork":"Çizimler","options_screenshots":"Ekran Görüntüleri","options_showBacktotop":"Uzun sayfalarda, başa dön düğmesini göster","options_contextMenu":"Bağlam Menüsü","options_contextSteamStore":"'__query__' terimini Steam Mağazası'nda ara","options_contextSteamMarket":"'__query__' terimini Steam Pazarı'nda ara","options_contextItad":"'__query__' terimini IsThereAnyDeal'de ara","options_contextBartervg":"'__query__' terimini Barter.vg'de ara","options_contextSteamdb":"'__query__' terimini SteamDB'de ara","options_contextSteamdbInstant":"'__query__' terimini anında SteamDB'de ara","options_contextSteamKeys":"Seçimdeki Steam ürün anahtarlarını etkinleştir","options_wsgf":"WSGF (Geniş Ekran) bilgisini göster","options_versionShow":"Augmented Steam eklentisi güncellendikten sonra yenilikleri göster","options_steamcardexchange":"Rozetlerde SteamCardExchange bağlantılarını göster","options_regionalPrice":"Bölgesel Fiyat Karşılaştırması","options_excludef2p":"Oynaması ücretsiz oyunları vurgulama","options_profileLinkImagesNone":"Hiçbiri","options_profileLinks":"Gösterilecek profil bağlantıları","options_tag":"Etiketle","options_icon":"Simge","options_name":"İsim","options_showAlternativeLinuxIcon":"Alternatif Linux simgesini göster","options_replacecommunityhublinks":"Topluluk merkezi bağlantılarını mağaza bağlantılarıyla değiştir","options_hideannouncementcomments":"Varsayılan olarak tüm grup duyurularının altındaki yorumları gizle","options_hidetmsymbols":"Hide trademark and copyright symbols in game titles","options_metacritic":"Metacritic kullanıcı puanlarını göster","options_opencritic":"Opencritic.com bilgisini göster","options_hideactivelistings":"Pazar anasayfasındaki tüm aktif listelemeleri gizle","options_showlowestmarketprice":"Listelemelerde en düşük pazar miktarını görüntüle","options_clear":"Bütün seçenekleri sıfırlamak istediğinizden emin misiniz? Tekrar geri alamazsınız.","options_coupon":"Kuponlu öğeler","options_showPackageInfo":"Tüm uygulamalar için paket bilgisini göster","options_wlbuttoncommunityapp":"Kullanıcı topluluk uygulamasında \"İstek Listesine Ekle\" düğmesini göster","options_removeguideslanguagefilter":"Kullanıcı diline göre kılavuzları otomatik filtreleme","options_confirmdeletecomment":"Yorumları silerken onayı göster","options_disablelinkfilter":"Dış sitelerine erişirken onayı devre dışı bırak","options_regionalPriceOn":"Karşılaştırmada bölgesel fiyatları göster","options_horizontalscrolling":"Fare tekerleği ile yatay kaydırmayı etkinleştir","options_supportinfo":"Mağaza sayfalarında destek bilgisini göster","options_drm":"Üçüncü parti DRM uyarılarını göster","options_profileLinkImages":"Profil ve Grup bağlantıları görüntü biçimi","options_show1clickgoo":"Uygulanabilir envanter eşyalarında \"Tek Tıkla Cevher'e Dönüştür\" düğmesini göster","options_hltb":"HowLongToBeat.com bilgisini göster","options_hidespamcomments":"Atölye ve profillerde gereksiz yorumları sakla","options_gift":"Hediye olarak depolanan öğeler","options_regionalPriceMouse":"Fare üzerine geldiğinde","options_lowestpriceHeader":"Fiyat Geçmişi Bilgisi","options_storesAll":"Bütün mağazaları karşılaştır","options_viewInCurrency":"Şu birimde göster:","options_showEarlyAccess":"Erken Erişim resmini göster","options_profileLinkImagesGray":"Gri Tonlama","options_quickinv":"Envanterdeki Steam Topluluk eşyalarında Hızlı Satış düğmelerini göster","options_quickinvDiff":"Hızlı Sat değiştiricisi:","options_sendAgeInfo":"Yaş doğrulaması istendiğinde otomatik olarak gönder","options_showdeckcompat":"Özellikler listesinde Steam Deck uyumluluk derecelendirmelerini gösterin (ve eksik olduğunda verileri alın)","options_removebroadcasts":"Bütün canlı yayınları tamamen kaldır","options_exfgls":"Uygulama Aile Paylaşımı yoksa bildirim göster","options_mp4video":"Uygulama mağazası videolarının MP4 biçiminde olmasını zorla","options_youtube":"YouTube bağlantılarını göster","options_twitch":"Twitch bağlantılarını göster","options_pcgw":"PCGamingWiki bağlantılarını göster","options_completionistme":"Completionist.me bağlantılarını göster","options_protondb":"ProtonDB bağlantılarını göster","options_storeSteamcards":"Mağaza sayfalarında SteamCardExchange bağlantılarını göster","options_spamcommentregex":"Normal İfade dizisi:","options_regionalHideworld":"Dünya göstergesini gizle","options_showAstatslink":"AStats bağlantısını uygulama sayfalarında göster","options_showYoutubegameplay":"Uygulama sayfalarında YouTube oynanış videolarını göster","options_showYoutubereviews":"Uygulama sayfalarında YouTube inceleme videolarını göster","options_openinnewtab":"Harici bağlantıları yeni sekmede aç","options_showbartervg":"Barter.vg bağlantılarını göster","options_guest":"Misafir girişine sahip oldukların","options_collection":"ITAD Koleksiyonundaki Öğeler","options_waitlist":"ITAD Bekleme Listendeki Öğeler","options_showPlayersInfo":"Show player count information","options_showallstats":"\"Tüm Oyunlar\" sayfasında oynama istatistiklerini göster","options_lowestpriceOnwishlist":"İstek Listesinde Göster","options_steamrepapi":"SteamRep durumunu profil sayfalarında göster","options_profileSteamid":"Profillerde SteamID göster","options_profilePinnedBg":"Kaydırma yaparken profil arka plan konumunu sabitle","options_lowestprice":"Göster","options_owned":"Sahip olduğunuz öğeler","options_itadlinks":"IsThereAnyDeal bağlantılarını göster","options_steamdb":"SteamDB bağlantılarını göster","options_profileLinkImagesColor":"Renkli","options_showViewInLibrary":"Sahip olunan oyunlar için \"Kütüphanede görüntüle\" düğmesini göster","options_installSteamButton":"\"Steam Yükle\" düğmesi","options_replaceViewClient":"\"İstemcide Görüntüle\" ile değiştir","options_showEmptyWishlist":"\"İstek Listesini Temizle\" düğmesini göster","options_showWishlistStats":"İstek listesindeki istek listesi istatistiklerini göster","options_oneclickremovewl":"Öğeleri kaldırırken onayı atla","options_userNotes_userNotes":"Kullanıcı notları","options_userNotes_app":"Uygulama sayfalarında","options_userNotes_wishlist":"İstek listemde","options_userNotes_loc":"Depolama konumu","options_userNotes_syncedStorage":"Eşitlenmiş/Yerel depo","options_userNotes_local":"Yerel veritabanı","options_inventoryNavText":"Envanter sayfasında gelişmiş navigasyon göster","options_marketTotal":"Pazar sayfasında, işlem özetini göster","options_lowestpriceCoupon":"Fiyat karşılaştırmasına kuponları dahil et","options_general":"Genel","options_apppage":"Uygulama sayfası","options_market":"Pazar","options_inventory":"Envanter","options_profile":"Profil","options_group":"Grup","options_friendActivity":"Arkadaş Etkinliği Akışı","options_groupLinks":"Şuna grup bağlantılarını göster:","options_showLanguagewarning":"Şu dilin dışında geziniliyorsa uyarı göster","options_homepage":"Anasayfa","options_homepageDefaultTab":"Varsayılan ana sayfa sekmesi","options_homepageDefaultTabRemember":"Öncekini Hatırla","options_homepageDefaultTabNewreleases":"Popüler Yenilikler","options_homepageDefaultTabTopsellers":"Çok Satanlar","options_homepageDefaultTabUpcoming":"Yakında","options_homepageDefaultTabSpecials":"Kampanyalar","options_wishlist":"İstek listenizdeki öğeler","options_addAnotherRegion":"Ekle","options_skipGotSteam":"'Steam'iniz var mı?' penceresini atla","options_storeGeneralThirdparty":"Üçüncü Parti Sitelerden Bilgi Seçenekleri","options_purchaseDates":"Uygulamaların satın alım tarihini mağaza sayfasında göster","options_showBadgeProgress":"Mağaza sayfalarında uygulamalarla ilgili rozet ilerlemesini göster","options_showCoupon":"Mağaza sayfalarında kullanılabilir kuponları göster","options_showWishlistLink":"Profillerde bir İstek Listesi bağlantısı göster","options_showWishlistCount":"İstek Listesi'ndeki öge sayısını göster","options_profileShowcaseTwitch":"Bağlantı varsa Twitch.tv gösterimine bağlantı ekle","options_profileShowcaseOwnTwitch":"... kendi profiliniz dahil","options_profileShowcaseTwitchProfileonly":"... bağlantı sadece Profil Özeti içindeyse","options_lang_english":"İngilizce","options_lang_brazilian":"Portekizce-Brezilya","options_lang_bulgarian":"Bulgarca","options_lang_czech":"Çekce","options_lang_danish":"Danca","options_lang_dutch":"Flemenkçe","options_lang_finnish":"Fince","options_lang_french":"Fransızca","options_lang_greek":"Yunanca","options_lang_german":"Almanca","options_lang_hungarian":"Macarca","options_lang_italian":"İtalyanca","options_lang_japanese":"Japonca","options_lang_koreana":"Korece","options_lang_norwegian":"Norveççe","options_lang_polish":"Lehçe","options_lang_portuguese":"Portekizce","options_lang_russian":"Rusça","options_lang_romanian":"Rumence","options_lang_schinese":"Basitleştirilmiş Çince","options_lang_spanish":"İspanyolca","options_lang_latam":"Latin Amerika İspanyolcası","options_lang_swedish":"İsveççe","options_lang_tchinese":"Geleneksel Çince","options_lang_thai":"Tayca","options_lang_turkish":"Türkçe","options_lang_ukrainian":"Ukraynaca","options_lang_vietnamese":"Vietnamca","options_addCustomLink":"Özel bağlantı ekle","options_autoDetect":"Otomatik bul","options_addToWaitlist":"Uygulama sayfalarında \"Bekleme Listesine Ekle\" açılır menüsünü göster","options_collectionBannerNotOwned":"Only show In Collection banner when I don't own the game on Steam","options_maintainers":"Proje Sorumluları","options_withHelpOf":"__contributors__ çok fazla yardımları ile","options_contributors":"çok katkısı olanlar","options_aboutDesc":"Augmented Steam, Enhanced Steam uzantısının çatalıdır.","options_aboutDescLinks":"Daha fazlası için __website__ ya da __discord__ adreslerimizi ziyaret edin.","options_footerFork":"IsThereAnyDeal'ın bir çatalı","options_footerAuthor":"özgün yaratıcı jshackles","ready_loading":"Augmented Steam verileri yüklüyor...","ready_ready":"Augmented Steam hazır","ready_failed":"__amount__ istek başarısız oldu, lütfen tarayıcı konsoluna bak","ready_serverOutage":"Augmented Steam sunucuları şu anda aşırı yükleme yaşıyor","twitch_nowStreaming":"__username__ Twitch üzerinden canlı yayın yapıyor","twitch_viewers":"İzleyici","dlcSelect_wishlistedDlc":"İstek Listesindeki DLC'yi seç","dlcSelect_none":"Hiçbirini Seçme","dlcSelect_unownedDlc":"Sahip olunmayan DLC Seç","tag_wishlist":"İstek Listesi","tag_coupon":"Kupon","tag_invGift":"Hediye","tag_invGuestpass":"Misafir girişi","tag_owned":"Sahipsiniz","tag_notinterested":"İlgilenmiyorum","tag_ignoredOwned":"Ignored (owned)","tag_collection":"Toplanan","tag_waitlist":"Bekleme Listesinde","wallet_customAmount":"Farklı bir miktar ekle","wallet_customAmountText":"__minamount__ üzerindeki herhangi bir tutar","wallet_customGiftcard":"__input__ Özel Hediye Kartını Seç","wsgf_incomplete":"Tamamlanmamış","wsgf_unsupported":"Bu puan oyunun __type__ desteği olmaması nedeniyle verilmiştir. Oyun __type__ üzerinde çalışmayabilir ya da görüntünün ekrana sığması için genişletilmiş olabilir. Doğru en-boy oranı korunmuyor.","wsgf_gold":"Bu madalya oyunun __type__ desteği ve __type__ onaylı olması nedeniyle aldığı yüksek puanlamalardan dolayı WSGF tarafından verilmiştir.","wsgf_silver":"Bu madalya oyunun B sınıfı __type__ desteği nedeniyle verilmiştir. Bu oyunların büyük kusurları olmamakla beraber ufak hatalardan dolayı tam puana layık görülememişlerdir.","wsgf_limited":"Bu madalya oyunun C sınıfı __type__ desteği nedeniyle verilmiştir. Bu oyunların __type__ desteği olmasına rağmen azımsanamayacak derecede hataları bulunmaktadır.","wsgf_certifications":"WSGF Geniş Ekran Sertifikası","itad_enableSyncLibrary":"Enable library sync","itad_enableSyncWishlist":"Enable wishlist sync","itad_import":"Periyodik olarak içe al:","itad_lastImport":"Last import","itad_from":"from ITAD","itad_to":"to ITAD","itad_syncNow":"Şimdi eşitle","itad_info_itadSteam":"Augmented Steam'i IsThereAnyDeal ile bağlamak, Augmented Steam'in vurgulamasını ve etiketlemesini, Steam'de olmasan bile Bekleme Listesi ve Koleksiyondaki oyunlara uygulamanı sağlar.","itad_info_steamItad":"Ayrıca, daha yüksek doğruluk için (örneğin DLC'ler veya liste dışı oyunlar) Steam Kütüphanenizden ve/veya İstek Listeniz'den IsThereAnyDeal'a oyun aktarmanıza izin verir. Şu anda bu özellik yalnızca oyunları ekleyebilir, kaldıramaz, bu nedenle IsThereAnyDeal'ın entegre eşitlemesinin yerini almaz, buna ek olarak kullanılır.","tradeoffer_numItem":"__num__ öğe","tradeoffer_numItems":"__num__ öğe","tradeoffer_back":"İşlem Tekliflerine Geri Dön","update_dontShow":"Tekrar Gösterme","update_updated":"Augmented Steam __version__ sürümüne güncellendi","update_changes":"GitHub'da tüm değişiklikler","register_success":"__gamename__ başarıyla etkinleştirildi","register_owned":"Bu Steam hesabı zaten bu teklifteki ürün(ler)e sahip.","register_notavail":"Üzgünüz, ancak bu ürün ülkenizde satılmamaktadır. Ürün anahtarınız kullanılamadı.","register_invalid":"Girdiğiniz ürün kodu geçersiz. Lütfen yanlış yazmadığınızdan emin olmak için tekrar kontrol edin.","register_already":"Girdiğiniz ürün kodu zaten farklı bir Steam hesabında etkinleştirilmiş.","register_dlc":"Girdiğiniz ürün kodu etkinleştirilmeden önce başka bir ürün sahibi olmanız gerekiyor.","register_wallet":"Girdiğiniz kod bir Steam Hediye Kartı ya da Steam Cüzdan Kodu'na ait","register_toomany":"Bu hesaptan çok fazla etkinleştirme denemesinde bulunuldu. Lütfen bekleyin ve daha sonra tekrar deneyin.","register_default":"Beklenmeyen bir hata oluştu. Ürün kodunuz kullanılamadı. Lütfen 30 dakika bekleyip kodu kullanmayı tekrar deneyin.","wl_label":"İstatistik","wl_totalPrice":"geçerli değer","wl_inWishlist":"istek listesinde","wl_onSale":"indirimde","wl_noPrice":"fiyatsız","wl_hidden":"gizli uygulamalar","wl_hiddenTooltip":"Kaldırılmış/listeden çıkarılmış ve istek listelerinde görünmeyen uygulamalar. Ayrıntılar için tıklayın.","wl_removeTitle":"Bu ürün istek listenizden çıkarılsın mı?","wl_removeConfirm":"'appid __appid__' istek listenizden kaldırılacak, onaylıyor musunuz?","wl_removeConfirmWarn":"Sonradan tekrar eklenemez!","coll_totalTime":"toplam süre","coll_inCollection":"Koleksiyonda","coll_played":"Oynandı","coll_neverPlayed":"Hiç Oynanmadı","userNote_add":"Bir not ekle","userNote_update":"Notu güncelle","userNote_addForGame":"__gamename__ için not","userNote_notEnoughSpace":"Notu kaydetmek için yeterli alan yok","userNote_notEnoughSpaceDesc":"Kullanılmış depolama bağdaştırıcınız daha fazla veri kaydına izin vermediğinden (depolama kapasitesinin ~__perc__% kullanmaya çalışıyor) Augmented Steam daha fazla kullanıcı notu kaydedemez.","userNote_closeOnStorage":"Depolama alanı dolmak üzere","userNote_closeOnStorageDesc":"Augmented Steam, mevcut depolama konumuna daha fazla kullanıcı notu (~__perc__% depolama kullanımı) kaydedemeyecek.","userNote_storageWarningDesc":"Kullanıcı notlarınızı yerel bir veritabanında (eşitleme olmadan) depolamayı seçebilir veya tarayıcınız tarafından sağlanan depolama yöntemini kullanmaya devam edebilirsiniz (burada yeni notlar yalnızca bazı eskileri silerseniz eklenebilir).","userNote_saveSyncedStorage":"Eşitlenmiş depolama alanını kullanmaya devam et","userNote_saveLocal":"Notları yerel olarak depola","userNote_syncOption":"Sync notes automatically","userNote_syncInfo_1":"You can sync your notes between Augmented Steam and IsThereAnyDeal. If you enable automatic sync, notes will be periodically fetched from ITAD. Edits via Augmented Steam will be mirrored to ITAD immediately.","userNote_syncInfo_2":"You can also manually push or pull notes between Augmented Steam and IsThereAnyDeal. We advise you to do so before enabling automatic sync, to ensure the correct version of the note is used, in case you have different notes stored for the same game.","userNote_syncInfo_3":"You can see all your notes stored in the Notes and Tags section on IsThereAnyDeal.","userNote_syncButtonPush":"Push notes to\nIsThereAnyDeal","userNote_syncButtonPull":"Pull notes from\nIsThereAnyDeal","userNote_syncPulled":"__n__ note(s) were pulled from IsThereAnyDeal","userNote_syncPushed":"__n__ note(s) were pushed to IsThereAnyDeal","userNote_syncFailed":"__n__ note(s) failed to sync","userNote_syncError":"Your note failed to sync","userNote_syncErrorEmpty":"Note is empty","userNote_syncErrorUnknown":"ITAD does not know this game","userNote_syncErrorLength":"Note is too long (__length__, max: __max__)","queue_new":"Yeni Kuyruk","queue_newTooltip":"Bu ürünü kuyruktan kaldır ve yeni bir tane başlat.","workshop_workshop":"Atölye","workshop_subscriptions":"Abonelikler","workshop_subscribeAll":"Tümüne Abone Ol","workshop_subscribeConfirm":"Bu filtreleri içeren tüm __count__ atölye öğesine abone olmak istediğinizden emin misiniz?","workshop_subscribeLoading":"Abone olunan __i__/__count__ atölye öğesi,  lütfen bekleyin...","workshop_unsubscribeAll":"Aboneliği Tümünden Kaldır","workshop_unsubscribeConfirm":"Bu filtreleri içeren tüm __count__ atölye öğesinin aboneliğini iptal etmek istediğinizden emin misiniz?","workshop_unsubscribeLoading":"Aboneliği sonlandırılan __i__/__count__ atölye öğesi,  lütfen bekleyin...","workshop_finished":"Tamamlandı! __success__ başarılı, __fail__ başarısız. Sayfayı yenilemek için Tamam tıklayın","workshop_failed":"__n__ başarısız","originalAuthors":"Özgün geliştiriciler","acknowledgements":"Teşekkürler","countries_ad":"Andorra","countries_ae":"Birleşik Arap Emirlikleri","countries_af":"Afganistan","countries_ag":"Antigua ve Barbuda","countries_ai":"Anguilla","countries_al":"Arnavutluk","countries_am":"Ermenistan","countries_an":"Hollanda Antilleri","countries_ao":"Angola","countries_ar":"Arjantin","countries_as":"Amerikan Samoası","countries_at":"Avusturya","countries_au":"Avustralya","countries_aw":"Aruba","countries_az":"Azerbaycan","countries_ba":"Bosna-Hersek","countries_bb":"Barbados","countries_bd":"Bangladeş","countries_be":"Belçika","countries_bf":"Burkina Faso","countries_bg":"Bulgaristan","countries_bh":"Bahreyn","countries_bi":"Burundi","countries_bj":"Benin","countries_bm":"Bermuda","countries_bn":"Brunei","countries_bo":"Bolivya","countries_br":"Brezilya","countries_bs":"Bahamalar","countries_bt":"Bhutan","countries_bv":"Bouvet Adası","countries_bw":"Botsvana","countries_by":"Beyaz Rusya","countries_bz":"Belize","countries_ca":"Kanada","countries_cd":"Kongo - Kinşasa","countries_cf":"Orta Afrika Cumhuriyeti","countries_cg":"Kongo - Brazavil","countries_ch":"İsviçre","countries_ci":"Fildişi Sahili","countries_ck":"Cook Adaları","countries_cl":"Şili","countries_cm":"Kamerun","countries_cn":"Çin","countries_co":"Kolombiya","countries_cr":"Kosta Rika","countries_cu":"Küba","countries_cv":"Yeşil Burun","countries_cy":"Kıbrıs","countries_cz":"Çekya","countries_de":"Almanya","countries_dj":"Cibuti","countries_dk":"Danimarka","countries_dm":"Dominik","countries_do":"Dominik Cumhuriyeti","countries_dz":"Cezayir","countries_ec":"Ekvador","countries_ee":"Estonya","countries_eg":"Mısır","countries_eh":"Batı Sahra","countries_er":"Eritre","countries_es":"İspanya","countries_et":"Etiyopya","countries_fi":"Finlandiya","countries_fj":"Fiji","countries_fk":"Falkland Adaları","countries_fm":"Mikronezya","countries_fo":"Faroe Adaları","countries_fr":"Fransa","countries_ga":"Gabon","countries_gb":"Birleşik Krallık","countries_gd":"Grenada","countries_ge":"Gürcistan","countries_gf":"Fransız Guyanası","countries_gg":"Guernsey","countries_gh":"Gana","countries_gi":"Cebelitarık","countries_gl":"Grönland","countries_gm":"Gambiya","countries_gn":"Gine","countries_gp":"Guadeloupe","countries_gq":"Ekvator Ginesi","countries_gr":"Yunanistan","countries_gs":"Güney Georgia Adası","countries_gt":"Guatemala","countries_gu":"Guam","countries_gw":"Gine-Bissau","countries_gy":"Guyana","countries_hk":"Hong Kong","countries_hm":"Heard Adası ve McDonald Adaları","countries_hn":"Honduras","countries_hr":"Hırvatistan","countries_ht":"Haiti","countries_hu":"Macaristan","countries_id":"Endonezya","countries_ie":"İrlanda","countries_il":"İsrail","countries_im":"Man Adası","countries_in":"Hindistan","countries_io":"Britanya Hint Okyanusu Toprakları","countries_iq":"Irak","countries_ir":"İran","countries_is":"İzlanda","countries_it":"İtalya","countries_je":"Jersey","countries_jm":"Jamaika","countries_jo":"Ürdün","countries_jp":"Japonya","countries_ke":"Kenya","countries_kg":"Kırgızistan","countries_kh":"Kamboçya","countries_ki":"Kiribati","countries_km":"Komorlar","countries_kn":"Saint Kitts ve Nevis","countries_kp":"Kuzey Kore","countries_kr":"Güney Kore","countries_kw":"Kuveyt","countries_ky":"Cayman Adaları","countries_kz":"Kazakistan","countries_la":"Laos","countries_lb":"Lübnan","countries_lc":"Saint Lucia","countries_li":"Lihtenştayn","countries_lk":"Sri Lanka","countries_lr":"Liberya","countries_ls":"Lesotho","countries_lt":"Litvanya","countries_lu":"Lüksemburg","countries_lv":"Letonya","countries_ly":"Libya","countries_ma":"Fas","countries_mc":"Monako","countries_md":"Moldova","countries_me":"Karadağ","countries_mg":"Madagaskar","countries_mh":"Marshall Adaları","countries_mk":"Makedonya","countries_ml":"Mali","countries_mm":"Myanmar [Burma]","countries_mn":"Moğolistan","countries_mo":"Makao","countries_mp":"Kuzey Mariana Adaları","countries_mq":"Martinik","countries_mr":"Moritanya","countries_ms":"Montserrat","countries_mt":"Malta","countries_mu":"Mauritius","countries_mv":"Maldivler","countries_mw":"Malavi","countries_mx":"Meksika","countries_my":"Malezya","countries_mz":"Mozambik","countries_na":"Namibya","countries_nc":"Yeni Kaledonya","countries_ne":"Nijer","countries_nf":"Norfolk Adası","countries_ng":"Nijerya","countries_ni":"Nikaragua","countries_nl":"Hollanda","countries_no":"Norveç","countries_np":"Nepal","countries_nr":"Nauru","countries_nu":"Niue","countries_nz":"Yeni Zelanda","countries_om":"Umman","countries_pa":"Panama","countries_pe":"Peru","countries_pf":"Fransız Polinezyası","countries_pg":"Papua Yeni Gine","countries_ph":"Filipinler","countries_pk":"Pakistan","countries_pl":"Polonya","countries_pm":"Saint Pierre ve Miquelon","countries_pn":"Pitcairn Adaları","countries_pr":"Porto Riko","countries_ps":"Filistin Toprakları","countries_pt":"Portekiz","countries_pw":"Palau","countries_py":"Paraguay","countries_qa":"Katar","countries_re":"Réunion","countries_ro":"Romanya","countries_rs":"Sırbistan","countries_ru":"Rusya","countries_rw":"Ruanda","countries_sa":"Suudi Arabistan","countries_sb":"Solomon Adaları","countries_sc":"Seyşeller","countries_sd":"Sudan","countries_se":"İsveç","countries_sg":"Singapur","countries_sh":"Saint Helena","countries_si":"Slovenya","countries_sk":"Slovakya","countries_sl":"Sierra Leone","countries_sm":"San Marino","countries_sn":"Senegal","countries_so":"Somali","countries_sr":"Surinam","countries_st":"São Tomé ve Príncipe","countries_sv":"El Salvador","countries_sy":"Suriye","countries_sz":"Svaziland","countries_tc":"Turks ve Caicos Adaları","countries_td":"Çad","countries_tf":"Fransız Güney Toprakları","countries_tg":"Togo","countries_th":"Tayland","countries_tj":"Tacikistan","countries_tk":"Tokelau","countries_tl":"Timor-Leste","countries_tm":"Türkmenistan","countries_tn":"Tunus","countries_to":"Tonga","countries_tr":"Türkiye","countries_tt":"Trinidad-Tobago","countries_tv":"Tuvalu","countries_tw":"Tayvan","countries_tz":"Tanzanya","countries_ua":"Ukrayna","countries_ug":"Uganda","countries_um":"A.B.D Küçük Dış Adaları","countries_us":"Amerika Birleşik Devletleri","countries_uy":"Uruguay","countries_uz":"Özbekistan","countries_va":"Vatikan","countries_vc":"Saint Vincent ve Grenadinler","countries_ve":"Venezuela","countries_vg":"Britanya Virjin Adaları","countries_vi":"A.B.D. Virjin Adaları","countries_vn":"Vietnam","countries_vu":"Vanuatu","countries_wf":"Wallis ve Futuna","countries_ws":"Samoa","countries_ye":"Yemen","countries_yt":"Mayotte","countries_za":"Güney Afrika Cumhuriyeti","countries_zm":"Zambiya","countries_zw":"Zimbabve"}}