{"stats":{"strings":812,"translated":500},"strings":{"deleteCommentPrompt":"Ви точно хочете видалити цей коментар?","downloadDemoHeader":"Завантажити демо __gamename__","deckCompat_header":"Сумісність зі Steam Deck","deckCompat_unknown":"Невідомо","deckCompat_unsupported":"Unsupported","deckCompat_playable":"Іграбельно","deckCompat_verified":"Підтверджено","featureHint_desc":"Чи бажаєте ви ввімкнути наступну функцію?","featureHint_reminder":"Ви можете змінити налаштування пізніше на сторінці з опціями.","thewordyes":"Так","thewordno":"Ні","theworderror":"Помилка","noData":"Нема даних","toomanyrequests":"Too Many Requests","showComments":"Відображати коментарі","hideComments":"Приховати коментарі","thewordunknown":"Unknown","calcWorkshopSize_fileSize":"Розмір файла __size__","calcWorkshopSize_calcSize":"Розрахувати загальний розмір","calcWorkshopSize_calcLoading":"Calculating __i__/__count__ workshop items, please wait...","calcWorkshopSize_calcFinished":"Finished! Successfully calculated __success__/__total__ items.","calcWorkshopSize_totalSize":"Загальний розмір: __size__","cart":"Кошик","inCart":"у Кошику","steamidOfUser":"SteamID __user__","copied":"Скопійовано до буферу обміну","viewSteamid":"View SteamID","moreOnSteampeek":"Переглянути більше на SteamPeek","date":"Дата","rating":"Оцінка","helpful":"Корисні","funny":"Смішні","length":"Довжина","visibility":"Видимість","processing":"Опрацювання...","wait":"Будь ласка зачекайте","inviteFriends":"Запросити друзів","inviteToGroup":"Запросити до групи","inverse":"Навпаки","transactionStatus":"__failed__ запит(и) завершено з помилками. Отримано __size__ з __total__ обмінів.","customTags":"Теги користувача","addTag":"Додати тег","enterTag":"Введіть тег який ви хотіли б додати","status":"Статус:","connect":"З'єднання","connected":"З'єднано","disconnect":"Роз'єднання","disconnected":"Роз'єднано","oneclickgoo":"Перетворити у самоцвіти в 1 клік...","viewInLibrary":"Переглянути у бібліотеці","support":"Підтримка","email":"E-mail","contact":"Зв'язатися","favEmoticonsDragging":"Перетягніть смайлики сюди щоб зробити їх улюбленими","favEmoticonsNoAccess":"Цей смайлик вам не доступний","postHistory":"Переглянути історію повідомлень","addNickname":"Додати псевдонім","totalSize":"Загальний розмір","dlcDetails":"Інформація про завантажуваний вміст","badgeNotUnlocked":"Не розблоковано","badgeLevel":"Level __level__","each":"Кожний","viewInMarket":"Переглянути на ринку спільноти","remove":"Remove","getHelp":"Отримати допомогу","addSelectedDlcToCart":"Додати вибрані DLC до Кошика","close":"Закрити","error":"Сталася помилка","go":"Руш","activate":"Активувати продукт","activateMultipleHeader":"Введіть коди продуктів у вікні нижче, по одному в рядку","activateMultiple":"Активувати декілька продуктів","activateProducts":"Активувати продукти","couponApplicationNote":"Купон буде використано автоматично під час придбання.","hide":"Приховати","filters":"Фільтри Augmented Steam","cardsOwned":"Карток у власності: __owned__ (макс.: __possible__)","libraryMenu":"Бібліотека","clearCache":"Очистити кешовані дані","translation":"Переклад","helpTranslate":"Допоможіть нам перекладати Augmented Steam у POEditor","lowest":"Найнижчі","lowestPrice":"Найнижча ціна:","viewBadgeProgress":"Переглянути хід здобуття значка","badgeProgress":"Хід здобуття значка","salesTotal":"Сума продажів:","viewNormalBadge":"Переглянути хід здобуття звичайного значка","apppageSections":"Оберіть розділи, які би ви хотіли би бачити на цій сторінці","website":"Сайт","games":"ігри","badgeCompletionCost":"Вартість виготовлення значка: __cost__","loading":"Завантаження…","selling":"Продається…","quickSell":"Швидко продати за __amount__","quickSellDesc":"Різниця у ціні __modifier__ порівняно з найдешевшою ціною на ринку спільноти у даний час","instantSell":"Миттєвий продаж за __amount__","instantSellDesc":"Ціна найвищого запиту на купівлю на ринку спільноти","quickSellVerify":"Необхідне підтвердження Steam Guard","startingAt":"починаючи з: __price__","homepageTabs":"Вкладки головної сторінки","store":"Крамниця","viewInStore":"переглянути в Крамниця","communityHub":"Центр спільноти","viewOnWebsite":"Переглянути на __website__","drmThirdParty":"Увага: ця гра використовує DRM-технологію сторонніх постачальників __drmlist__.","hoursShort":"__hours__ год.","spamCommentShow":"На цій сторінці приховано спам-коментарі (__num__). Натисніть тут, щоби показати їх.","addToWishlist":"Додати до списку бажаного","addFullgameToWishlist":"Add full game to your wishlist","addToWaitlist":"Додати до списку бажаного","addFullgameToWaitlist":"Add full game to your Waitlist","removeFromWaitlistTooltip":"Remove from your Waitlist","removeFullgameFromWaitlistTooltip":"Remove full game from your Waitlist","removeFromWishlistAndWaitlistTooltip":"Remove from both your wishlist and Waitlist","removeFullgameFromWishlistAndWaitlistTooltip":"Remove full game from both your wishlist and Waitlist","language":"Мова","theworddefault":"Стандартно","thewordclear":"Очистити","couponLearnMore_linkText":"Дізнатися більше","couponLearnMore_fullText":"__linkdesc__ щодо Купонів Steam","show":"Показати","showAll":"Show All","badgesAll":"Всі значки","esSupporter":"Підтримав «Enhanced Steam»","community":"Спільнота","ownedCollection":"__gametitle__ is already in your IsThereAnyDeal Collection","viewBadge":"переглянути значок","purchaseTotal":"всього покупок:","viewFoilBadge":"Переглянути прогрес металевого значка","viewAstats":"Переглянути сторінку на AStats","contribute":"Долучитися (GitHub)","reviews":"Огляди","readReviews":"Переглянути рецензії","readMoreReviews":"Переглянути більше рецензій","youtubeGameplay":"YouTube Gameplay","youtubeReviews":"Огляди з YouTube","packageInfo":"Інформація набору","badgeCompletionAvg":"Середня ціна завершення: __cost__","volumeSoldLast_24":"Кількість: __sold__ продано за останні 24 год.","soldLast_24":"__sold__ продано за останні 24 години","homepageCurators":"Рекомендації кураторів Steam","homepageTopnewreleases":"Найліпші релізи Steam","homepageSidebar":"Бокова панель","dropCalc":"Натисніть тут, щоб обчислити крапель, що залишилися","price":"Вартість","marketTransactions":"Операції на Торг. майданчику","loadMarketStats":"Завантажити статистику ринку","cardDropsRemaining":"Ще випаде карток: __drops__","badgesDrops":"Значків з можливістю випадання карток","usingLanguageReturn":"Click here to browse Steam in __base__.","guides":"Посібники","highlight":"В центрі уваги","save":"Зберегти","view":"Переглянути","gameName":"Назва гри","notinterested":"продукти, відмічені, як не цікаві","ignoredOwned":"Games you ignored as played on different platform","searchFilters_reviewsScore_between":"Від __lower__% до __upper__% рецензій схвальні","searchFilters_reviewsScore_any":"Будь-яка оцінка","searchFilters_reviewsScore_upTo":"До __score__% рецензій схвальні","searchFilters_reviewsScore_from":"Від __score__% рецензій схвальні","searchFilters_reviewsCount_count":"Кількість рецензій","searchFilters_reviewsCount_minCount":"Мінімум","searchFilters_reviewsCount_maxCount":"Максимум","searchFilters_discountPercent_count":"Discount percent:","searchFilters_discountPercent_minCount":"Min %","searchFilters_discountPercent_maxCount":"Max %","searchFilters_hideCart":"Приховати товари у вашому Кошику","searchFilters_hideEa":"Приховати товари у дочасному доступі","searchFilters_hideMixed":"Приховати товари зі змішаними рецензіями","searchFilters_hideNegative":"Приховати товари з негативними рецензіями","news":"Новини","viewinclient":"Переглянути в клієнті Steam","customBackground":"своє тло","customStyle":"Свої теми","customStyleHelp":"Всі користувачі Розширеного Стім бачать цю тему у вашому профілі. Користувачі без встановленого Розширеного Стім не побачать жодних змін, зроблених тут.","noneselected":"Не вибрано\\ немає змін","mostDrops":"більшість випадінь","netGain":"чистий доход:","apppageRecentupdates":"Нещодавні події та оголошення","apppageEaheader":"Early Access Info Box","apppageEabanner":"Early Access Discussions Banner","apppageWorkshop":"Steam Workshop Banner","apppageGreenlight":"Банер Steam Greenlight","apppageLegal":"Правова інформація","apppageFranchise":"Франшиза","apppageMorefromfranchise":"Більше від франшизи","bugFeature":"Провідомити про помилку / Запропонувати функцію","always":"Завжди","ratingDetails":"Переглянути інформацію рейтингу","dropsWorthAvg":"Приблизна вартість","familySharingNotice_notice":"Notice:","familySharingNotice_desc":"Цю гру виключено з сервісу Family Sharing.","visitStore":"Відвідати сторінку магазину","all":"Всі","externalFunds":"External Funds Used","shoppingCartHistory":"Переглянути історію Кошику покупок","manageWebapiKey":"Керування ключем Steam Web API","steamCloudHeader":"Steam Cloud","steamCloudSaves":"Переглянути ігри, які збережено до вашої Steam Cloud","gamesWithDrops":"Ігор, в яких можуть випасти картки: __dropsgames__","binderView":"Вид «Папки»","usingLanguage":"You are browsing Steam in __current__.","loginWarning":"Переконайтеся, що ви увійшли до __link__, щоб мати можливість скористатися усіма можливостями Augmented Steam.","visitTradeForum":"Відвідати Торговий Форум","purchaseDate":"(Придбано __date__)","customBackgroundHelp":"Всі користувачі Augmented Steam побачать це тло у вашому профілі. Користувачі, у яких не встановлений Augmented Steam, побачать обране вами вище тло.","dateUnlocked":"Дата розблокування","netSpent":"витрачено:","buy":"Купити","buyPackage":"Придбати __package__","moreInformation":"Більше інформації","regionUnavailable":"Недоступний в цьому регіоні","avgPrice_3cards":"Приблизна вартість трьох карток: __price__","groups_leaveGroupsConfirm":"Ви певні, що хочете покинути __n__ обраних груп?","groups_manageGroups":"Управління групами","groups_actionGroups":"Оберіть групи з якими ви бажаєте виконати операцію.","groups_select":"Обрати:","groups_leave":"Залишити","groups_selected":"__n__ обрано.","groups_leaveAdminConfirm_currentlyAdmin":"Ви наразі є адміном __name__.","groups_leaveAdminConfirm_wantToLeave":"Ви точно хочете покинути цю групу?","export_wishlist":"Експортувати список бажаного","export_type":"Тип експорту","export_format":"Текстовий формат","export_text":"Текст","export_download":"Скачати","export_copyClipboard":"Скопіювати до буферу обміну","none":"Жодної","emptyWishlist_title":"Очистити список бажаного","emptyWishlist_confirm":"Are you sure you want to empty your wishlist? This action cannot be undone!","emptyWishlist_removing":"Видалення елементу __cur__ з __total__...","about":"Про додаток","never":"Ніколи","couponAvailable":"У вас є купон!","launchRandom":"Запуск випадкова гра","playGame":"Грати в __gamename__?","dropsValue":"Найдорожча картка","cardsRemain":"Least cards remaining to complete set","wishlist":"Список бажаного","onWishlist":"On wishlist","onWaitlist":"У Waitlist","onWishlistAndWaitlist":"On wishlist and Waitlist","cancel":"Вихід","wikiArticle":"Переглянути статтю __pcgw__","viewAll":"ПЕРЕГЛЯНУТИ УСІХ","gamesWithBooster":"Ігор, у яких випаде набір карток: __boostergames__","sortBy":"Сортувати за:","playtime":"Час у грі","awards":"Awards","year":"Рік","lastonline":"Останній раз онлайн","members":"Члени","name":"Назва","drmThirdPartySub":"Увага: один або кілька продуктів в цьому наборі використовують DRM-технологію сторонніх постачальників __drmlist__.","customize":"Налаштувати","bundleSavingText":"Ось те, що ви заощадите, купуючи цей набір","thewordoptions":"Опції","discussions":"Обговорення","pricing_lowestPrice":"Поточна найкраща:","pricing_historicalLow":"Історичний мінімум:","pricing_bundled":"In bundle:","pricing_withVoucher":"З купоном __voucher__","pricing_store":"у&nbsp;__store__","pricing_bundleCount":"__count__ разів","webBrowserChat":"Чат у браузері","steamClientChat":"Чат в клієнті steam","equipOnProfile":"Equip on Profile","previewBackground":"Переглянути тло профілю","expandSlider":"Розгорнути слайдер","contractSlider":"Згорнути слайдер","earlyAccess":"Ранній доступ","tagShort":"Використовуйте короткі теґи, щоб зберегти простір","noPriceData":"Нема даних про ціну","userScore":"Оцінка користувачів","marketPopularItemsToggle":"Перемкнути режим автоматичного оновлення для популярних продуктів","showProgressbar":"Show Augmented Steam progress and status bar","achievements_option":"Відображати досягнення на сторінках у магазині","achievements_summary":"__unlocked__ з __total__ (__percentage__%) досягнень відкрито:","bundle_offerEnds":"пропозиція закінчується","bundle_includes":"Включає в себе __num__ предметів","bundle_tierIncludes":"__tier__ (__price__) включає в себе __num__ прдеметів","bundle_tier":"__num__ рівень","bundle_header":"Набори, в яких є ця гра","bundle_info":"Інформація про набір","charts_peakall":"пік за весь час","charts_current":"Нинішні гравці","charts_playingNow":"грає зараз","charts_peaktoday":"сьогоднішній пік","hltb_title":"Час проходження","hltb_mainE":"Історія та інше","hltb_compl":"На 100%","hltb_main":"Основна історія","options_friendsAndGroups":"Friends and Groups","options_friendsAppendNickname":"Append nicknames to friends' names","options_settingsMngmt_import":"Імпорт","options_settingsMngmt_importSuccess":"Налаштування успішно імпортовано","options_settingsMngmt_importFail":"Помилка імортування налаштувань","options_settingsMngmt_export":"Eкспорт","options_settingsMngmt_reset":"Скинути","options_showCustomThemes":"Відображати користувацькі теми","options_communityDefaultTab":"Вкладка за замовчуванням для домашньої сторінки спільноти","options_videos":"Відео","options_broadcasts":"Трансляції","options_artwork":"Творчі роботи","options_screenshots":"Творчі роботи","options_showBacktotop":"Показувати кнопку \"догори\" на довгих сторінках","options_contextMenu":"Контекстне меню","options_contextSteamStore":"Пошук '__query__' у крамниці Steam","options_contextSteamMarket":"Пошук '__query__' на ринку Steam","options_contextItad":"Пошук '__query__' на IsThereAnyDeal","options_contextBartervg":"Пошук '__query__' на Barter.vg","options_contextSteamdb":"Пошук '__query__' на SteamDB","options_contextSteamdbInstant":"Миттєвий пошук '__query__' на SteamDB","options_contextSteamKeys":"Активувати ключі продуктів Steam з виділеного фрагменту","options_wsgf":"Відображати інформацію про підтримку широкоекранних моніторів (WSGF)","options_versionShow":"Показувати список змін в оновленні Augmented Steam","options_steamcardexchange":"Відображати посилання сайту SteamCardExchange на значках","options_regionalPrice":"Порівняння цін в регіонах","options_excludef2p":"Не підсвічувати безкоштовні ігри","options_profileLinkImagesNone":"без картинок","options_profileLinks":"Відображати посилання в профілі на:","options_tag":"Тег","options_icon":"Значок","options_name":"Назва","options_showAlternativeLinuxIcon":"Показати альтернативні iконки Linux","options_replacecommunityhublinks":"Замінити посилання на центр спільноти посиланням на сторінку крамниці","options_hideannouncementcomments":"Приховати коментарі під усіма оголошеннями в группах за замовчуванням","options_hidetmsymbols":"Hide trademark and copyright symbols in game titles","options_metacritic":"Відображувати користувацький рейтинг з Metacritic","options_opencritic":"Показувати інформацію з Opencritic.com","options_hideactivelistings":"Заховати активні лоти на майданчику за замовчуванням","options_showlowestmarketprice":"Показувати найнижчу ціну на ринку для ваших товарів","options_clear":"Ви впевнені, що хочете скинути ці настройки? Дія необоротно.","options_coupon":"Продукти для їких в вас є купон","options_showPackageInfo":"Відображати інформацію про наборах для всіх продуктів","options_wlbuttoncommunityapp":"Відображати кнопку \"Додати в список бажаного\" ​​в центрах спільноти","options_removeguideslanguagefilter":"Не фільтрувати автоматично гайди на мові користувача","options_confirmdeletecomment":"Пропонувати підтвердити видалення коментарів","options_disablelinkfilter":"Переходити за посиланнями зовнішніх сайтів без підтвердження","options_regionalPriceOn":"Відображати порівняння цін","options_horizontalscrolling":"Enable horizontal scrolling with the mouse wheel","options_supportinfo":"Показувати інформацію про підтримку на сторінках крамниці","options_drm":"Відображати попередження про DRM-технології сторонніх розробників (GFWL, Uplay і т.д.)","options_profileLinkImages":"Profile and Group links image style","options_show1clickgoo":"Перетворювати предмети на самоцвіти без підтвердження","options_hltb":"Відображати інформацію HowLongToBeat.com","options_hidespamcomments":"Заховати коментарі в Майстерні і профілях, помічені як спам","options_gift":"Ви маєте подарункову копія цих продуктів","options_regionalPriceMouse":"При наведенні курсору","options_lowestpriceHeader":"Інформація з історії цін","options_storesAll":"Порівняти всі магазини","options_viewInCurrency":"Відображати у:","options_showEarlyAccess":"Відображати банери раннього доступу","options_profileLinkImagesGray":"Чорно-білі","options_quickinv":"Відображати кнопки швидкого продажу на предметах спiльноти Steam в iнвентарi","options_quickinvDiff":"Модифiкатор для швидкого продажу:","options_sendAgeInfo":"Автоматично надсилати вікову веріфікацію по запиту","options_showdeckcompat":"Показувати рейтинги сумісності зі Steam Deck серед особливостей (та пфдтягувати дані, як відсутні)","options_removebroadcasts":"Цілком видалити усі трансляції наживо на сторінках крамниці","options_exfgls":"Відображати повідомлення, якщо гра недоступна для Сімейної Бібліотеки","options_mp4video":"Примусовий формат MP4 для відео на сторінках крамниці","options_youtube":"Відображати посилання на YouTube","options_twitch":"Відображати посилання на Twitch","options_pcgw":"Відображати посилання на PCGamingWiki","options_completionistme":"Відображати посилання на Completionist.me","options_protondb":"Відображати посилання на ProtonDB","options_storeSteamcards":"Показувати посилання на SteamCardExchange","options_spamcommentregex":"Рядок регулярних виразів:","options_regionalHideworld":"Сховати іконку Землі","options_showAstatslink":"Відображати посилання на AStats на сторінках продуктів","options_showYoutubegameplay":"Відображати відео ігрового процесу з YouTube на сторінках продуктів","options_showYoutubereviews":"Відображати відео рецензій з YouTube на сторінках продуктів","options_openinnewtab":"Відкривати зовнішні посилання у новій вкладці","options_showbartervg":"Відображати посилання на Barter.vg","options_guest":"Ігри з гостьовими пропусками","options_collection":"Ігри з розділу Collection на ITAD","options_waitlist":"Ігри з розділу Waitlist на ITAD","options_showPlayersInfo":"Show player count information","options_showallstats":"Відображати статистику часу у грі на сторінці «Усі ігри»","options_lowestpriceOnwishlist":"Показувати у списку бажаного","options_steamrepapi":"Показати статус SteamRep в профілі","options_profileSteamid":"Відображати SteamID у профілях","options_profilePinnedBg":"Зафіксувати положення тла профілю при прокручуванні","options_lowestprice":"Відобразити","options_owned":"У вашій власності","options_itadlinks":"Відображати посилання на IsThereAnyDeal","options_steamdb":"Показати SteamDB","options_profileLinkImagesColor":"кольорові","options_showViewInLibrary":"Показувати кнопку \"Переглянути у бібліотеці\" для ігор якими ви володієте","options_installSteamButton":"Кнопка \"Інсталювати Steam\"","options_replaceViewClient":"Замінити на \"Переглянути в клієнті Steam\"","options_showEmptyWishlist":"Показати кнопку «Очистити список бажаного»","options_showWishlistStats":"Відображати статистику списку бажаного","options_oneclickremovewl":"Видаляти ігри без підтвердження","options_userNotes_userNotes":"Нотатки користувача","options_userNotes_app":"На сторінках ігор","options_userNotes_wishlist":"У моєму списку бажаного","options_userNotes_loc":"Місце зберігання","options_userNotes_syncedStorage":"Синхронізоване/Локальне сховище","options_userNotes_local":"Локальна база даних","options_inventoryNavText":"Відображати розширену навігацію на сторінці інвентарю","options_marketTotal":"Відображати суму всіх операцій на Торговому майданчику","options_lowestpriceCoupon":"Включати купони в цінові порівняння","options_general":"Головне","options_apppage":"Сторінка гри","options_market":"Маркет","options_inventory":"Інвентар","options_profile":"Профіль","options_group":"Групи","options_friendActivity":"Діяльність друзів","options_groupLinks":"Відображати у групах посилання на:","options_showLanguagewarning":"Відображати попередження, якщо сторінка відкрита на іншій мові","options_homepage":"Домашня сторінка","options_homepageDefaultTab":"Вкладка домашньої сторінки за замовчуванням","options_homepageDefaultTabRemember":"Пам'ятайти попередні","options_homepageDefaultTabNewreleases":"Популярні новинки","options_homepageDefaultTabTopsellers":"Лідери продажів","options_homepageDefaultTabUpcoming":"Майбутні","options_homepageDefaultTabSpecials":"Знижки","options_wishlist":"Предмети списку побажань","options_addAnotherRegion":"Додати","options_skipGotSteam":"Приховати вікно 'Інсталювати Steam?'","options_storeGeneralThirdparty":"Налаштування отримання інформації від сторонніх сайтів","options_purchaseDates":"Показувати дату придбання продукту на сторінках крамниці","options_showBadgeProgress":"Показувати хід здобуття значка на сторінках крамниці","options_showCoupon":"Показувати придатні купони на сторінках крамниці","options_showWishlistLink":"Показувати «Бажане» у профілі","options_showWishlistCount":"Показувати кількість продуктів у списку бажаного","options_profileShowcaseTwitch":"Показувати вітрину для Twitch.tv якщо є посилання","options_profileShowcaseOwnTwitch":"... також у власному профілі","options_profileShowcaseTwitchProfileonly":"... тільки якщо є посилання у резюме профілю","options_lang_english":"Англійська","options_lang_brazilian":"Португальська (Бразилія)","options_lang_bulgarian":"Болгарська","options_lang_czech":"Чеська","options_lang_danish":"Датська","options_lang_dutch":"Голландська","options_lang_finnish":"Фінська","options_lang_french":"Французька","options_lang_greek":"Грецька","options_lang_german":"Німецька","options_lang_hungarian":"Угорська","options_lang_italian":"Iталійська","options_lang_japanese":"Японська","options_lang_koreana":"Корейська","options_lang_norwegian":"Норвезька","options_lang_polish":"Польська","options_lang_portuguese":"Португальська","options_lang_russian":"Російська","options_lang_romanian":"Румунська","options_lang_schinese":"Спрощена Китайська","options_lang_spanish":"Іспанська","options_lang_latam":"Латино-американська Іспанська","options_lang_swedish":"Шведською","options_lang_tchinese":"Традиційна Китайська","options_lang_thai":"Тайська","options_lang_turkish":"Турецька","options_lang_ukrainian":"Українська","options_lang_vietnamese":"В'єтнамська","options_addCustomLink":"Додати довільне посилання","options_autoDetect":"Авто-визначення","options_addToWaitlist":"Відображати випадаюче меню  \"Додати у Waitlist\"  на сторінках товарів","options_collectionBannerNotOwned":"Only show In Collection banner when I don't own the game on Steam","options_maintainers":"Супровідники проекту","options_withHelpOf":"з великою допомогою наших __contributors__","options_contributors":"чудових помічників","options_aboutDesc":"Augmented Steam is a fork of the Enhanced Steam extension.","options_aboutDescLinks":"Visit the extension's __website__ or our __discord__ for more info.","options_footerFork":"a fork by IsThereAnyDeal","options_footerAuthor":"original author jshackles","ready_loading":"Augmented Steam завантажує дані...","ready_ready":"Augmented Steam готовий","ready_failed":"__amount__ помилка(ок) у запитах, перевірте консоль браузера для додаткової інформації","ready_serverOutage":"Сервери Augmented Steam наразі перевантажені","twitch_nowStreaming":"__username__ зараз віщає на каналі Twitch","twitch_viewers":"Глядачі","dlcSelect_wishlistedDlc":"Вибрати доповнення зі списку бажаного","dlcSelect_none":"Зняти вибір","dlcSelect_unownedDlc":"Вибрати не куплені доповнення","tag_wishlist":"Список бажаного","tag_coupon":"Купон","tag_invGift":"Подарунок","tag_invGuestpass":"Гостьова перепустка","tag_owned":"Придбано","tag_notinterested":"Не зацікавлений","tag_ignoredOwned":"Ignored (owned)","tag_collection":"Приховати товари у дочасному доступі","tag_waitlist":"У Waitlist","wallet_customAmount":"Додати","wallet_customAmountText":"Any amount over __minamount__","wallet_customGiftcard":"Обрати подарункову картку  __input__","wsgf_incomplete":"Неповний","wsgf_unsupported":"Ця оцінка видається іграм, які не мають підтримки __type__. Існує шанс, що гра буде не іграбельной в __type__, або саме зображення буде розтягнуто до розмірів вікна. Правильне співвідношення сторін не зберігається.","wsgf_gold":"Ця медаль видається іграм, які отримали «Відмінно» від WSGF за їх підтримку __type__ і сертифікат __type__.","wsgf_silver":"Ця медаль присуджується іграм, які отримали «Добре» за підтримку __type__. Всі ці ігри не мають серйозних недоліків, але через деякі недоліків вищий бал отримати неможливо.","wsgf_limited":"Ця оцінка присуджується іграм, які отримали «Середньо» за підтримку __type__. Всі ці ігри можуть підтримувати __type__, але також існує шанс, що з грою можуть виникнути проблеми.","wsgf_certifications":"WSGF Широкоэкранні Сертифікації","itad_enableSyncLibrary":"Enable library sync","itad_enableSyncWishlist":"Enable wishlist sync","itad_import":"Періодично імпортувати:","itad_lastImport":"Last import","itad_from":"from ITAD","itad_to":"to ITAD","itad_syncNow":"Синхонізувати","itad_info_itadSteam":"Сполучення  Augmented Steam з IsThereAnyDeal надає вам можливість користатися підсвічуванням Augmented Steam та тегами для ігор у розділах Waitlist та Collection, навіть якщо ви не маєте їх у Steam.","itad_info_steamItad":"Крім того, це дозволить вам імпортувати ігри з вашої бібліотеки Steam та/або списку бажаного до IsThereAnyDeal, для більшої точності (наприклад щодо DLC та видалених ігор). Наразі ця функція може лише додавати товари, але не видаляти, тому вона не заміняю внутрішню синхронізацію IsThereAnyDeal, а лише доповнює її.","tradeoffer_numItem":"__num__ річ","tradeoffer_numItems":"__num__ речей","tradeoffer_back":"Повернутися до Пропозицій Обміну","update_dontShow":"Більше не показувати","update_updated":"Augmented Steam оновлено до __version__","update_changes":"View all changes on GitHub","register_success":"__gamename__ успішно активовано","register_owned":"Цей акаунт Steam вже має у власності продукти (чи продукт), які містяться у цій пропозиції.","register_notavail":"Перепрошуємо, але придбання цього продукту недоступно в цій країні. Ваш ключ продукту не було активовано.","register_invalid":"Уведений вами ключ недійсний. Будь ласка, уважно перевірте, чи правильно його надрукували.","register_already":"Уведений ключ продукту є недійсним, оскільки його вже активовано в іншому акаунті Steam.","register_dlc":"Для активації введеного коду необхідно володіти іншим продуктом.","register_wallet":"Уведений вами ключ — це код подарункової картки Steam або гаманця Steam","register_toomany":"Останнім часом із цього акаунта було виконано забагато спроб активації продуктів. Будь ласка, зачекайте та спробуйте пізніше.","register_default":"Сталася неочікувана помилка. Ваш код гаманця Steam не може бути активований. Будь ласка, зачекайте 30 хвилин, а потім спробуйте активувати код знову.","wl_label":"статистика","wl_totalPrice":"поточна ціна","wl_inWishlist":"у бажаному","wl_onSale":"зі знижками","wl_noPrice":"без ціни","wl_hidden":"hidden apps","wl_hiddenTooltip":"Apps that have been removed/unlisted and are not visible on wishlists. Click for details.","wl_removeTitle":"Remove this item from your wishlist?","wl_removeConfirm":"Are you sure you want to remove 'appid __appid__' from your wishlist?","wl_removeConfirmWarn":"It cannot be re-added afterwards!","coll_totalTime":"часу в іграх","coll_inCollection":"в колекції","coll_played":"запускалися","coll_neverPlayed":"не запускалися","userNote_add":"Додати нотатку","userNote_update":"Оновити нотатку","userNote_addForGame":"Нотатка до __gamename__","userNote_notEnoughSpace":"Недостатньо місця для збереження нотатки","userNote_notEnoughSpaceDesc":"Augmented Steam не може зберегти більше нотаток користувача, бо обраний вами тип сховища не дозволяє зберігати більше даних (намагаємось використати ~__perc__% ємності сховища).","userNote_closeOnStorage":"Ви наближаєтесь до ліміту сховища","userNote_closeOnStorageDesc":"Augmented Steam наближається до ліміту поточного сховища, після досягнення якого збереження нотаток користувача буде неможливе (~__perc__% сховища використано).","userNote_storageWarningDesc":"Ви можете обрати зберігати ваші нотатки у локальній базі даних (без синхронізації) або далі зберігати методами вашого браузера (тоді нові нотатки можна буде додати лише видаливши якісь старі).","userNote_saveSyncedStorage":"Продовжити використання синхронізованого сховища","userNote_saveLocal":"Зберігати нотатки локально","userNote_syncOption":"Sync notes automatically","userNote_syncInfo_1":"You can sync your notes between Augmented Steam and IsThereAnyDeal. If you enable automatic sync, notes will be periodically fetched from ITAD. Edits via Augmented Steam will be mirrored to ITAD immediately.","userNote_syncInfo_2":"You can also manually push or pull notes between Augmented Steam and IsThereAnyDeal. We advise you to do so before enabling automatic sync, to ensure the correct version of the note is used, in case you have different notes stored for the same game.","userNote_syncInfo_3":"You can see all your notes stored in the Notes and Tags section on IsThereAnyDeal.","userNote_syncButtonPush":"Push notes to\nIsThereAnyDeal","userNote_syncButtonPull":"Pull notes from\nIsThereAnyDeal","userNote_syncPulled":"__n__ note(s) were pulled from IsThereAnyDeal","userNote_syncPushed":"__n__ note(s) were pushed to IsThereAnyDeal","userNote_syncFailed":"__n__ note(s) failed to sync","userNote_syncError":"Your note failed to sync","userNote_syncErrorEmpty":"Note is empty","userNote_syncErrorUnknown":"ITAD does not know this game","userNote_syncErrorLength":"Note is too long (__length__, max: __max__)","queue_new":"Нова черга","queue_newTooltip":"Видалити цей продукт з черги та почати нову чергу.","workshop_workshop":"Майстерня","workshop_subscriptions":"Підписки","workshop_subscribeAll":"Підписатися на усі","workshop_subscribeConfirm":"Ви впевнені, що хочете підписатися на усі __count__ предмети майстерні за цими фільтрами?","workshop_subscribeLoading":"Підписуємося на __i__/__count__ предмет майстерні, зачекайте...","workshop_unsubscribeAll":"Відписатися від усіх","workshop_unsubscribeConfirm":"Ви впевнені що хочете відписатися від усіх __count__ предметів майстерні за цими фільтрами?","workshop_unsubscribeLoading":"Відписуємося від __i__/__count__ предмета майстерні, зачекайте...","workshop_finished":"Завершено! __success__ успішно, __fail__ помилок. Натисніть OK щоб оновити сторінку","workshop_failed":"__n__ помилок","originalAuthors":"Автори оригіналу","acknowledgements":"Подяки","countries_ad":"Andorra","countries_ae":"United Arab Emirates","countries_af":"Afghanistan","countries_ag":"Antigua and Barbuda","countries_ai":"Anguilla","countries_al":"Albania","countries_am":"Armenia","countries_an":"Netherlands Antilles","countries_ao":"Angola","countries_ar":"Argentina","countries_as":"American Samoa","countries_at":"Austria","countries_au":"Australia","countries_aw":"Aruba","countries_az":"Azerbaijan","countries_ba":"Bosnia and Herzegovina","countries_bb":"Barbados","countries_bd":"Bangladesh","countries_be":"Belgium","countries_bf":"Burkina Faso","countries_bg":"Bulgaria","countries_bh":"Bahrain","countries_bi":"Burundi","countries_bj":"Benin","countries_bm":"Bermuda","countries_bn":"Brunei","countries_bo":"Bolivia","countries_br":"Brazil","countries_bs":"Bahamas","countries_bt":"Bhutan","countries_bv":"Bouvet Island","countries_bw":"Botswana","countries_by":"Belarus","countries_bz":"Belize","countries_ca":"Canada","countries_cd":"Congo - Kinshasa","countries_cf":"Central African Republic","countries_cg":"Congo - Brazzaville","countries_ch":"Switzerland","countries_ci":"Côte d’Ivoire","countries_ck":"Cook Islands","countries_cl":"Chile","countries_cm":"Cameroon","countries_cn":"China","countries_co":"Colombia","countries_cr":"Costa Rica","countries_cu":"Cuba","countries_cv":"Cape Verde","countries_cy":"Cyprus","countries_cz":"Czech Republic","countries_de":"Germany","countries_dj":"Djibouti","countries_dk":"Denmark","countries_dm":"Dominica","countries_do":"Dominican Republic","countries_dz":"Algeria","countries_ec":"Ecuador","countries_ee":"Estonia","countries_eg":"Egypt","countries_eh":"Western Sahara","countries_er":"Eritrea","countries_es":"Spain","countries_et":"Ethiopia","countries_fi":"Finland","countries_fj":"Fiji","countries_fk":"Falkland Islands","countries_fm":"Micronesia","countries_fo":"Faroe Islands","countries_fr":"France","countries_ga":"Gabon","countries_gb":"United Kingdom","countries_gd":"Grenada","countries_ge":"Georgia","countries_gf":"French Guiana","countries_gg":"Guernsey","countries_gh":"Ghana","countries_gi":"Gibraltar","countries_gl":"Greenland","countries_gm":"Gambia","countries_gn":"Guinea","countries_gp":"Guadeloupe","countries_gq":"Equatorial Guinea","countries_gr":"Greece","countries_gs":"South Georgia","countries_gt":"Guatemala","countries_gu":"Guam","countries_gw":"Guinea-Bissau","countries_gy":"Guyana","countries_hk":"Hong Kong SAR China","countries_hm":"Heard Island and McDonald Islands","countries_hn":"Honduras","countries_hr":"Croatia","countries_ht":"Haiti","countries_hu":"Hungary","countries_id":"Indonesia","countries_ie":"Ireland","countries_il":"Israel","countries_im":"Isle of Man","countries_in":"India","countries_io":"British Indian Ocean Territory","countries_iq":"Iraq","countries_ir":"Iran","countries_is":"Iceland","countries_it":"Italy","countries_je":"Jersey","countries_jm":"Jamaica","countries_jo":"Jordan","countries_jp":"Japan","countries_ke":"Kenya","countries_kg":"Kyrgyzstan","countries_kh":"Cambodia","countries_ki":"Kiribati","countries_km":"Comoros","countries_kn":"Saint Kitts and Nevis","countries_kp":"North Korea","countries_kr":"South Korea","countries_kw":"Kuwait","countries_ky":"Cayman Islands","countries_kz":"Kazakhstan","countries_la":"Laos","countries_lb":"Lebanon","countries_lc":"Saint Lucia","countries_li":"Liechtenstein","countries_lk":"Sri Lanka","countries_lr":"Liberia","countries_ls":"Lesotho","countries_lt":"Lithuania","countries_lu":"Luxembourg","countries_lv":"Latvia","countries_ly":"Libya","countries_ma":"Morocco","countries_mc":"Monaco","countries_md":"Moldova","countries_me":"Montenegro","countries_mg":"Madagascar","countries_mh":"Marshall Islands","countries_mk":"Macedonia","countries_ml":"Mali","countries_mm":"Myanmar [Burma]","countries_mn":"Mongolia","countries_mo":"Macau SAR China","countries_mp":"Northern Mariana Islands","countries_mq":"Martinique","countries_mr":"Mauritania","countries_ms":"Montserrat","countries_mt":"Malta","countries_mu":"Mauritius","countries_mv":"Maldives","countries_mw":"Malawi","countries_mx":"Mexico","countries_my":"Malaysia","countries_mz":"Mozambique","countries_na":"Namibia","countries_nc":"New Caledonia","countries_ne":"Niger","countries_nf":"Norfolk Island","countries_ng":"Nigeria","countries_ni":"Nicaragua","countries_nl":"Netherlands","countries_no":"Norway","countries_np":"Nepal","countries_nr":"Nauru","countries_nu":"Niue","countries_nz":"New Zealand","countries_om":"Oman","countries_pa":"Panama","countries_pe":"Peru","countries_pf":"French Polynesia","countries_pg":"Papua New Guinea","countries_ph":"Philippines","countries_pk":"Pakistan","countries_pl":"Poland","countries_pm":"Saint Pierre and Miquelon","countries_pn":"Pitcairn Islands","countries_pr":"Puerto Rico","countries_ps":"Palestinian Territories","countries_pt":"Portugal","countries_pw":"Palau","countries_py":"Paraguay","countries_qa":"Qatar","countries_re":"Réunion","countries_ro":"Romania","countries_rs":"Serbia","countries_ru":"Russia","countries_rw":"Rwanda","countries_sa":"Saudi Arabia","countries_sb":"Solomon Islands","countries_sc":"Seychelles","countries_sd":"Sudan","countries_se":"Sweden","countries_sg":"Singapore","countries_sh":"Saint Helena","countries_si":"Slovenia","countries_sk":"Slovakia","countries_sl":"Sierra Leone","countries_sm":"San Marino","countries_sn":"Senegal","countries_so":"Somalia","countries_sr":"Suriname","countries_st":"São Tomé and Príncipe","countries_sv":"El Salvador","countries_sy":"Syria","countries_sz":"Swaziland","countries_tc":"Turks and Caicos Islands","countries_td":"Chad","countries_tf":"French Southern Territories","countries_tg":"Togo","countries_th":"Thailand","countries_tj":"Tajikistan","countries_tk":"Tokelau","countries_tl":"Timor-Leste","countries_tm":"Turkmenistan","countries_tn":"Tunisia","countries_to":"Tonga","countries_tr":"Turkey","countries_tt":"Trinidad and Tobago","countries_tv":"Tuvalu","countries_tw":"Taiwan","countries_tz":"Tanzania","countries_ua":"Ukraine","countries_ug":"Uganda","countries_um":"U.S. Minor Outlying Islands","countries_us":"United States","countries_uy":"Uruguay","countries_uz":"Uzbekistan","countries_va":"Vatican City","countries_vc":"Saint Vincent and the Grenadines","countries_ve":"Venezuela","countries_vg":"British Virgin Islands","countries_vi":"U.S. Virgin Islands","countries_vn":"Vietnam","countries_vu":"Vanuatu","countries_wf":"Wallis and Futuna","countries_ws":"Samoa","countries_ye":"Yemen","countries_yt":"Mayotte","countries_za":"South Africa","countries_zm":"Zambia","countries_zw":"Zimbabwe"}}