{"stats":{"strings":812,"translated":391},"strings":{"deleteCommentPrompt":"Are you sure you want to delete this comment?","downloadDemoHeader":"Download __gamename__ Demo","deckCompat_header":"Steam Deck Compatibility","deckCompat_unknown":"Unknown","deckCompat_unsupported":"Unsupported","deckCompat_playable":"Playable","deckCompat_verified":"Verified","featureHint_desc":"Would you like to enable the following feature?","featureHint_reminder":"You can change your preferences through the options page later.","thewordyes":"Yes","thewordno":"No","theworderror":"Error","noData":"No data","toomanyrequests":"Too Many Requests","showComments":"Show Comments","hideComments":"Hide Comments","thewordunknown":"Unknown","calcWorkshopSize_fileSize":"Kích thước tập tin __size__","calcWorkshopSize_calcSize":"Tính Tổng Kích Thước","calcWorkshopSize_calcLoading":"Calculating __i__/__count__ workshop items, please wait...","calcWorkshopSize_calcFinished":"Finished! Successfully calculated __success__/__total__ items.","calcWorkshopSize_totalSize":"Tổng kích thước: __size__","cart":"Cart","inCart":"In Cart","steamidOfUser":"SteamID của __user__","copied":"Đã sao chép!","viewSteamid":"Xem SteamID","moreOnSteampeek":"Xem thêm ở SteamPeek","date":"Ngày","rating":"Đánh giá","helpful":"Hữu ích","funny":"Khôi hài","length":"Chiều dài","visibility":"Hiển thị","processing":"Đang xử lý...","wait":"Xin chờ","inviteFriends":"Thêm Bạn","inviteToGroup":"Thêm Vào Nhóm","inverse":"Đảo","transactionStatus":"__failed__ yêu cầu thất bại. Đã nhận __size__ trên __total__ trao đổi.","customTags":"Nhãn tuỳ chọn","addTag":"Thêm nhãn","enterTag":"Thêm nhãn tuỳ chọn","status":"Trạng thái:","connect":"Kết nối","connected":"Đã kết nối","disconnect":"Ngắt kết nối","disconnected":"Đã ngắt kết nối","oneclickgoo":"Nhấn chuột chuyển ngay thành Ngọc...","viewInLibrary":"Xem ở Thư viện","support":"Hỗ trợ","email":"E-mail","contact":"Liên hệ","favEmoticonsDragging":"Chọn emoticon ưa thích bằng cách kéo vào đây","favEmoticonsNoAccess":"You don't have access to this emoticon","postHistory":"Xem lịch sử bài đăng","addNickname":"Thêm biệt danh","totalSize":"Tổng kích thước","dlcDetails":"Chi tiết về DLC","badgeNotUnlocked":"Chưa mở khóa","badgeLevel":"Level __level__","each":"Mỗi","viewInMarket":"Xem trong chợ cộng đồng","remove":"Remove","getHelp":"Nhận hỗ trợ","addSelectedDlcToCart":"Thêm DLC được chọn vào giỏ","close":"Đóng","error":"Xuất hiện lỗi","go":"Đi tới","activate":"Kích hoạt sản phẩm","activateMultipleHeader":"Nhập mã sản phẩm ở dưới, mỗi dòng một cái","activateMultiple":"Kích hoạt nhiều sản phẩm","activateProducts":"Kích hoạt sản phẩm","couponApplicationNote":"Phiếu giảm giá trong kho sẽ tự động được dùng khi thanh toán.","hide":"Ẩn đi","filters":"Bộ lọc Augmented Steam","cardsOwned":"Đã mua __owned__ trên __possible__ thẻ trao đổi","libraryMenu":"Thư viện","clearCache":"Xóa dữ liệu cache","translation":"Dịch","helpTranslate":"Giúp chúng tôi chuyển ngữ Augmented Steam tại POEditor","lowest":"Thấp nhất","lowestPrice":"Giá thấp nhất hiện tại:","viewBadgeProgress":"Xem tiến độ huy hiệu","badgeProgress":"Tiến trình huy hiệu","salesTotal":"Tổng doanh số:","viewNormalBadge":"Xem tiến độ huy hiệu thường","apppageSections":"Chọn mục mà bạn muốn thấy trong trang này","website":"Trang chủ Augmented Steam","games":"Trò chơi","badgeCompletionCost":"Chi phí hoàn thành huy hiệu: __cost__","loading":"Đang nạp...","selling":"Đang giao dịch...","quickSell":"Bán nhanh với giá __amount__","quickSellDesc":"Chênh lệch __modifier__ so với giá thấp nhất hiện tại trên Steam Market.","instantSell":"Bán ngay lập tức cho __amount__","instantSellDesc":"Giá cao nhất của lệnh bán hiện tại trên Steam Market","quickSellVerify":"Steam Guard confirmation needed","startingAt":"Bắt đầu từ: __price__","homepageTabs":"Tab trang chủ","store":"Cửa hàng","viewInStore":"Xem ở Cửa hàng","communityHub":"Community Hub","viewOnWebsite":"Xem ở __website__","drmThirdParty":"Cảnh báo: Sử dụng DRM bên thứ 3 __drmlist__.","hoursShort":"__hours__ giờ","spamCommentShow":"__num__ bình luận spam được ẩn.  Ấn vào đây để hiển thị.","addToWishlist":"Thêm cái gì đó vào danh sách ước","addFullgameToWishlist":"Add full game to your wishlist","addToWaitlist":"Thêm vào Waitlist","addFullgameToWaitlist":"Add full game to your Waitlist","removeFromWaitlistTooltip":"Remove from your Waitlist","removeFullgameFromWaitlistTooltip":"Remove full game from your Waitlist","removeFromWishlistAndWaitlistTooltip":"Remove from both your wishlist and Waitlist","removeFullgameFromWishlistAndWaitlistTooltip":"Remove full game from both your wishlist and Waitlist","language":"Ngôn ngữ","theworddefault":"Mặc định","thewordclear":"Xóa","couponLearnMore_linkText":"Learn more","couponLearnMore_fullText":"__linkdesc__ about Steam Coupons","show":"Hiển thị","showAll":"Show All","badgesAll":"Tất cả huy hiệu","esSupporter":"Hỗ trợ Enhanced Steam","community":"Cộng đồng","ownedCollection":"__gametitle__ is already in your IsThereAnyDeal Collection","viewBadge":"Xem huy hiệu","purchaseTotal":"Tổng cộng:","viewFoilBadge":"Xem tiến độ của Foil Badge","viewAstats":"Xem trang AStats","contribute":"Đóng góp (GitHub)","reviews":"Đánh giá","readReviews":"Xem đánh giá","readMoreReviews":"Đọc thêm đánh giá tại","youtubeGameplay":"YouTube Gameplay","youtubeReviews":"Đánh Giá YouTube","packageInfo":"Thông tin gói hàng","badgeCompletionAvg":"Chi phí trung bình để hoàn thành: __cost__","volumeSoldLast_24":"Thị trường: __sold__ được bán trong 24 giờ qua","soldLast_24":"__sold__ được bán trong 24 giờ qua","homepageCurators":"Đề xuất của Steam Curator","homepageTopnewreleases":"Top sản phẩm mới trên Steam","homepageSidebar":"Thanh tiện ích","dropCalc":"Nhấp vào đây để tính tỷ lệ rơi còn lại","price":"Giá","marketTransactions":"Giao dịch tại chợ","loadMarketStats":"Tải thông số Market","cardDropsRemaining":"__drops__ thẻ còn có thể rớt","badgesDrops":"Các huy hiệu vẫn còn rơi thẻ","usingLanguageReturn":"Click here to browse Steam in __base__.","guides":"Hướng dẫn","highlight":"Nổi bật","save":"Lưu","view":"Xem","gameName":"Tên Game","notinterested":"Sản phẩm không quan tâm","ignoredOwned":"Games you ignored as played on different platform","searchFilters_reviewsScore_between":"Giữa __lower__% và __upper__% điểm đánh giá ","searchFilters_reviewsScore_any":"Bất kỳ điểm đánh giá nào","searchFilters_reviewsScore_upTo":"Đến __score__% điểm đánh giá","searchFilters_reviewsScore_from":"Từ __score__% điểm đánh giá","searchFilters_reviewsCount_count":"Tổng số đánh giá","searchFilters_reviewsCount_minCount":"Tổng số tối thiểu","searchFilters_reviewsCount_maxCount":"Tổng số tối đa","searchFilters_discountPercent_count":"Discount percent:","searchFilters_discountPercent_minCount":"Min %","searchFilters_discountPercent_maxCount":"Max %","searchFilters_hideCart":"Ẩn sản phẩm trong giỏ hàng của bạn","searchFilters_hideEa":"Ẩn sản phẩm Early Access","searchFilters_hideMixed":"Ẩn đánh giá sản phẩm hỗn hợp","searchFilters_hideNegative":"Ẩn đánh giá sản phẩm tiêu cực","news":"Tin tức","viewinclient":"Xem trên steam đã cài","customBackground":"Nền tùy chỉnh","customStyle":"Tuỳ chỉnh chủ đề","customStyleHelp":"All users of Augmented Steam will see this theme on your profile.  Non-Augmented Steam users will not see any theme changes made here.","noneselected":"None Selected / No Change","mostDrops":"Most Drops","netGain":"Net gain:","apppageRecentupdates":"Sự Kiện Gần Đây & Thông Báo","apppageEaheader":"Hộp Thông Tin Truy Cập Sớm","apppageEabanner":"Băng Rôn Thảo Luận Truy Cập Sớm","apppageWorkshop":"Băng Rôn Steam Workshop","apppageGreenlight":"Băng Rôn Steam Greenlight","apppageLegal":"Thông Tin Hợp Pháp","apppageFranchise":"Thương Hiệu","apppageMorefromfranchise":"Thêm Từ Thương Hiệu","bugFeature":"Báo Bug / Gợi Ý Tính Năng","always":"Luôn luôn","ratingDetails":"See rating details","dropsWorthAvg":"Giá trị xấp xỉ","familySharingNotice_notice":"Notice:","familySharingNotice_desc":"This game is excluded from Steam's Family Sharing service.","visitStore":"Truy cập Trang Cửa hàng","all":"Toàn bộ","externalFunds":"External Funds Used","shoppingCartHistory":"View Shopping Cart history","manageWebapiKey":"Manage my Steam Web API key","steamCloudHeader":"Steam Cloud","steamCloudSaves":"View Cloud saves","gamesWithDrops":"__dropsgames__ games with drops remaining","binderView":"Binder View","usingLanguage":"You are browsing Steam in __current__.","loginWarning":"Đảm bảo bạn đã đăng nhập vào __link__ để sử dụng tất cả các tính năng của Augmented Steam.","visitTradeForum":"Truy cập Diễn đàn Trao đổi","purchaseDate":"(Đã mua ngày __date__)","customBackgroundHelp":"Tất cả những ai dùng tiện ích Augmented Steam sẽ nhìn thấy thấy hình nền tuỳ chỉnh này này trên trang cá nhân của bạn.  Những ai không dùng thì sẽ thấy hình nền được cài mặc định.","dateUnlocked":"Ngày mở khóa","netSpent":"Net spent:","buy":"Mua","buyPackage":"Mua __package__","moreInformation":"Thông tin thêm","regionUnavailable":"Không có sẵn trong khu vực này","avgPrice_3cards":"Giá trung bình của ba thẻ trao đổi: __price__","groups_leaveGroupsConfirm":"Bạn có chắc muốn rời khỏi nhóm __n__ đã chọn?","groups_manageGroups":"Quản lý nhóm","groups_actionGroups":"Select the groups below that you wish to take action on.","groups_select":"Chọn:","groups_leave":"Rời Nhóm","groups_selected":"__n__ đã chọn.","groups_leaveAdminConfirm_currentlyAdmin":"You are currently admin of __name__.","groups_leaveAdminConfirm_wantToLeave":"Are you sure you want to leave this group?","export_wishlist":"Xuất Danh sách ước","export_type":"Export type","export_format":"Định dạng văn bản","export_text":"Văn bản","export_download":"Tải","export_copyClipboard":"Sao chép vào khay nhớ tạm","none":"None","emptyWishlist_title":"Xóa hết Danh sách ước","emptyWishlist_confirm":"Are you sure you want to empty your wishlist? This action cannot be undone!","emptyWishlist_removing":"Xóa ứng dụng __cur__ khỏi __total__...","about":"Giới thiệu","never":"Không bao giờ","couponAvailable":"Bạn có một phiếu giảm giá thích hợp!","launchRandom":"Mở trò chơi bất kì","playGame":"Chơi __gamename__?","dropsValue":"Giá trị giảm cao nhất","cardsRemain":"Least cards remaining to complete set","wishlist":"Danh sách ước","onWishlist":"On wishlist","onWaitlist":"Trong Danh Sách Chờ","onWishlistAndWaitlist":"On wishlist and Waitlist","cancel":"Hủy bỏ","wikiArticle":"Xem __pcgw__ bài viết","viewAll":"XEM TẤT CẢ","gamesWithBooster":"__boostergames__ games eligible for booster packs","sortBy":"Phân loại theo:","playtime":"Giờ chơi","awards":"Awards","year":"Năm","lastonline":"Lên mạng lần cuối","members":"Thành viên","name":"Tên","drmThirdPartySub":"Cảnh báo: trong gói này yêu cầu sử dụng DRM của bên thứ 3 __drmlist__.","customize":"Tùy chỉnh","bundleSavingText":"Here's what you save by buying this bundle","thewordoptions":"Tùy chọn","discussions":"Thảo luận","pricing_lowestPrice":"Thấp nhất vào thời điểm hiện tại:","pricing_historicalLow":"Thấp kỉ lục:","pricing_bundled":"Trong bundle:","pricing_withVoucher":"với phiếu giảm giá __voucher__","pricing_store":"at&nbsp;__store__","pricing_bundleCount":"__count__ lần","webBrowserChat":"Tán gẫu bằng trình duyệt","steamClientChat":"Tán gẫu bằng Steam","equipOnProfile":"Equip on Profile","previewBackground":"Xem trước nền","expandSlider":"Expand slider","contractSlider":"Contract slider","earlyAccess":"Early Access","tagShort":"Sử dụng nhãn ngắn để tiết kiệm chỗ trống","noPriceData":"No price data available","userScore":"Thành tích của người dùng","marketPopularItemsToggle":"Toggle live updating for Popular Items","showProgressbar":"Show Augmented Steam progress and status bar","achievements_option":"Show achievement completion on store pages","achievements_summary":"__unlocked__ trong số __total__ (__percentage__%) thành tựu đã mở khóa:","bundle_offerEnds":"Offer ends","bundle_includes":"Includes __num__ items","bundle_tierIncludes":"__tier__ (__price__) includes __num__ items","bundle_tier":"Tier __num__","bundle_header":"Bundles that include this game","bundle_info":"Bundle Info","charts_peakall":"all-time peak","charts_current":"Current Players","charts_playingNow":"playing now","charts_peaktoday":"today's peak","hltb_title":"How Long to Beat","hltb_mainE":"Main Story and Extras","hltb_compl":"Completionist","hltb_main":"Main Story","options_friendsAndGroups":"Friends and Groups","options_friendsAppendNickname":"Append nicknames to friends' names","options_settingsMngmt_import":"Nhập","options_settingsMngmt_importSuccess":"Nhập thành công tùy chọn","options_settingsMngmt_importFail":"Nhập thất bại tùy chọn","options_settingsMngmt_export":"Xuất","options_settingsMngmt_reset":"Cài lại","options_showCustomThemes":"Show custom themes","options_communityDefaultTab":"Default community home page tab","options_videos":"Videos","options_broadcasts":"Broadcasts","options_artwork":"Artwork","options_screenshots":"Screenshots","options_showBacktotop":"Show back to top button on long pages","options_contextMenu":"Context Menu","options_contextSteamStore":"Search Steam Store for '__query__'","options_contextSteamMarket":"Search Steam Market for '__query__'","options_contextItad":"Search IsThereAnyDeal for '__query__'","options_contextBartervg":"Search Barter.vg for '__query__'","options_contextSteamdb":"Search SteamDB for '__query__'","options_contextSteamdbInstant":"Instant Search SteamDB for '__query__'","options_contextSteamKeys":"Activate steam product keys within selection","options_wsgf":"Hiển thị thông tin WSGF (màn hình rộng)","options_versionShow":"Show change log when Augmented Steam updates","options_steamcardexchange":"Hiện liên kết SteamCardExchange trên huy hiệu","options_regionalPrice":"So sánh giá cả khu vực","options_excludef2p":"Exclude free to play games from highlighting","options_profileLinkImagesNone":"Không xác định","options_profileLinks":"Hiển thị liên kết hồ sơ","options_tag":"Nhãn","options_icon":"Biểu tượng","options_name":"Tên","options_showAlternativeLinuxIcon":"Show alternative Linux icon","options_replacecommunityhublinks":"Replace community hub links with store page links","options_hideannouncementcomments":"Hide comments under all group announcements by default","options_hidetmsymbols":"Hide trademark and copyright symbols in game titles","options_metacritic":"Show Metacritic user scores","options_opencritic":"Xem điểm và đánh giá Opencritic","options_hideactivelistings":"Hide all active listings on Market homepage by default","options_showlowestmarketprice":"Show the lowest market price for your listings","options_clear":"Bạn có chắc bạn muốn đặt lại tất cả tùy chọn? Điều này không thể hoàn tác.","options_coupon":"Items with coupons","options_showPackageInfo":"Show package info for all apps","options_wlbuttoncommunityapp":"Xem nút \"Thêm vào Danh sách ước\" trên các trung tâm ứng dụng cộng đồng","options_removeguideslanguagefilter":"Don't automatically filter guides by user language","options_confirmdeletecomment":"Show confirmation when deleting comments","options_disablelinkfilter":"Disable confirmation when accessing external sites","options_regionalPriceOn":"Show regional price comparison","options_horizontalscrolling":"Enable horizontal scrolling with the mouse wheel","options_supportinfo":"Show support information","options_drm":"Show 3rd-party DRM warnings","options_profileLinkImages":"Profile link images","options_show1clickgoo":"Bỏ qua việc xác nhận khi chuyển các vật phẩm thành Ngọc","options_hltb":"Show HowLongToBeat.com information","options_hidespamcomments":"Hide spam comments from Workshop & profiles","options_gift":"Items stored as gift","options_regionalPriceMouse":"on Price Mouseover","options_lowestpriceHeader":"Price History Information","options_storesAll":"Compare all stores","options_viewInCurrency":"View in:","options_showEarlyAccess":"Show Early Access image banners","options_profileLinkImagesGray":"Grayscale","options_quickinv":"Show Quick Sale buttons on Steam Community items in inventory","options_quickinvDiff":"Quick Sale modifier:","options_sendAgeInfo":"Automatically send age verification when requested","options_showdeckcompat":"Show Steam Deck compatibility ratings in the features list (and fetch the data when it's missing)","options_removebroadcasts":"Completely remove any live broadcast","options_exfgls":"Show a notice if app is excluded from Family Sharing","options_mp4video":"Force videos to be in MP4 format","options_youtube":"Show YouTube links","options_twitch":"Show Twitch links","options_pcgw":"Show PCGamingWiki links","options_completionistme":"Show Completionist.me links","options_protondb":"Show ProtonDB links","options_storeSteamcards":"Hiện liên kết SteamCardExchange trên trang cửa hàng","options_spamcommentregex":"Regular Expression string:","options_regionalHideworld":"Hide globe indicator","options_showAstatslink":"Show AStats link on app pages","options_showYoutubegameplay":"Show \"YouTube Gameplay\" links","options_showYoutubereviews":"Xem các đường dẫn \"Đánh Giá YouTube\"","options_openinnewtab":"Open external links in a new tab","options_showbartervg":"Show Barter.vg links","options_guest":"Items you have a guest pass for","options_collection":"Items in your ITAD Collection","options_waitlist":"Items in your ITAD Waitlist","options_showPlayersInfo":"Show player count information","options_showallstats":"Show playtime stats on \"All Games\" page","options_lowestpriceOnwishlist":"Hiển thị khi di chuột vào các vật phẩm danh sách ước","options_steamrepapi":"Show SteamRep status on profile pages","options_profileSteamid":"Hiển thị SteamID trên hồ sơ","options_profilePinnedBg":"Pin the profile background position while scrolling","options_lowestprice":"Show","options_owned":"Items you own","options_itadlinks":"Show IsThereAnyDeal links","options_steamdb":"Show SteamDB links","options_profileLinkImagesColor":"Colored","options_showViewInLibrary":"Show \"View in Library\" button","options_installSteamButton":"\"Install Steam\" button","options_replaceViewClient":"Replace with \"View in Client\"","options_showEmptyWishlist":"Xem nút \"Xóa hết Danh sách ước\"","options_showWishlistStats":"Xem thông số danh sách ước","options_oneclickremovewl":"Skip confirmation when removing items","options_userNotes_userNotes":"User notes","options_userNotes_app":"On app pages","options_userNotes_wishlist":"Trong danh sách ước của tôi","options_userNotes_loc":"Storage location","options_userNotes_syncedStorage":"Synced/Local storage","options_userNotes_local":"Local database","options_inventoryNavText":"Show advanced navigation on inventory page","options_marketTotal":"Show transaction summary on Market","options_lowestpriceCoupon":"Include coupon codes in price comparison","options_general":"General","options_apppage":"App page","options_market":"Market","options_inventory":"Inventory","options_profile":"Profile","options_group":"Group","options_friendActivity":"Friend Activity Feed","options_groupLinks":"Options for links to 3rd party sites","options_showLanguagewarning":"Show warning if browsing in a language other than","options_homepage":"Homepage","options_homepageDefaultTab":"Default homepage tab","options_homepageDefaultTabRemember":"Remember Previous","options_homepageDefaultTabNewreleases":"Popular New Releases","options_homepageDefaultTabTopsellers":"Top Sellers","options_homepageDefaultTabUpcoming":"Upcoming","options_homepageDefaultTabSpecials":"Đặc biệt","options_wishlist":"Các vật phẩm trong danh sách ước","options_addAnotherRegion":"Thêm","options_skipGotSteam":"Bỏ qua màn hình 'Got Steam?'","options_storeGeneralThirdparty":"Options for information from 3rd-party sites","options_purchaseDates":"Show apps purchase date on store pages","options_showBadgeProgress":"Show apps badge progress on store pages","options_showCoupon":"Show applicable Steam coupon","options_showWishlistLink":"Xem một đường dẫn danh sách ước","options_showWishlistCount":"Show the number of items on Wishlist","options_profileShowcaseTwitch":"Add a showcase for Twitch.tv if there is a link","options_profileShowcaseOwnTwitch":"... including your own profile","options_profileShowcaseTwitchProfileonly":"... only if the link is in the Profile Summary","options_lang_english":"Tiếng Anh","options_lang_brazilian":"Tiếng Bồ Đào Nha-Brazil","options_lang_bulgarian":"Tiếng Bulgaria","options_lang_czech":"Tiếng Séc","options_lang_danish":"Tiếng Đan Mạch","options_lang_dutch":"Tiếng Hà Lan","options_lang_finnish":"Tiếng Phần Lan","options_lang_french":"Tiếng Pháp","options_lang_greek":"Tiếng Hy Lạp","options_lang_german":"Tiếng Đức","options_lang_hungarian":"Tiếng Hungarian","options_lang_italian":"Tiếng Ý","options_lang_japanese":"Tiếng Nhật","options_lang_koreana":"Tiếng Hàn Quốc","options_lang_norwegian":"Tiếng Na Uy","options_lang_polish":"Tiếng Ba Lan","options_lang_portuguese":"Tiếng Bồ Đào Nha","options_lang_russian":"Tiếng Nga","options_lang_romanian":"Tiếng Rumani","options_lang_schinese":"Tiếng Trung Giản Thể","options_lang_spanish":"Tiếng Tây Ban Nha","options_lang_latam":"Tiếng Tây Ban Nha Mỹ Latin","options_lang_swedish":"Tiếng Thụy Điển","options_lang_tchinese":"Tiếng Trung Quốc","options_lang_thai":"Tiếng Thái","options_lang_turkish":"Tiếng Thổ Nhĩ Kỳ","options_lang_ukrainian":"Tiếng Ukraina","options_lang_vietnamese":"Tiếng Việt","options_addCustomLink":"Add custom link","options_autoDetect":"Auto-detect","options_addToWaitlist":"Show \"Add to Waitlist\" dropdown on app pages","options_collectionBannerNotOwned":"Only show In Collection banner when I don't own the game on Steam","options_maintainers":"Project Maintainers","options_withHelpOf":"with a lot of help by our __contributors__","options_contributors":"wonderful contributors","options_aboutDesc":"Augmented Steam is a fork of the Enhanced Steam extension.","options_aboutDescLinks":"Visit the extension's __website__ or our __discord__ for more info.","options_footerFork":"a fork by IsThereAnyDeal","options_footerAuthor":"original author jshackles","ready_loading":"Augmented Steam đang tải dữ liệu...","ready_ready":"Augmented Steam sẵn sàng","ready_failed":"__amount__ request(s) failed, check browser console for more information","ready_serverOutage":"Augmented Steam servers are currently overloaded","twitch_nowStreaming":"__username__ đang phát sóng trực tiếp trên Twitch","twitch_viewers":"Người xem","dlcSelect_wishlistedDlc":"Chọn các DLC đã được thêm vào Danh sách ước","dlcSelect_none":"Select None","dlcSelect_unownedDlc":"Select Unowned DLC","tag_wishlist":"Danh Sách Ước","tag_coupon":"Phiếu mua hàng","tag_invGift":"Quà tặng","tag_invGuestpass":"Guestpass","tag_owned":"Đã sở hữu","tag_notinterested":"Not Interested","tag_ignoredOwned":"Ignored (owned)","tag_collection":"Đã thu thập","tag_waitlist":"Đã chờ","wallet_customAmount":"Add custom amount","wallet_customAmountText":"Add any amount over __minamount__","wallet_customGiftcard":"Chọn __input__ Thẻ Quà Tặng Tùy Chọn","wsgf_incomplete":"Incomplete","wsgf_unsupported":"This score is awarded to games that have no __type__ support.  The game may be unplayable in __type__, or the image is stretched to fit the window.  Correct aspect ratio is not retained.","wsgf_gold":"This medal is awarded to games which have received perfect scores from the WSGF for their __type__ support, and are __type__ Certified.","wsgf_silver":"This medal is awarded to games that have received a calculated grade of B for their __type__ support.  All of these games are without major flaws, but have at least one blemish that prevents a perfect score.","wsgf_limited":"This score is awarded to games that have received a calculated grade of C for their __type__ support.  All of these games have some level of __type__ support but have significant issues.","wsgf_certifications":"WSGF Widescreen Certifications","itad_enableSyncLibrary":"Enable library sync","itad_enableSyncWishlist":"Enable wishlist sync","itad_import":"Periodically import:","itad_lastImport":"Last import","itad_from":"from ITAD","itad_to":"to ITAD","itad_syncNow":"Sync now","itad_info_itadSteam":"Connecting Augmented Steam with IsThereAnyDeal allows you to apply Augmented Steam's highlighting and tagging to games in your Waitlist and Collection even if you don't have them on Steam.","itad_info_steamItad":"Furthermore, it allows you to import games from your Steam Library and/or Wishlist to IsThereAnyDeal, for improved accuracy (e.g. DLCs or unlisted games). Currently this feature can only add titles, not remove them, so it's not the replacement for IsThereAnyDeal's integrated sync, but an addition to it.","tradeoffer_numItem":"__num__ item","tradeoffer_numItems":"__num__ items","tradeoffer_back":"Back to Trade Offers","update_dontShow":"Không Hiển Thị Lại","update_updated":"Augmented Steam được cập nhật lên phiên bản __version__","update_changes":"View all changes on GitHub","register_success":"Thành công kích hoạt __gamename__","register_owned":"This Steam account already owns the product(s) contained in this offer.","register_notavail":"Xin lỗi, nhưng sản phẩm này không được bản ở đất nước này. Key của bạn không được ghi nhận.","register_invalid":"Key bạn nhập không hợp lệ. Vui lòng kiểm tra nếu bạn có nhập nhầm.","register_already":"Key bạn nhập đã được kích hoạt bởi một tài khoản Steam khác.","register_dlc":"Key bạn nhập cần bạn phải sở hữu một sản phẩm trước kích hoạt.","register_wallet":"Key bạn nhập là từ thẻ Steam Gift hoặc là mã Steam Wallet","register_toomany":"Quá nhiều lần kích hoạt gần đây từ tài khoản này. Vui lòng chờ và thử lại sau.","register_default":"Lỗi không rõ đã xảy ra. Key của bạn chưa được ghi nhận. Vui lòng chờ 30 phút và thử lại key.","wl_label":"stats","wl_totalPrice":"giá trị hiện tại","wl_inWishlist":"trong danh sách mong muốn","wl_onSale":"đang giảm giá","wl_noPrice":"không định giá","wl_hidden":"hidden apps","wl_hiddenTooltip":"Apps that have been removed/unlisted and are not visible on wishlists. Click for details.","wl_removeTitle":"Remove this item from your wishlist?","wl_removeConfirm":"Are you sure you want to remove 'appid __appid__' from your wishlist?","wl_removeConfirmWarn":"It cannot be re-added afterwards!","coll_totalTime":"tổng thời gian","coll_inCollection":"trong bộ sưu tập","coll_played":"đã chơi","coll_neverPlayed":"chưa bao giờ chơi","userNote_add":"Thêm ghi chú","userNote_update":"Cập nhật ghi chú","userNote_addForGame":"Note for __gamename__","userNote_notEnoughSpace":"Not enough space to save note","userNote_notEnoughSpaceDesc":"Augmented Steam can't save any more user notes since your used storage adapter doesn't allow more data to be saved (attempting to use ~__perc__% of the storage capacity).","userNote_closeOnStorage":"You are running close on storage","userNote_closeOnStorageDesc":"Augmented Steam is close to not being able to save any more user notes (~__perc__% storage usage) with your current storage adapter.","userNote_storageWarningDesc":"You can choose to store your user notes in a local database (without synchronization) or continue using the storage method provided by your browser (where new notes can only be added if you delete some old).","userNote_saveSyncedStorage":"Continue using synced storage","userNote_saveLocal":"Store notes locally","userNote_syncOption":"Sync notes automatically","userNote_syncInfo_1":"You can sync your notes between Augmented Steam and IsThereAnyDeal. If you enable automatic sync, notes will be periodically fetched from ITAD. Edits via Augmented Steam will be mirrored to ITAD immediately.","userNote_syncInfo_2":"You can also manually push or pull notes between Augmented Steam and IsThereAnyDeal. We advise you to do so before enabling automatic sync, to ensure the correct version of the note is used, in case you have different notes stored for the same game.","userNote_syncInfo_3":"You can see all your notes stored in the Notes and Tags section on IsThereAnyDeal.","userNote_syncButtonPush":"Push notes to\nIsThereAnyDeal","userNote_syncButtonPull":"Pull notes from\nIsThereAnyDeal","userNote_syncPulled":"__n__ note(s) were pulled from IsThereAnyDeal","userNote_syncPushed":"__n__ note(s) were pushed to IsThereAnyDeal","userNote_syncFailed":"__n__ note(s) failed to sync","userNote_syncError":"Your note failed to sync","userNote_syncErrorEmpty":"Note is empty","userNote_syncErrorUnknown":"ITAD does not know this game","userNote_syncErrorLength":"Note is too long (__length__, max: __max__)","queue_new":"New Queue","queue_newTooltip":"Remove this product from your queue and start a new queue.","workshop_workshop":"Workshop","workshop_subscriptions":"Subscriptions","workshop_subscribeAll":"Đăng ký Tất cả","workshop_subscribeConfirm":"Are you sure you want to subscribe to all __count__ workshop items with these filters?","workshop_subscribeLoading":"Subscribing to __i__/__count__ workshop items, please wait...","workshop_unsubscribeAll":"Hủy đăng ký Tất cả","workshop_unsubscribeConfirm":"Are you sure you want to unsubscribe to all __count__ workshop items with these filters?","workshop_unsubscribeLoading":"Unsubscribing from __i__/__count__ workshop items, please wait...","workshop_finished":"Đã hoàn thành! __thành công__ đã thành công, __thất bại__ đã thất bại. Nhấn OK để tải lại trang","workshop_failed":"__n__ thất bại","originalAuthors":"Tác giả gốc","acknowledgements":"Công nhận","countries_ad":"Andorra","countries_ae":"United Arab Emirates","countries_af":"Afghanistan","countries_ag":"Antigua and Barbuda","countries_ai":"Anguilla","countries_al":"Albania","countries_am":"Armenia","countries_an":"Netherlands Antilles","countries_ao":"Angola","countries_ar":"Argentina","countries_as":"American Samoa","countries_at":"Austria","countries_au":"Australia","countries_aw":"Aruba","countries_az":"Azerbaijan","countries_ba":"Bosnia and Herzegovina","countries_bb":"Barbados","countries_bd":"Bangladesh","countries_be":"Belgium","countries_bf":"Burkina Faso","countries_bg":"Bulgaria","countries_bh":"Bahrain","countries_bi":"Burundi","countries_bj":"Benin","countries_bm":"Bermuda","countries_bn":"Brunei","countries_bo":"Bolivia","countries_br":"Brazil","countries_bs":"Bahamas","countries_bt":"Bhutan","countries_bv":"Bouvet Island","countries_bw":"Botswana","countries_by":"Belarus","countries_bz":"Belize","countries_ca":"Canada","countries_cd":"Congo - Kinshasa","countries_cf":"Central African Republic","countries_cg":"Congo - Brazzaville","countries_ch":"Switzerland","countries_ci":"Côte d’Ivoire","countries_ck":"Cook Islands","countries_cl":"Chile","countries_cm":"Cameroon","countries_cn":"China","countries_co":"Colombia","countries_cr":"Costa Rica","countries_cu":"Cuba","countries_cv":"Cape Verde","countries_cy":"Cyprus","countries_cz":"Czech Republic","countries_de":"Germany","countries_dj":"Djibouti","countries_dk":"Denmark","countries_dm":"Dominica","countries_do":"Dominican Republic","countries_dz":"Algeria","countries_ec":"Ecuador","countries_ee":"Estonia","countries_eg":"Egypt","countries_eh":"Western Sahara","countries_er":"Eritrea","countries_es":"Spain","countries_et":"Ethiopia","countries_fi":"Finland","countries_fj":"Fiji","countries_fk":"Falkland Islands","countries_fm":"Micronesia","countries_fo":"Faroe Islands","countries_fr":"France","countries_ga":"Gabon","countries_gb":"United Kingdom","countries_gd":"Grenada","countries_ge":"Georgia","countries_gf":"French Guiana","countries_gg":"Guernsey","countries_gh":"Ghana","countries_gi":"Gibraltar","countries_gl":"Greenland","countries_gm":"Gambia","countries_gn":"Guinea","countries_gp":"Guadeloupe","countries_gq":"Equatorial Guinea","countries_gr":"Greece","countries_gs":"South Georgia","countries_gt":"Guatemala","countries_gu":"Guam","countries_gw":"Guinea-Bissau","countries_gy":"Guyana","countries_hk":"Hong Kong SAR China","countries_hm":"Heard Island and McDonald Islands","countries_hn":"Honduras","countries_hr":"Croatia","countries_ht":"Haiti","countries_hu":"Hungary","countries_id":"Indonesia","countries_ie":"Ireland","countries_il":"Israel","countries_im":"Isle of Man","countries_in":"India","countries_io":"British Indian Ocean Territory","countries_iq":"Iraq","countries_ir":"Iran","countries_is":"Iceland","countries_it":"Italy","countries_je":"Jersey","countries_jm":"Jamaica","countries_jo":"Jordan","countries_jp":"Japan","countries_ke":"Kenya","countries_kg":"Kyrgyzstan","countries_kh":"Cambodia","countries_ki":"Kiribati","countries_km":"Comoros","countries_kn":"Saint Kitts and Nevis","countries_kp":"North Korea","countries_kr":"South Korea","countries_kw":"Kuwait","countries_ky":"Cayman Islands","countries_kz":"Kazakhstan","countries_la":"Laos","countries_lb":"Lebanon","countries_lc":"Saint Lucia","countries_li":"Liechtenstein","countries_lk":"Sri Lanka","countries_lr":"Liberia","countries_ls":"Lesotho","countries_lt":"Lithuania","countries_lu":"Luxembourg","countries_lv":"Latvia","countries_ly":"Libya","countries_ma":"Morocco","countries_mc":"Monaco","countries_md":"Moldova","countries_me":"Montenegro","countries_mg":"Madagascar","countries_mh":"Marshall Islands","countries_mk":"Macedonia","countries_ml":"Mali","countries_mm":"Myanmar [Burma]","countries_mn":"Mongolia","countries_mo":"Macau SAR China","countries_mp":"Northern Mariana Islands","countries_mq":"Martinique","countries_mr":"Mauritania","countries_ms":"Montserrat","countries_mt":"Malta","countries_mu":"Mauritius","countries_mv":"Maldives","countries_mw":"Malawi","countries_mx":"Mexico","countries_my":"Malaysia","countries_mz":"Mozambique","countries_na":"Namibia","countries_nc":"New Caledonia","countries_ne":"Niger","countries_nf":"Norfolk Island","countries_ng":"Nigeria","countries_ni":"Nicaragua","countries_nl":"Netherlands","countries_no":"Norway","countries_np":"Nepal","countries_nr":"Nauru","countries_nu":"Niue","countries_nz":"New Zealand","countries_om":"Oman","countries_pa":"Panama","countries_pe":"Peru","countries_pf":"French Polynesia","countries_pg":"Papua New Guinea","countries_ph":"Philippines","countries_pk":"Pakistan","countries_pl":"Poland","countries_pm":"Saint Pierre and Miquelon","countries_pn":"Pitcairn Islands","countries_pr":"Puerto Rico","countries_ps":"Palestinian Territories","countries_pt":"Portugal","countries_pw":"Palau","countries_py":"Paraguay","countries_qa":"Qatar","countries_re":"Réunion","countries_ro":"Romania","countries_rs":"Serbia","countries_ru":"Russia","countries_rw":"Rwanda","countries_sa":"Saudi Arabia","countries_sb":"Solomon Islands","countries_sc":"Seychelles","countries_sd":"Sudan","countries_se":"Sweden","countries_sg":"Singapore","countries_sh":"Saint Helena","countries_si":"Slovenia","countries_sk":"Slovakia","countries_sl":"Sierra Leone","countries_sm":"San Marino","countries_sn":"Senegal","countries_so":"Somalia","countries_sr":"Suriname","countries_st":"São Tomé and Príncipe","countries_sv":"El Salvador","countries_sy":"Syria","countries_sz":"Swaziland","countries_tc":"Turks and Caicos Islands","countries_td":"Chad","countries_tf":"French Southern Territories","countries_tg":"Togo","countries_th":"Thailand","countries_tj":"Tajikistan","countries_tk":"Tokelau","countries_tl":"Timor-Leste","countries_tm":"Turkmenistan","countries_tn":"Tunisia","countries_to":"Tonga","countries_tr":"Turkey","countries_tt":"Trinidad and Tobago","countries_tv":"Tuvalu","countries_tw":"Taiwan","countries_tz":"Tanzania","countries_ua":"Ukraine","countries_ug":"Uganda","countries_um":"U.S. Minor Outlying Islands","countries_us":"United States","countries_uy":"Uruguay","countries_uz":"Uzbekistan","countries_va":"Vatican City","countries_vc":"Saint Vincent and the Grenadines","countries_ve":"Venezuela","countries_vg":"British Virgin Islands","countries_vi":"U.S. Virgin Islands","countries_vn":"Vietnam","countries_vu":"Vanuatu","countries_wf":"Wallis and Futuna","countries_ws":"Samoa","countries_ye":"Yemen","countries_yt":"Mayotte","countries_za":"South Africa","countries_zm":"Zambia","countries_zw":"Zimbabwe"}}