{"stats":{"strings":812,"translated":779},"strings":{"deleteCommentPrompt":"您确定要删除这条留言吗？","downloadDemoHeader":"下载 __gamename__ 试玩版","deckCompat_header":"Steam Deck 兼容性","deckCompat_unknown":"未知","deckCompat_unsupported":"不支持","deckCompat_playable":"可游玩","deckCompat_verified":"已验证","featureHint_desc":"您希望启用以下功能吗？","featureHint_reminder":"您可以稍后在选项页面更改偏好设置。","thewordyes":"是","thewordno":"否","theworderror":"错误","noData":"无数据","toomanyrequests":"请求过多","showComments":"显示留言","hideComments":"隐藏留言","thewordunknown":"未知","calcWorkshopSize_fileSize":"文件大小 __size__","calcWorkshopSize_calcSize":"计算总大小","calcWorkshopSize_calcLoading":"正在计算第 __i__/__count__ 个创意工坊物品，请稍等……","calcWorkshopSize_calcFinished":"完成！成功计算 __success__/__total__ 个物品。","calcWorkshopSize_totalSize":"总大小：__size__","cart":"购物车","inCart":"在购物车中","steamidOfUser":"__user__ 的 SteamID","copied":"已复制到剪贴板！","viewSteamid":"查看 SteamID","moreOnSteampeek":"在 SteamPeek 查看详情","date":"日期","rating":"评价","helpful":"有价值","funny":"欢乐","length":"长度","visibility":"可见性","processing":"处理中...","wait":"请稍候","inviteFriends":"邀请好友","inviteToGroup":"邀请至组","inverse":"反选","transactionStatus":"__failed__ 个请求失败。已获取 __size__ / __total__ 笔交易。","customTags":"自定义标签","addTag":"添加标签","enterTag":"输入您要添加的自定义标签","status":"状态：","connect":"连接","connected":"已连接","disconnect":"断开","disconnected":"已断开连接","oneclickgoo":"一键转换为宝石...","viewInLibrary":"在库中查看","support":"支持信息","email":"E-mail","contact":"联系方式","favEmoticonsDragging":"将表情拖至此处收藏","favEmoticonsNoAccess":"您没有使用此表情的权限","postHistory":"查看发布历史","addNickname":"添加昵称","totalSize":"总大小","dlcDetails":"DLC 详情","badgeNotUnlocked":"未解锁","badgeLevel":"等级 __level__","each":"每个","viewInMarket":"在社区市场中查看","remove":"删除","getHelp":"获取帮助","addSelectedDlcToCart":"将选择的 DLC 加入购物车","close":"关闭","error":"发生了一个错误","go":"前往","activate":"激活产品","activateMultipleHeader":"在下面输入产品代码，每行一个","activateMultiple":"激活多个产品","activateProducts":"激活产品","couponApplicationNote":"库存中的一张优惠券会在付款时自动使用。","hide":"隐藏","filters":"Augmented Steam 筛选","cardsOwned":"已拥有 __possible__ 张卡牌中的 __owned__ 张","libraryMenu":"库","clearCache":"清空缓存数据","translation":"翻译","helpTranslate":"在 POEditor 帮助我们翻译 Augmented Steam","lowest":"最低","lowestPrice":"当前最低价：","viewBadgeProgress":"查看徽章进度","badgeProgress":"徽章进度","salesTotal":"出售总计：","viewNormalBadge":"查看普通徽章进度","apppageSections":"请选择您希望在该页面中看到的版块","website":"访问网站","games":"游戏","badgeCompletionCost":"完成徽章的花费：__cost__","loading":"载入中...","selling":"出售中...","quickSell":"以 __amount__ 快速出售","quickSellDesc":"与社区市场最低出售价相差 __modifier__ 的价格","instantSell":"以 __amount__ 立刻出售","instantSellDesc":"社区市场当前最高收购价","quickSellVerify":"需要 Steam 令牌确认","startingAt":"起价：__price__","homepageTabs":"主页标签","store":"商店","viewInStore":"在商店中查看","communityHub":"社区中心","viewOnWebsite":"在 __website__ 上查看","drmThirdParty":"警告：本作使用第三方 DRM 验证 __drmlist__。","hoursShort":"__hours__ 小时","spamCommentShow":"本页有 __num__ 条垃圾评论被隐藏，点击这里显示。","addToWishlist":"添加至您的愿望单","addFullgameToWishlist":"Add full game to your wishlist","addToWaitlist":"添加至观察列表（Waitlist）","addFullgameToWaitlist":"Add full game to your Waitlist","removeFromWaitlistTooltip":"从观察列表中删除","removeFullgameFromWaitlistTooltip":"Remove full game from your Waitlist","removeFromWishlistAndWaitlistTooltip":"同时从愿望单和观察列表中删除","removeFullgameFromWishlistAndWaitlistTooltip":"Remove full game from both your wishlist and Waitlist","language":"语言","theworddefault":"默认","thewordclear":"清除","couponLearnMore_linkText":"了解更多","couponLearnMore_fullText":"__linkdesc__ 关于 Steam 优惠券","show":"显示","showAll":"显示全部","badgesAll":"全部徽章","esSupporter":"Enhanced Steam 支持者","community":"社区","ownedCollection":"__gametitle__ is already in your IsThereAnyDeal Collection","viewBadge":"查看徽章","purchaseTotal":"消费总计：","viewFoilBadge":"查看闪亮徽章进度","viewAstats":"访问 AStats 页面","contribute":"贡献（GitHub）","reviews":"评测","readReviews":"阅读评测","readMoreReviews":"阅读更多评测于","youtubeGameplay":"YouTube 实况","youtubeReviews":"YouTube 评测","packageInfo":"游戏包信息","badgeCompletionAvg":"完成徽章的平均花费：__cost__","volumeSoldLast_24":"数量：有 __sold__ 份在 24 小时内售出","soldLast_24":"有 __sold__ 份在 24 小时内售出","homepageCurators":"Steam 鉴赏家推荐","homepageTopnewreleases":"Steam 热销新品","homepageSidebar":"侧边栏","dropCalc":"点击此处计算剩余掉落数","price":"价格","marketTransactions":"市场交易","loadMarketStats":"加载市场统计","cardDropsRemaining":"__drops__ 张剩余卡牌掉落","badgesDrops":"仍可获得卡牌的徽章","usingLanguageReturn":"点击这里以__base__浏览 Steam。","guides":"指南","highlight":"高亮显示","save":"保存","view":"查看","gameName":"游戏名称","notinterested":"标记为不感兴趣的物品","ignoredOwned":"您忽略的在其他平台上玩过的游戏","searchFilters_reviewsScore_between":"评测分数介于 __lower__% 与 __upper__%","searchFilters_reviewsScore_any":"任意评测分数","searchFilters_reviewsScore_upTo":"评测分数低于 __score__%","searchFilters_reviewsScore_from":"评测分数高于 __score__%","searchFilters_reviewsCount_count":"评测数：","searchFilters_reviewsCount_minCount":"最少","searchFilters_reviewsCount_maxCount":"最多","searchFilters_discountPercent_count":"折扣百分比：","searchFilters_discountPercent_minCount":"最小 %","searchFilters_discountPercent_maxCount":"最大 %","searchFilters_hideCart":"隐藏购物车中的物品","searchFilters_hideEa":"隐藏抢先体验物品","searchFilters_hideMixed":"隐藏褒贬不一物品","searchFilters_hideNegative":"隐藏差评物品","news":"新闻","viewinclient":"在 Steam 客户端中查看","customBackground":"自定义背景","customStyle":"自定义主题","customStyleHelp":"所有 Augmented Steam 的用户都会在您的个人资料页面看到这个主题。非 Augmented Steam 用户则不会看到任何主题变化。","noneselected":"未选择/不修改","mostDrops":"最多掉落","netGain":"净收益：","apppageRecentupdates":"最新活动与通知","apppageEaheader":"抢先体验信息栏","apppageEabanner":"抢先体验讨论横幅","apppageWorkshop":"Steam 创意工坊横幅","apppageGreenlight":"Steam 青睐之光横幅","apppageLegal":"法律信息","apppageFranchise":"系列作品","apppageMorefromfranchise":"更多系列作品","bugFeature":"报告错误/提出建议","always":"总是","ratingDetails":"查看评分详情","dropsWorthAvg":"估算价值","familySharingNotice_notice":"注意：","familySharingNotice_desc":"此游戏不包含在 Steam 家庭共享服务中。","visitStore":"访问商店页面","all":"全部","externalFunds":"External Funds Used","shoppingCartHistory":"查看购物车历史记录","manageWebapiKey":"管理我的 Steam Web API 密钥","steamCloudHeader":"Steam 云","steamCloudSaves":"查看云存储","gamesWithDrops":"__dropsgames__ 个游戏可掉落卡牌","binderView":"活页夹视图","usingLanguage":"您正在以__current__浏览 Steam。","loginWarning":"您必须登录 __link__ 才能使用 Augmented Steam 的全部功能。","visitTradeForum":"访问交易论坛","purchaseDate":"（购买于 __date__）","customBackgroundHelp":"所有 Augmented Steam 用户将在您的个人资料页面看到自定义背景，非 Augmented Steam 用户将看到常规背景。","dateUnlocked":"解锁日期","netSpent":"净消费：","buy":"购买","buyPackage":"购买 __package__","moreInformation":"更多信息","regionUnavailable":"在该地区目前不提供","avgPrice_3cards":"三张交易卡牌的平均价格：__price__","groups_leaveGroupsConfirm":"您确定要离开已选择的 __n__ 个组吗？","groups_manageGroups":"管理组","groups_actionGroups":"请在下方选择您要操作的组。","groups_select":"选择：","groups_leave":"离开组","groups_selected":"已选择 __n__ 个。","groups_leaveAdminConfirm_currentlyAdmin":"您现在是 __name__ 的管理员。","groups_leaveAdminConfirm_wantToLeave":"您确定要离开此群组吗？","export_wishlist":"导出愿望单","export_type":"导出类型","export_format":"文本格式","export_text":"纯文本","export_download":"下载","export_copyClipboard":"复制到剪贴板","none":"无","emptyWishlist_title":"清空愿望单","emptyWishlist_confirm":"Are you sure you want to empty your wishlist? This action cannot be undone!","emptyWishlist_removing":"正在移除 __total__ 个产品中的第 __cur__ 个...","about":"关于","never":"永不","couponAvailable":"您有优惠券可以使用！","launchRandom":"启动随机的游戏","playGame":"玩 __gamename__ 吗？","dropsValue":"最高掉落卡牌价值","cardsRemain":"集齐还需最少卡牌数","wishlist":"愿望单","onWishlist":"On wishlist","onWaitlist":"在观察列表中","onWishlistAndWaitlist":"在愿望单和观察列表中","cancel":"取消","wikiArticle":"在 __pcgw__ 上查看文章","viewAll":"查看全部","gamesWithBooster":"__boostergames__ 个游戏有资格获得补充包","sortBy":"排序依据：","playtime":"游戏时长","awards":"奖励","year":"年","lastonline":"最后在线时间","members":"成员","name":"名称","drmThirdPartySub":"警告：该包中有一个或多个项目使用第三方 DRM 验证 __drmlist__。","customize":"自定义","bundleSavingText":"购买此捆绑包将为您节省","thewordoptions":"选项","discussions":"讨论","pricing_lowestPrice":"当前最低价：","pricing_historicalLow":"历史最低价：","pricing_bundled":"在捆绑包中：","pricing_withVoucher":"可用优惠 __voucher__","pricing_store":"在 __store__","pricing_bundleCount":"__count__ 次","webBrowserChat":"通过浏览器发起聊天","steamClientChat":"通过 Steam 客户端发起聊天","equipOnProfile":"在个人资料上展示","previewBackground":"预览背景图","expandSlider":"展开","contractSlider":"收起","earlyAccess":"抢先体验","tagShort":"使用短标签以节省空间","noPriceData":"价格数据不可用","userScore":"用户评分","marketPopularItemsToggle":"切换热销商品的实时更新","showProgressbar":"显示 Augmented Steam 进度条和状态栏","achievements_option":"在商店页面显示成就","achievements_summary":"已解锁 __total__ 个成就中的 __unlocked__ 个（__percentage__%）：","bundle_offerEnds":"特惠结束","bundle_includes":"包含 __num__ 件物品","bundle_tierIncludes":"__tier__（__price__）包括 __num__ 件物品","bundle_tier":"等级 __num__","bundle_header":"包含此游戏的捆绑包","bundle_info":"捆绑包信息","charts_peakall":"历史峰值","charts_current":"当前玩家","charts_playingNow":"正在游玩","charts_peaktoday":"今日峰值","hltb_title":"通关时间","hltb_mainE":"主线剧情和支线","hltb_compl":"完美收集","hltb_main":"主线剧情","options_friendsAndGroups":"Friends and Groups","options_friendsAppendNickname":"Append nicknames to friends' names","options_settingsMngmt_import":"导入","options_settingsMngmt_importSuccess":"导入设置成功","options_settingsMngmt_importFail":"导入设置失败","options_settingsMngmt_export":"导出","options_settingsMngmt_reset":"重置","options_showCustomThemes":"显示自定义主题","options_communityDefaultTab":"默认社区中心页面","options_videos":"视频","options_broadcasts":"实况直播","options_artwork":"艺术作品","options_screenshots":"截图","options_showBacktotop":"在长页面显示返回顶部按钮","options_contextMenu":"右键菜单","options_contextSteamStore":"在 Steam 商店搜索 '__query__'","options_contextSteamMarket":"在 Steam 市场搜索 '__query__'","options_contextItad":"在 IsThereAnyDeal 搜索 '__query__'","options_contextBartervg":"在 Barter.vg 搜索 '__query__'","options_contextSteamdb":"在 SteamDB 搜索 '__query__'","options_contextSteamdbInstant":"在 SteamDB 快速搜索 '__query__'","options_contextSteamKeys":"激活选中的 Steam 产品代码","options_wsgf":"显示 WSGF（宽屏支持）信息","options_versionShow":"在 Augmented Steam 更新时显示更新日志","options_steamcardexchange":"在徽章页面显示 SteamCardExchange 链接","options_regionalPrice":"区域价格比较","options_excludef2p":"不高亮显示免费游戏","options_profileLinkImagesNone":"无","options_profileLinks":"显示以下网站的个人资料链接","options_tag":"标签","options_icon":"图标","options_name":"名称","options_showAlternativeLinuxIcon":"显示替代版本 Linux 图标","options_replacecommunityhublinks":"Replace community hub links with store page links","options_hideannouncementcomments":"默认隐藏所有组公告下的评论","options_hidetmsymbols":"Hide trademark and copyright symbols in game titles","options_metacritic":"显示 Metacritic 用户评分","options_opencritic":"显示 Opencritic.com 信息","options_hideactivelistings":"默认隐藏市场主页的订单列表","options_showlowestmarketprice":"显示您在社区市场的最低出售价","options_clear":"您确定要重设所有选项么？这项操作将无法撤销。","options_coupon":"可使用优惠券的物品","options_showPackageInfo":"显示所有应用的游戏包信息","options_wlbuttoncommunityapp":"在游戏社区主页显示“添加至愿望单”按钮","options_removeguideslanguagefilter":"不根据用户语言自动过滤指南","options_confirmdeletecomment":"删除留言时要求确认","options_disablelinkfilter":"禁用访问外部网站的确认警告","options_regionalPriceOn":"显示区域价格比较","options_horizontalscrolling":"启用鼠标滚轮水平滚动","options_supportinfo":"在商店页面显示支持信息","options_drm":"显示第三方 DRM 警告","options_profileLinkImages":"个人资料与群组页面链接图标样式","options_show1clickgoo":"在适用的库存物品上显示“一键转换成宝石”按钮","options_hltb":"显示 HowLongToBeat.com 信息","options_hidespamcomments":"隐藏创意工坊和个人资料页面的垃圾评论","options_gift":"库存中有礼物的物品","options_regionalPriceMouse":"鼠标经过价格时","options_lowestpriceHeader":"价格历史信息","options_storesAll":"与所有商店比较","options_viewInCurrency":"以此货币查看：","options_showEarlyAccess":"显示抢先体验图片横幅","options_profileLinkImagesGray":"黑白","options_quickinv":"在库存中为 Steam 社区物品显示快速出售按钮","options_quickinvDiff":"快速出售差值：","options_sendAgeInfo":"自动填写年龄验证","options_showdeckcompat":"在功能列表中显示 Steam Deck 兼容性评分（缺少数据时更新）","options_removebroadcasts":"完全删除商店页面的实况直播","options_exfgls":"如果游戏不支持家庭共享则显示提醒","options_mp4video":"强制商店页面视频为 MP4 格式","options_youtube":"显示 YouTube 链接","options_twitch":"显示 Twitch 链接","options_pcgw":"显示 PCGamingWiki 链接","options_completionistme":"显示 Completionist.me 链接","options_protondb":"显示 ProtonDB 链接","options_storeSteamcards":"在商店页面显示 SteamCardExchange 链接","options_spamcommentregex":"正则表达式字符串：","options_regionalHideworld":"隐藏地球小图标","options_showAstatslink":"在游戏页面显示 AStats 链接","options_showYoutubegameplay":"在商店页面显示 YouTube 实况视频","options_showYoutubereviews":"在商店页面显示 YouTube 评测视频","options_openinnewtab":"在新标签页打开外部链接","options_showbartervg":"显示 Barter.vg 链接","options_guest":"拥有玩家通行证的物品","options_collection":"您 ITAD 收藏库（Collection）中的物品","options_waitlist":"您 ITAD 观察列表（Waitlist）中的物品","options_showPlayersInfo":"显示玩家数信息","options_showallstats":"在“所有游戏”页面显示时长统计","options_lowestpriceOnwishlist":"在愿望单中显示","options_steamrepapi":"在个人资料页面显示 SteamRep 状态","options_profileSteamid":"在个人资料页面显示 SteamID","options_profilePinnedBg":"滚动时固定个人资料背景位置","options_lowestprice":"显示","options_owned":"已拥有的物品","options_itadlinks":"显示 IsThereAnyDeal 链接","options_steamdb":"显示 SteamDB 链接","options_profileLinkImagesColor":"彩色","options_showViewInLibrary":"为已拥有游戏显示“在库中查看”按钮","options_installSteamButton":"“安装 Steam”按钮","options_replaceViewClient":"替换为“在客户端中查看”","options_showEmptyWishlist":"显示“清空愿望单”按钮","options_showWishlistStats":"在愿望单页面显示统计","options_oneclickremovewl":"删除物品时跳过确认","options_userNotes_userNotes":"用户备注","options_userNotes_app":"在商店页面","options_userNotes_wishlist":"在愿望单","options_userNotes_loc":"存储位置","options_userNotes_syncedStorage":"同步存储","options_userNotes_local":"本地数据库","options_inventoryNavText":"在库存页面启用高级导航功能","options_marketTotal":"显示市场交易总额","options_lowestpriceCoupon":"在价格比较时包含优惠券","options_general":"常规","options_apppage":"商店页面","options_market":"市场","options_inventory":"库存","options_profile":"个人资料","options_group":"群组","options_friendActivity":"好友动态","options_groupLinks":"显示群组链接：","options_showLanguagewarning":"以除此之外的其他语言浏览时显示警告","options_homepage":"主页","options_homepageDefaultTab":"默认主页标签","options_homepageDefaultTabRemember":"记住上次选择","options_homepageDefaultTabNewreleases":"热门新品","options_homepageDefaultTabTopsellers":"热销商品","options_homepageDefaultTabUpcoming":"即将推出","options_homepageDefaultTabSpecials":"优惠","options_wishlist":"愿望单中的物品","options_addAnotherRegion":"添加","options_skipGotSteam":"跳过“没有 Steam？”窗口","options_storeGeneralThirdparty":"第三方网站信息选项","options_purchaseDates":"在商店页面上显示购买日期","options_showBadgeProgress":"在商店页面显示徽章进度","options_showCoupon":"在商店页面显示可用的优惠券","options_showWishlistLink":"在个人资料页面显示愿望单链接","options_showWishlistCount":"在愿望单页面显示物品数量","options_profileShowcaseTwitch":"如果有 Twitch.tv 链接，则为其添加一个展柜","options_profileShowcaseOwnTwitch":"... 包括您自己的个人资料","options_profileShowcaseTwitchProfileonly":"... 仅当链接出现在个人资料概要中时","options_lang_english":"英语","options_lang_brazilian":"葡萄牙语-巴西","options_lang_bulgarian":"保加利亚语","options_lang_czech":"捷克语","options_lang_danish":"丹麦语","options_lang_dutch":"荷兰语","options_lang_finnish":"芬兰语","options_lang_french":"法语","options_lang_greek":"希腊语","options_lang_german":"德语","options_lang_hungarian":"匈牙利语","options_lang_italian":"意大利语","options_lang_japanese":"日语","options_lang_koreana":"韩语","options_lang_norwegian":"挪威语","options_lang_polish":"波兰语","options_lang_portuguese":"葡萄牙语","options_lang_russian":"俄语","options_lang_romanian":"罗马尼亚语","options_lang_schinese":"汉语-简体","options_lang_spanish":"西班牙语","options_lang_latam":"西班牙语-拉丁美洲","options_lang_swedish":"瑞典语","options_lang_tchinese":"汉语-繁体","options_lang_thai":"泰语","options_lang_turkish":"土耳其语","options_lang_ukrainian":"乌克兰语","options_lang_vietnamese":"越南语","options_addCustomLink":"添加自定义链接","options_autoDetect":"自动检测","options_addToWaitlist":"在商店页面显示“添加到观察列表（Waitlist）”下拉菜单","options_collectionBannerNotOwned":"Only show In Collection banner when I don't own the game on Steam","options_maintainers":"项目维护者","options_withHelpOf":"此项目离不开所有__contributors__的帮助","options_contributors":"了不起的贡献者们","options_aboutDesc":"Augmented Steam 是 Enhanced Steam 扩展程序的衍生版本。","options_aboutDescLinks":"访问此扩展程序的__website__或 __discord__ 了解更多。","options_footerFork":"来自 IsThereAnyDeal 的衍生版本","options_footerAuthor":"原始作者 jshackles","ready_loading":"Augmented Steam 数据载入中...","ready_ready":"Augmented Steam 已就绪","ready_failed":"__amount__ 个请求发送失败，请打开浏览器开发者控制台以了解详情","ready_serverOutage":"Augmented Steam 服务器目前已超负荷","twitch_nowStreaming":"__username__ 正在 Twitch 上直播","twitch_viewers":"观看者","dlcSelect_wishlistedDlc":"选择愿望单中的 DLC","dlcSelect_none":"全部取消选择","dlcSelect_unownedDlc":"选择尚未拥有的 DLC","tag_wishlist":"愿望单","tag_coupon":"优惠券","tag_invGift":"礼物","tag_invGuestpass":"玩家通行证","tag_owned":"已拥有","tag_notinterested":"不感兴趣","tag_ignoredOwned":"已忽略（拥有）","tag_collection":"在收藏库中","tag_waitlist":"在观察列表中","wallet_customAmount":"充值自定义金额","wallet_customAmountText":"Any amount over __minamount__","wallet_customGiftcard":"选择 __input__ 自定义礼物卡","wsgf_incomplete":"未完成","wsgf_unsupported":"此游戏因为不支持 __type__ 而获得此评分，游戏可能无法在 __type__ 下游玩，或者图像会被拉伸来填充屏幕，无法维持正确的长宽比。","wsgf_gold":"此游戏的 __type__ 支持获得 WSGF 的完美评分，并且经过 __type__ 认证。","wsgf_silver":"此游戏的 __type__ 支持评分为 B 等，此类游戏并没有重大缺陷，但是至少有一个瑕疵让它无法获得完美评分。","wsgf_limited":"此游戏的 __type__ 支持评分为 C 等，此类游戏对 __type__ 有一定程度的支持，但是有严重的问题。","wsgf_certifications":"WSGF 宽屏认证","itad_enableSyncLibrary":"Enable library sync","itad_enableSyncWishlist":"Enable wishlist sync","itad_import":"定时导入：","itad_lastImport":"Last import","itad_from":"from ITAD","itad_to":"to ITAD","itad_syncNow":"立刻同步","itad_info_itadSteam":"将 Augmented Steam 连接至 IsThereAnyDeal，则 Augmented Steam 可以高亮显示并标记您的观察列表（Waitlist）与收藏库（Collection）中的游戏，即使您不在 Steam 上拥有它们。","itad_info_steamItad":"并且，您还可以将 Steam 库和/或愿望单中的游戏导入至 IsThereAnyDeal, 而且更准确（例如，准确处理 DLC 或缺失的游戏）。目前此功能只能添加项目，不能删除，所以无法完全替代 IsThereAnyDeal 内置的同步功能，仅仅是个补充。","tradeoffer_numItem":"__num__ 个物品","tradeoffer_numItems":"__num__ 个物品","tradeoffer_back":"返回交易报价","update_dontShow":"不要再显示","update_updated":"Augmented Steam 已更新至 __version__","update_changes":"View all changes on GitHub","register_success":"成功激活 __gamename__","register_owned":"该 Steam 帐户已拥有此订单中的产品。","register_notavail":"抱歉，该产品尚未在当前地区发售，您的产品代码未被兑换。","register_invalid":"您输入的产品代码无效，请检查输入是否有错误。","register_already":"您输入的产品代码已经被另一个 Steam 帐户激活。","register_dlc":"您输入的产品代码在激活之前需要先拥有另一个产品。","register_wallet":"您所输入的代码来自 Steam 礼物卡或 Steam 钱包充值码。","register_toomany":"此帐户近期尝试激活次数过多，请稍后重试。","register_default":"发生了一个意外错误。您的产品代码尚未被兑换。请在 30 分钟后重新尝试兑换该代码。","wl_label":"统计","wl_totalPrice":"当前价值","wl_inWishlist":"在愿望单中","wl_onSale":"特价中","wl_noPrice":"无价格","wl_hidden":"隐藏的 App","wl_hiddenTooltip":"被删除/下架的 App 不会显示在愿望单中。点击查看详情。","wl_removeTitle":"从愿望单中移除此物品？","wl_removeConfirm":"您确定要从愿望单中移除“App ID __appid__”吗？","wl_removeConfirmWarn":"它将无法被重新添加！","coll_totalTime":"总时长","coll_inCollection":"拥有","coll_played":"已玩过","coll_neverPlayed":"未玩过","userNote_add":"添加备注","userNote_update":"更新备注","userNote_addForGame":"__gamename__ 的备注","userNote_notEnoughSpace":"没有足够的空间存储备注","userNote_notEnoughSpaceDesc":"Augmented Steam 无法保存更多用户备注，因为您选择的存储方式不允许存储更多数据（已使用约 __perc__% 存储空间）。","userNote_closeOnStorage":"您的存储空间即将耗尽","userNote_closeOnStorageDesc":"根据您选择的存储方式，Augmented Steam 即将无法保存更多用户备注（已使用约 __perc__% 存储空间）。","userNote_storageWarningDesc":"您可以选择在本地数据库存储用户备注（无同步功能），或继续使用您的浏览器提供的存储方式（您必须删除一些旧备注才能添加新备注）。","userNote_saveSyncedStorage":"继续使用同步存储","userNote_saveLocal":"在本地存储备注","userNote_syncOption":"Sync notes automatically","userNote_syncInfo_1":"You can sync your notes between Augmented Steam and IsThereAnyDeal. If you enable automatic sync, notes will be periodically fetched from ITAD. Edits via Augmented Steam will be mirrored to ITAD immediately.","userNote_syncInfo_2":"You can also manually push or pull notes between Augmented Steam and IsThereAnyDeal. We advise you to do so before enabling automatic sync, to ensure the correct version of the note is used, in case you have different notes stored for the same game.","userNote_syncInfo_3":"You can see all your notes stored in the Notes and Tags section on IsThereAnyDeal.","userNote_syncButtonPush":"Push notes to\nIsThereAnyDeal","userNote_syncButtonPull":"Pull notes from\nIsThereAnyDeal","userNote_syncPulled":"__n__ note(s) were pulled from IsThereAnyDeal","userNote_syncPushed":"__n__ note(s) were pushed to IsThereAnyDeal","userNote_syncFailed":"__n__ note(s) failed to sync","userNote_syncError":"Your note failed to sync","userNote_syncErrorEmpty":"Note is empty","userNote_syncErrorUnknown":"ITAD does not know this game","userNote_syncErrorLength":"Note is too long (__length__, max: __max__)","queue_new":"开始新队列","queue_newTooltip":"从您的队列中移除此产品，并开始一个新队列。","workshop_workshop":"创意工坊","workshop_subscriptions":"订阅","workshop_subscribeAll":"全部订阅","workshop_subscribeConfirm":"您确定要订阅 __count__ 个符合条件的创意工坊物品吗？","workshop_subscribeLoading":"正在订阅 __i__/__count__ 个创意工坊物品，请稍候...","workshop_unsubscribeAll":"全部取消订阅","workshop_unsubscribeConfirm":"您确定要取消订阅 __count__ 个符合条件的创意工坊物品吗？","workshop_unsubscribeLoading":"正在取消订阅 __i__/__count__ 个创意工坊物品，请稍候...","workshop_finished":"已完成！__success__ 个成功，__fail__ 个失败。点击 OK 刷新页面。","workshop_failed":"__n__ 个失败","originalAuthors":"原版作者","acknowledgements":"致谢","countries_ad":"安道尔","countries_ae":"阿拉伯联合酋长国","countries_af":"阿富汗","countries_ag":"安提瓜和巴布达","countries_ai":"安圭拉","countries_al":"阿尔巴尼亚","countries_am":"亚美尼亚","countries_an":"荷属安的列斯群岛","countries_ao":"安哥拉","countries_ar":"阿根廷","countries_as":"美属萨摩亚","countries_at":"奥地利","countries_au":"澳大利亚","countries_aw":"阿鲁巴","countries_az":"阿塞拜疆","countries_ba":"波斯尼亚和黑塞哥维那","countries_bb":"巴巴多斯","countries_bd":"孟加拉国","countries_be":"比利时","countries_bf":"布基纳法索","countries_bg":"保加利亚","countries_bh":"巴林","countries_bi":"布隆迪","countries_bj":"贝宁","countries_bm":"百慕大","countries_bn":"文莱","countries_bo":"玻利维亚","countries_br":"巴西","countries_bs":"巴哈马","countries_bt":"不丹","countries_bv":"布韦岛","countries_bw":"博茨瓦纳","countries_by":"白俄罗斯","countries_bz":"伯利兹","countries_ca":"加拿大","countries_cd":"刚果-金","countries_cf":"中非共和国","countries_cg":"刚果-布","countries_ch":"瑞士","countries_ci":"科特迪瓦","countries_ck":"库克群岛","countries_cl":"智利","countries_cm":"喀麦隆","countries_cn":"中国","countries_co":"哥伦比亚","countries_cr":"哥斯达黎加","countries_cu":"古巴","countries_cv":"佛得角","countries_cy":"塞浦路斯","countries_cz":"捷克共和国","countries_de":"德国","countries_dj":"吉布提","countries_dk":"丹麦","countries_dm":"多米尼克","countries_do":"多米尼加共和国","countries_dz":"阿尔及利亚","countries_ec":"厄瓜多尔","countries_ee":"爱沙尼亚","countries_eg":"埃及","countries_eh":"西撒哈拉","countries_er":"厄立特里亚","countries_es":"西班牙","countries_et":"埃塞俄比亚","countries_fi":"芬兰","countries_fj":"斐济","countries_fk":"福克兰群岛","countries_fm":"密克罗尼西亚","countries_fo":"法罗群岛","countries_fr":"法国","countries_ga":"加蓬","countries_gb":"英国","countries_gd":"格林纳达","countries_ge":"格鲁吉亚","countries_gf":"法属圭亚那","countries_gg":"格恩西岛","countries_gh":"加纳","countries_gi":"直布罗陀","countries_gl":"格陵兰","countries_gm":"冈比亚","countries_gn":"几内亚","countries_gp":"瓜德罗普","countries_gq":"赤道几内亚","countries_gr":"希腊","countries_gs":"南乔治亚岛","countries_gt":"危地马拉","countries_gu":"关岛","countries_gw":"几内亚比绍","countries_gy":"圭亚那","countries_hk":"香港特别行政区","countries_hm":"赫德岛和麦克唐纳群岛","countries_hn":"洪都拉斯","countries_hr":"克罗地亚","countries_ht":"海地","countries_hu":"匈牙利","countries_id":"印度尼西亚","countries_ie":"爱尔兰","countries_il":"以色列","countries_im":"马恩岛","countries_in":"印度","countries_io":"英属印度洋领地","countries_iq":"伊拉克","countries_ir":"伊朗","countries_is":"冰岛","countries_it":"意大利","countries_je":"泽西岛","countries_jm":"牙买加","countries_jo":"约旦","countries_jp":"日本","countries_ke":"肯尼亚","countries_kg":"吉尔吉斯斯坦","countries_kh":"柬埔寨","countries_ki":"基里巴斯","countries_km":"科摩罗","countries_kn":"圣基茨和尼维斯","countries_kp":"朝鲜","countries_kr":"韩国","countries_kw":"科威特","countries_ky":"开曼群岛","countries_kz":"哈萨克斯坦","countries_la":"老挝","countries_lb":"黎巴嫩","countries_lc":"圣卢西亚","countries_li":"列支敦士登","countries_lk":"斯里兰卡","countries_lr":"利比里亚","countries_ls":"莱索托","countries_lt":"立陶宛","countries_lu":"卢森堡","countries_lv":"拉脱维亚","countries_ly":"利比亚","countries_ma":"摩洛哥","countries_mc":"摩纳哥","countries_md":"摩尔多瓦","countries_me":"黑山","countries_mg":"马达加斯加","countries_mh":"马绍尔群岛","countries_mk":"马其顿","countries_ml":"马里","countries_mm":"缅甸","countries_mn":"蒙古","countries_mo":"澳门特别行政区","countries_mp":"北马里亚纳群岛","countries_mq":"马提尼克","countries_mr":"毛里塔尼亚","countries_ms":"蒙特塞拉特","countries_mt":"马耳他","countries_mu":"毛里求斯","countries_mv":"马尔代夫","countries_mw":"马拉维","countries_mx":"墨西哥","countries_my":"马来西亚","countries_mz":"莫桑比克","countries_na":"纳米比亚","countries_nc":"新喀里多尼亚","countries_ne":"尼日尔","countries_nf":"诺福克岛","countries_ng":"尼日利亚","countries_ni":"尼加拉瓜","countries_nl":"荷兰","countries_no":"挪威","countries_np":"尼泊尔","countries_nr":"瑙鲁","countries_nu":"纽埃","countries_nz":"新西兰","countries_om":"阿曼","countries_pa":"巴拿马","countries_pe":"秘鲁","countries_pf":"法属波利尼西亚","countries_pg":"巴布亚新几内亚","countries_ph":"菲律宾","countries_pk":"巴基斯坦","countries_pl":"波兰","countries_pm":"圣皮埃尔和密克隆岛","countries_pn":"皮特凯恩群岛","countries_pr":"波多黎各","countries_ps":"巴勒斯坦领土","countries_pt":"葡萄牙","countries_pw":"帕劳","countries_py":"巴拉圭","countries_qa":"卡塔尔","countries_re":"留尼汪","countries_ro":"罗马尼亚","countries_rs":"塞尔维亚","countries_ru":"俄罗斯","countries_rw":"卢旺达","countries_sa":"沙特阿拉伯","countries_sb":"所罗门群岛","countries_sc":"塞舌尔","countries_sd":"苏丹","countries_se":"瑞典","countries_sg":"新加坡","countries_sh":"圣赫勒拿岛","countries_si":"斯洛文尼亚","countries_sk":"斯洛伐克","countries_sl":"塞拉利昂","countries_sm":"圣马力诺","countries_sn":"塞内加尔","countries_so":"索马里","countries_sr":"苏里南","countries_st":"圣多美和普林西比","countries_sv":"萨尔瓦多","countries_sy":"叙利亚","countries_sz":"斯威士兰","countries_tc":"特克斯和凯科斯群岛","countries_td":"乍得","countries_tf":"法国南部领土","countries_tg":"多哥","countries_th":"泰国","countries_tj":"塔吉克斯坦","countries_tk":"托克劳","countries_tl":"东帝汶","countries_tm":"土库曼斯坦","countries_tn":"突尼斯","countries_to":"汤加","countries_tr":"土耳其","countries_tt":"特立尼达和多巴哥","countries_tv":"图瓦卢","countries_tw":"台湾岛","countries_tz":"坦桑尼亚","countries_ua":"乌克兰","countries_ug":"乌干达","countries_um":"美国本土外小岛屿","countries_us":"美国","countries_uy":"乌拉圭","countries_uz":"乌兹别克斯坦","countries_va":"梵蒂冈","countries_vc":"圣文森特和格林纳丁斯","countries_ve":"委内瑞拉","countries_vg":"英属维尔京群岛","countries_vi":"美属维尔京群岛","countries_vn":"越南","countries_vu":"瓦努阿图","countries_wf":"瓦利斯和富图纳","countries_ws":"萨摩亚","countries_ye":"也门","countries_yt":"马约特","countries_za":"南非","countries_zm":"赞比亚","countries_zw":"津巴布韦"}}