{"stats":{"strings":812,"translated":547},"strings":{"deleteCommentPrompt":"你確定要刪除此留言？","downloadDemoHeader":"下載 __gamename__ 試玩版","deckCompat_header":"Steam Deck 相容性分級","deckCompat_unknown":"不明","deckCompat_unsupported":"不支援","deckCompat_playable":"可遊玩","deckCompat_verified":"已驗證","featureHint_desc":"你想啟用以下的功能嗎？","featureHint_reminder":"你之後可以前往設定頁面變更偏好設定。","thewordyes":"是","thewordno":"否","theworderror":"錯誤","noData":"無資料","toomanyrequests":"請求過多","showComments":"顯示留言","hideComments":"隱藏留言","thewordunknown":"未知","calcWorkshopSize_fileSize":"檔案大小 __size__","calcWorkshopSize_calcSize":"計算總大小","calcWorkshopSize_calcLoading":"正在計算 __i__/__count__ 個工作坊項目，請稍候...","calcWorkshopSize_calcFinished":"完成！成功計算 __success__/__total__ 個項目。","calcWorkshopSize_totalSize":"總大小：__size__","cart":"購物車","inCart":"於購物車中","steamidOfUser":"__user__ 的 SteamID","copied":"已複製到剪貼簿！","viewSteamid":"檢視 SteamID","moreOnSteampeek":"前往 SteamPeek 查看更多","date":"日期","rating":"評價","helpful":"值得參考","funny":"搞笑","length":"長度","visibility":"隱私設定","processing":"處理中…","wait":"請稍候","inviteFriends":"邀請好友","inviteToGroup":"邀請至群組","inverse":"反選","transactionStatus":"__failed__ 個請求發送失敗。已取得 __size__ / __total__ 筆交易。","customTags":"自訂標籤","addTag":"新增標籤","enterTag":"輸入你想新增的自訂標籤","status":"狀態：","connect":"連線","connected":"已連線","disconnect":"中斷連線","disconnected":"未連線","oneclickgoo":"一鍵轉換成寶石…","viewInLibrary":"在收藏庫中檢視","support":"客服","email":"電子信箱","contact":"聯絡方式","favEmoticonsDragging":"拖曳表情符號至此以將其加入最愛","favEmoticonsNoAccess":"你無法存取這個表情符號","postHistory":"檢視發佈歷史","addNickname":"新增暱稱","totalSize":"總共大小","dlcDetails":"DLC 資訊","badgeNotUnlocked":"尚未解鎖","badgeLevel":"等級 __level__","each":"每份","viewInMarket":"前往社群市集查看行情","remove":"移除","getHelp":"取得協助","addSelectedDlcToCart":"將所選 DLC 加入購物車","close":"關閉","error":"發生錯誤","go":"前往","activate":"啟用產品","activateMultipleHeader":"在下方輸入產品序號，每行一個","activateMultiple":"啟用多個產品","activateProducts":"啟用產品","couponApplicationNote":"結帳時將自動抵用你的物品庫中的一張優惠券。","hide":"隱藏","filters":"Augmented Steam 篩選選項","cardsOwned":"已擁有 __possible__ 張卡片中的 __owned__ 張","libraryMenu":"收藏庫","clearCache":"清除快取資料","translation":"翻譯","helpTranslate":"於 POEditor 幫助我們翻譯 Augmented Steam","lowest":"最低","lowestPrice":"目前最低價格：","viewBadgeProgress":"檢視徽章進度","badgeProgress":"徽章進度","salesTotal":"銷售總額：","viewNormalBadge":"檢視普通徽章進度","apppageSections":"選擇你想在此頁面中顯示的區塊","website":"網站","games":"遊戲","badgeCompletionCost":"完成徽章需花費：__cost__","loading":"載入中…","selling":"販賣中…","quickSell":"以 __amount__ 快速販賣","quickSellDesc":"與目前 Steam 社群市集中價格最低的販售單相差 __modifier__","instantSell":"以 __amount__ 即時販賣","instantSellDesc":"與目前 Steam 社群市集中價格最高的訂購單相同","quickSellVerify":"需要 Steam Guard 確認","startingAt":"起跳價格：__price__","homepageTabs":"首頁分頁","store":"商店","viewInStore":"在商店中檢視","communityHub":"社群中心","viewOnWebsite":"__website__ 連結","drmThirdParty":"警告：這款遊戲使用第三方 DRM __drmlist__。","hoursShort":"__hours__ 小時","spamCommentShow":"此頁面有 __num__ 則垃圾留言已被隱藏。按此顯示。","addToWishlist":"新增至你的願望清單","addFullgameToWishlist":"Add full game to your wishlist","addToWaitlist":"新增至你的 Waitlist","addFullgameToWaitlist":"Add full game to your Waitlist","removeFromWaitlistTooltip":"從你的 Waitlist 中移除","removeFullgameFromWaitlistTooltip":"Remove full game from your Waitlist","removeFromWishlistAndWaitlistTooltip":"從你的願望清單和 Waitlist 中移除","removeFullgameFromWishlistAndWaitlistTooltip":"Remove full game from both your wishlist and Waitlist","language":"語言","theworddefault":"預設","thewordclear":"清除","couponLearnMore_linkText":"了解更多","couponLearnMore_fullText":"__linkdesc__關於 Steam 優惠券的資訊","show":"顯示","showAll":"顯示全部","badgesAll":"所有徽章","esSupporter":"Enhanced Steam 支持者","community":"社群","ownedCollection":"__gametitle__ is already in your IsThereAnyDeal Collection","viewBadge":"檢視徽章","purchaseTotal":"購買總額：","viewFoilBadge":"檢視閃亮徽章進度","viewAstats":"檢視 AStats 頁面","contribute":"貢獻（GitHub）","reviews":"評論","readReviews":"閱讀評論","readMoreReviews":"閱讀更多評論於","youtubeGameplay":"YouTube 遊玩影片","youtubeReviews":"YouTube 評論","packageInfo":"套件資訊","badgeCompletionAvg":"完成徽章平均需花費：__cost__","volumeSoldLast_24":"數量：最近 24 小時內賣出了 __sold__ 個","soldLast_24":"最近 24 小時內賣出了 __sold__ 個","homepageCurators":"Steam 鑑賞家推薦項目","homepageTopnewreleases":"Steam 熱門新品","homepageSidebar":"側欄","dropCalc":"按此計算剩餘的卡片掉落數","price":"價格","marketTransactions":"市集交易","loadMarketStats":"載入市集統計資料","cardDropsRemaining":"還有 __drops__ 張卡片未掉落","badgesDrops":"仍可獲得卡片的徽章","usingLanguageReturn":"按此改以 __base__ 瀏覽 Steam。","guides":"指南","highlight":"高亮顯示","save":"儲存","view":"檢視","gameName":"遊戲名稱","notinterested":"標記為已忽略的項目","ignoredOwned":"因在其他平台玩過而標記為已忽略的項目","searchFilters_reviewsScore_between":"評論分數介於 __lower__% 和 __upper__%","searchFilters_reviewsScore_any":"評論分數不拘","searchFilters_reviewsScore_upTo":"評論分數最高 __score__%","searchFilters_reviewsScore_from":"評論分數最低 __score__%","searchFilters_reviewsCount_count":"評論數：","searchFilters_reviewsCount_minCount":"最低評論數","searchFilters_reviewsCount_maxCount":"最高評論數","searchFilters_discountPercent_count":"折數：","searchFilters_discountPercent_minCount":"最低 %","searchFilters_discountPercent_maxCount":"最高 %","searchFilters_hideCart":"隱藏購物車中的項目","searchFilters_hideEa":"隱藏搶先體驗項目","searchFilters_hideMixed":"隱藏褒貶不一的項目","searchFilters_hideNegative":"隱藏負評的項目","news":"最新消息","viewinclient":"在用戶端中檢視","customBackground":"自訂背景","customStyle":"自訂主題","customStyleHelp":"所有 Augmented Steam 的使用者都會在個人檔案中看到這個主題，而非 Augmented Steam 的使用者則不會看到任何主題變化。","noneselected":"未選擇/不修改","mostDrops":"最多掉落","netGain":"淨收益：","apppageRecentupdates":"近期活動和公告","apppageEaheader":"搶先體驗資訊區塊","apppageEabanner":"搶先體驗討論區橫幅","apppageWorkshop":"Steam 工作坊橫幅","apppageGreenlight":"Steam Greenlight 橫幅","apppageLegal":"法律資訊","apppageFranchise":"系列作","apppageMorefromfranchise":"更多來自系列作的相關產品","bugFeature":"回報問題/建議新功能","always":"總是","ratingDetails":"檢視評分詳情","dropsWorthAvg":"大約值","familySharingNotice_notice":"通知：","familySharingNotice_desc":"此遊戲無法使用 Steam 的親友同享功能。","visitStore":"造訪商店頁面","all":"全部","externalFunds":"外部資金消費紀錄","shoppingCartHistory":"檢視購物車歷史紀錄","manageWebapiKey":"管理我的 Steam Web API 金鑰","steamCloudHeader":"Steam 雲端","steamCloudSaves":"檢視雲端存檔","gamesWithDrops":"__dropsgames__ 款遊戲還有剩餘的卡片掉落數","binderView":"簡潔","usingLanguage":"你正在以 __current__ 瀏覽 Steam。","loginWarning":"請務必登入 __link__ 以使用 Augmented Steam 的完整功能。","visitTradeForum":"造訪交易討論區","purchaseDate":"（購買於 __date__）","customBackgroundHelp":"所有 Augmented Steam 的使用者都會在個人檔案中看到這個背景，而非 Augmented Steam 的使用者則會看到一般背景。","dateUnlocked":"解鎖日期","netSpent":"淨消費：","buy":"購買","buyPackage":"購買 __package__","moreInformation":"更多資訊","regionUnavailable":"無法在此區域購買","avgPrice_3cards":"三張交換卡片的平均價格：__price__","groups_leaveGroupsConfirm":"你確定要離開所選的 __n__ 個群組嗎？","groups_manageGroups":"管理群組","groups_actionGroups":"請從下方選擇你欲採取行動的群組。","groups_select":"選擇：","groups_leave":"離開","groups_selected":"已選擇 __n__ 個。","groups_leaveAdminConfirm_currentlyAdmin":"你目前是 __name__ 的管理員。","groups_leaveAdminConfirm_wantToLeave":"你確定要離開這個群組嗎？","export_wishlist":"匯出願望清單","export_type":"匯出類型","export_format":"文字格式","export_text":"純文字","export_download":"下載","export_copyClipboard":"複製到剪貼簿","none":"無","emptyWishlist_title":"清空願望清單","emptyWishlist_confirm":"你確定要清空願望清單嗎？此動作無法復原！","emptyWishlist_removing":"正在移除第 __cur__ / __total__ 款應用程式…","about":"關於","never":"永不","couponAvailable":"你有可用的優惠券！","launchRandom":"啟動隨機遊戲","playGame":"要玩 __gamename__ 嗎？","dropsValue":"掉落卡片最高價值","cardsRemain":"差最少卡片數可集齊一套","wishlist":"願望清單","onWishlist":"於願望清單內","onWaitlist":"在 Waitlist 中","onWishlistAndWaitlist":"於願望清單和 Waitlist 內","cancel":"取消","wikiArticle":"檢視 __pcgw__ 上的文章","viewAll":"檢視全部","gamesWithBooster":"__boostergames__ 款遊戲符合獲得擴充包的資格","sortBy":"排序依據：","playtime":"遊戲時數","awards":"社群獎勵","year":"年","lastonline":"最後上線時間","members":"成員數","name":"名稱","drmThirdPartySub":"警告：此套件中有一款以上的遊戲使用第三方 DRM __drmlist__。","customize":"自訂","bundleSavingText":"購買此組合包你將省下","thewordoptions":"選項","discussions":"討論區","pricing_lowestPrice":"目前最佳：","pricing_historicalLow":"歷史最低：","pricing_bundled":"在組包中：","pricing_withVoucher":"抵用優惠券代碼 __voucher__ 後","pricing_store":"於 __store__","pricing_bundleCount":"__count__ 次","webBrowserChat":"使用瀏覽器聊天","steamClientChat":"使用 Steam 用戶端聊天","equipOnProfile":"套用至個人檔案","previewBackground":"預覽背景","expandSlider":"展開","contractSlider":"收起","earlyAccess":"搶先體驗","tagShort":"使用簡化標記以節省空間","noPriceData":"無可用的價格資料","userScore":"使用者評分","marketPopularItemsToggle":"啟用 / 停止即時更新熱門物品","showProgressbar":"顯示 Augmented Steam 的進度條和狀態列","achievements_option":"顯示成就完成度條","achievements_summary":"已達成 __unlocked__ / __total__（__percentage__%）項成就：","bundle_offerEnds":"截止時間","bundle_includes":"包含 __num__ 個項目","bundle_tierIncludes":"__tier__（__price__）包含 __num__ 個項目","bundle_tier":"第 __num__ 階","bundle_header":"包含此遊戲的組包","bundle_info":"組包資訊","charts_peakall":"歷史高峰","charts_current":"目前玩家數量","charts_playingNow":"正在遊玩","charts_peaktoday":"今日高峰","hltb_title":"通關時數","hltb_mainE":"主線故事加支線","hltb_compl":"完美主義者","hltb_main":"主線故事","options_friendsAndGroups":"Friends and Groups","options_friendsAppendNickname":"Append nicknames to friends' names","options_settingsMngmt_import":"匯入","options_settingsMngmt_importSuccess":"成功匯入設定","options_settingsMngmt_importFail":"匯入設定失敗","options_settingsMngmt_export":"匯出","options_settingsMngmt_reset":"重設","options_showCustomThemes":"顯示自訂主題","options_communityDefaultTab":"預設社群中心分頁","options_videos":"影片","options_broadcasts":"實況直播","options_artwork":"藝術作品","options_screenshots":"螢幕擷圖","options_showBacktotop":"在較長的頁面中顯示回到頂端按鈕","options_contextMenu":"右鍵選單","options_contextSteamStore":"透過 Steam 商店搜尋 '__query__'","options_contextSteamMarket":"透過 Steam 市集搜尋 '__query__'","options_contextItad":"透過 IsThereAnyDeal 搜尋 '__query__'","options_contextBartervg":"透過 Barter.vg 搜尋 '__query__'","options_contextSteamdb":"透過 SteamDB 搜尋 '__query__'","options_contextSteamdbInstant":"透過 SteamDB 快速搜尋 '__query__'","options_contextSteamKeys":"啟用選取範圍中的 Steam 產品序號","options_wsgf":"顯示 WSGF（寬螢幕支援）資訊","options_versionShow":"在 Augmented Steam 更新時顯示更新日誌","options_steamcardexchange":"在徽章頁面中顯示 SteamCardExchange 連結","options_regionalPrice":"區域價格比較","options_excludef2p":"不高亮顯示免費遊戲","options_profileLinkImagesNone":"無","options_profileLinks":"第三方網站連結相關選項","options_tag":"文字標記","options_icon":"圖示","options_name":"名稱","options_showAlternativeLinuxIcon":"顯示另類 Linux 圖示","options_replacecommunityhublinks":"以商店連結取代社群中心連結","options_hideannouncementcomments":"預設隱藏所有群組公告下的留言","options_hidetmsymbols":"隱藏遊戲名稱中的商標與智財權符號","options_metacritic":"顯示 Metacritic 使用者評分","options_opencritic":"顯示來自 Opencritic.com 的評論與評價","options_hideactivelistings":"預設隱藏市集首頁的所有上架物品清單","options_showlowestmarketprice":"顯示你的上架物品的市集最低價格","options_clear":"你確定要重設所有選項嗎？此動作無法復原。","options_coupon":"擁有優惠券的項目","options_showPackageInfo":"在所有的套件旁顯示「套件資訊」按鈕","options_wlbuttoncommunityapp":"在社群中心顯示「新增至願望清單」按鈕","options_removeguideslanguagefilter":"不自動依據使用者語言篩選指南","options_confirmdeletecomment":"刪除留言前顯示確認訊息","options_disablelinkfilter":"停用造訪外部網站時的確認訊息","options_regionalPriceOn":"顯示區域價格比較","options_horizontalscrolling":"啟用滑鼠滾輪水平捲動","options_supportinfo":"顯示客服資訊","options_drm":"顯示第三方 DRM 警告","options_profileLinkImages":"個人檔案和群組連結圖示樣式","options_show1clickgoo":"將物品轉換成寶石時跳過確認訊息","options_hltb":"顯示 HowLongToBeat.com 資訊","options_hidespamcomments":"隱藏工作坊和個人檔案上的垃圾留言","options_gift":"擁有禮物副本的項目","options_regionalPriceMouse":"當游標移到價格上時","options_lowestpriceHeader":"價格歷史資訊","options_storesAll":"與所有商店比較","options_viewInCurrency":"以此貨幣標價：","options_showEarlyAccess":"顯示搶先體驗圖片橫幅","options_profileLinkImagesGray":"灰階","options_quickinv":"在 Steam 社群物品上顯示快速販賣按鈕","options_quickinvDiff":"快速販賣修正值：","options_sendAgeInfo":"自動送出年齡認證並跳過成人內容警告","options_showdeckcompat":"顯示 Steam Deck 相容性分級於功能清單中（且在無此資料時向 Steam 發送額外的請求）","options_removebroadcasts":"移除任何進行中的實況直播","options_exfgls":"若應用程式無法透過親友同享功能分享顯示提示訊息","options_mp4video":"強制以 MP4 格式播放影片","options_youtube":"顯示 YouTube 連結","options_twitch":"顯示 Twitch 連結","options_pcgw":"顯示 PCGamingWiki 連結","options_completionistme":"顯示 Completionist.me 連結","options_protondb":"顯示 ProtonDB 連結","options_storeSteamcards":"顯示 SteamCardExchange 連結","options_spamcommentregex":"正則表達式字串：","options_regionalHideworld":"隱藏地球小圖示","options_showAstatslink":"顯示 AStats 連結","options_showYoutubegameplay":"顯示 YouTube 遊玩影片","options_showYoutubereviews":"顯示 YouTube 評論影片","options_openinnewtab":"在新分頁打開外部連結","options_showbartervg":"顯示 Barter.vg 連結","options_guest":"擁有招待券的項目","options_collection":"在你的 ITAD Collection 中的項目","options_waitlist":"在你的 ITAD Waitlist 中的項目","options_showPlayersInfo":"顯示玩家數資訊","options_showallstats":"在「所有遊戲」頁面中顯示遊玩時數統計資料","options_lowestpriceOnwishlist":"在滑鼠游標移至願望清單項目上時顯示","options_steamrepapi":"顯示 SteamRep 狀態","options_profileSteamid":"在個人檔案中顯示檢視 SteamID 的連結","options_profilePinnedBg":"捲動時固定個人檔案背景","options_lowestprice":"在應用程式頁面中顯示","options_owned":"已擁有的項目","options_itadlinks":"顯示 IsThereAnyDeal 連結","options_steamdb":"顯示 SteamDB 連結","options_profileLinkImagesColor":"彩色","options_showViewInLibrary":"顯示「在收藏庫中檢視」按鈕","options_installSteamButton":"「安裝 Steam」按鈕","options_replaceViewClient":"替換為「在用戶端中檢視」","options_showEmptyWishlist":"顯示「清空願望清單」按鈕","options_showWishlistStats":"顯示願望清單統計資料","options_oneclickremovewl":"移除項目時跳過確認訊息","options_userNotes_userNotes":"便箋","options_userNotes_app":"於應用程式頁面","options_userNotes_wishlist":"於我的願望清單","options_userNotes_loc":"儲存位置","options_userNotes_syncedStorage":"可同步的本地儲存空間","options_userNotes_local":"本地資料庫","options_inventoryNavText":"在物品庫頁面中顯示進階導覽功能","options_marketTotal":"在市集首頁中自動載入交易摘要","options_lowestpriceCoupon":"在比較價格時包含優惠券代碼","options_general":"一般","options_apppage":"應用程式頁面","options_market":"市集","options_inventory":"物品庫","options_profile":"個人檔案","options_group":"群組","options_friendActivity":"好友動態","options_groupLinks":"第三方網站連結相關選項","options_showLanguagewarning":"顯示語言警告除非瀏覽語言是","options_homepage":"首頁","options_homepageDefaultTab":"預設首頁分頁","options_homepageDefaultTabRemember":"記住先前選擇","options_homepageDefaultTabNewreleases":"新品與話題商品","options_homepageDefaultTabTopsellers":"暢銷商品","options_homepageDefaultTabUpcoming":"熱門即將發行","options_homepageDefaultTabSpecials":"特惠","options_wishlist":"已加入願望清單的項目","options_addAnotherRegion":"新增","options_skipGotSteam":"跳過「安裝 Steam 了嗎？」視窗","options_storeGeneralThirdparty":"第三方網站的資訊選項","options_purchaseDates":"顯示購買日期","options_showBadgeProgress":"顯示徽章進度","options_showCoupon":"顯示可用的 Steam 優惠券","options_showWishlistLink":"在個人檔案的右側欄位中顯示願望清單連結","options_showWishlistCount":"顯示願望清單總數","options_profileShowcaseTwitch":"如果有連結，顯示 Twitch.tv 展示欄","options_profileShowcaseOwnTwitch":"…包括你自己的個人檔案","options_profileShowcaseTwitchProfileonly":"…僅當連結位於個人檔案摘要中時","options_lang_english":"英文","options_lang_brazilian":"葡萄牙文-巴西","options_lang_bulgarian":"保加利亞文","options_lang_czech":"捷克文","options_lang_danish":"丹麥文","options_lang_dutch":"荷蘭文","options_lang_finnish":"芬蘭文","options_lang_french":"法文","options_lang_greek":"希臘文","options_lang_german":"德文","options_lang_hungarian":"匈牙利文","options_lang_italian":"義大利文","options_lang_japanese":"日文","options_lang_koreana":"韓文","options_lang_norwegian":"挪威文","options_lang_polish":"波蘭文","options_lang_portuguese":"葡萄牙文","options_lang_russian":"俄文","options_lang_romanian":"羅馬尼亞文","options_lang_schinese":"簡體中文","options_lang_spanish":"西班牙文","options_lang_latam":"拉丁美洲西班牙文","options_lang_swedish":"瑞典文","options_lang_tchinese":"繁體中文","options_lang_thai":"泰文","options_lang_turkish":"土耳其文","options_lang_ukrainian":"烏克蘭文","options_lang_vietnamese":"越南文","options_addCustomLink":"新增自訂連結","options_autoDetect":"自動偵測","options_addToWaitlist":"在應用程式頁面中顯示「新增至 Waitlist」選單","options_collectionBannerNotOwned":"Only show In Collection banner when I don't own the game on Steam","options_maintainers":"專案維護者","options_withHelpOf":"以及許多__contributors__","options_contributors":"熱心付出的貢獻者","options_aboutDesc":"Augmented Steam 是 Enhanced Steam 的分支版本。","options_aboutDescLinks":"歡迎造訪我們的__website__或 __discord__ 了解更多。","options_footerFork":"IsThereAnyDeal 開發的分支版本","options_footerAuthor":"原作者：jshackles","ready_loading":"Augmented Steam 資料載入中…","ready_ready":"Augmented Steam 就緒","ready_failed":"__amount__ 個請求發送失敗，請打開瀏覽器開發者控制台以了解詳情","ready_serverOutage":"Augmented Steam 伺服器目前過載","twitch_nowStreaming":"__username__ 正在 Twitch 上直播","twitch_viewers":"觀眾","dlcSelect_wishlistedDlc":"選取願望清單中的 DLC","dlcSelect_none":"取消選取","dlcSelect_unownedDlc":"選取尚未擁有的 DLC","tag_wishlist":"願望清單","tag_coupon":"優惠券","tag_invGift":"禮物","tag_invGuestpass":"招待券","tag_owned":"已擁有","tag_notinterested":"已忽略","tag_ignoredOwned":"已忽略 (在其他平台玩過)","tag_collection":"已加入 Collection","tag_waitlist":"已加入 Waitlist","wallet_customAmount":"新增自訂金額","wallet_customAmountText":"大於 __minamount__ 的任意金額","wallet_customGiftcard":"選擇 __input__ 自訂禮物卡","wsgf_incomplete":"不完全","wsgf_unsupported":"此遊戲因為不支援 __type__ 而獲得此評分，遊戲可能無法在 __type__ 下遊玩，或畫面會被延展來填滿螢幕，無法維持正確的長寬比。","wsgf_gold":"此遊戲的 __type__ 支援獲得 WSGF 的完美評分，並且經過 __type__ 認證。","wsgf_silver":"此遊戲的 __type__ 支援獲得 B 級評分，遊戲並沒有重大缺陷，但是至少有一個瑕疵讓其無法拿到完美評分。","wsgf_limited":"此遊戲的 __type__ 支援獲得 C 級評分，遊戲有一定程度的 __type__ 支援，但是有嚴重的問題。","wsgf_certifications":"WSGF 寬螢幕認證","itad_enableSyncLibrary":"Enable library sync","itad_enableSyncWishlist":"Enable wishlist sync","itad_import":"定期匯入：","itad_lastImport":"Last import","itad_from":"from ITAD","itad_to":"to ITAD","itad_syncNow":"立即同步","itad_info_itadSteam":"將 Augmented Steam 與 IsThereAnyDeal 連結後，你便能替 Waitlist 和 Collection 中的遊戲套用 Augmented Steam 的高亮顯示和文字標記設定，無論你是否擁有 Steam 版。","itad_info_steamItad":"除此之外，你將能匯入 Steam 收藏庫和願望清單中的遊戲到 IsThereAnyDeal 以改善準確度（如 DLC 或未上架的遊戲）。目前僅能新增產品，無法移除，所以此為 IsThereAnyDeal 的內建同步功能的附加工具，尚無法完全取代。","tradeoffer_numItem":"__num__ 個物品","tradeoffer_numItems":"__num__ 個物品","tradeoffer_back":"返回交易提案","update_dontShow":"不要再顯示","update_updated":"Augmented Steam 已更新至 __version__","update_changes":"前往 GitHub 檢視所有變更","register_success":"成功啟用 __gamename__","register_owned":"此 Steam 帳戶已擁有此序號包含的一項或多項產品。","register_notavail":"抱歉，你所在的地區無法購買此產品。你的產品序號尚未兌換。","register_invalid":"你輸入的產品序號無效。請檢查是否輸入錯誤。","register_already":"你輸入的產品序號已經被其他 Steam 帳戶啟用。","register_dlc":"你輸入的產品序號在啟用之前需先擁有另一項產品。","register_wallet":"你輸入的序號是 Steam 禮物卡或 Steam 錢包儲值碼的序號。","register_toomany":"此帳戶最近的啟用嘗試次數過於頻繁。請稍後再試。","register_default":"發生意外錯誤。你的產品序號尚未兌換。請等待 30 分鐘再試一次。","wl_label":"統計資料","wl_totalPrice":"目前總價值","wl_inWishlist":"在願望清單中","wl_onSale":"特價中","wl_noPrice":"未標價","wl_hidden":"隱藏項目","wl_hiddenTooltip":"未顯示於願望清單中的已停售或已下架的項目。點擊以查看完整清單。","wl_removeTitle":"從你的願望清單移除此項目？","wl_removeConfirm":"你確定要將「appid __appid__」從願望清單移除嗎？","wl_removeConfirmWarn":"移除後就無法加回來了！","coll_totalTime":"總時數","coll_inCollection":"在收藏庫中","coll_played":"已玩過","coll_neverPlayed":"未玩過","userNote_add":"新增便箋","userNote_update":"更新便箋","userNote_addForGame":"__gamename__ 的便箋","userNote_notEnoughSpace":"儲存空間不足","userNote_notEnoughSpaceDesc":"Augmented Steam 無法儲存更多便箋了，因為你目前選用的儲存方式無法容納更多資料（正嘗試使用 __perc__% 的儲存空間）。","userNote_closeOnStorage":"儲存空間即將用盡","userNote_closeOnStorageDesc":"你目前選用的儲存方式即將無法儲存更多便箋了（已使用 __perc__% 的儲存空間）。","userNote_storageWarningDesc":"你可以選擇將便箋儲存於本地資料庫（無法同步）或繼續使用瀏覽器提供的儲存空間（需先刪除一些舊便箋才能加入新的）。","userNote_saveSyncedStorage":"繼續使用可同步的儲存空間","userNote_saveLocal":"於本地端儲存便箋","userNote_syncOption":"Sync notes automatically","userNote_syncInfo_1":"You can sync your notes between Augmented Steam and IsThereAnyDeal. If you enable automatic sync, notes will be periodically fetched from ITAD. Edits via Augmented Steam will be mirrored to ITAD immediately.","userNote_syncInfo_2":"You can also manually push or pull notes between Augmented Steam and IsThereAnyDeal. We advise you to do so before enabling automatic sync, to ensure the correct version of the note is used, in case you have different notes stored for the same game.","userNote_syncInfo_3":"You can see all your notes stored in the Notes and Tags section on IsThereAnyDeal.","userNote_syncButtonPush":"Push notes to\nIsThereAnyDeal","userNote_syncButtonPull":"Pull notes from\nIsThereAnyDeal","userNote_syncPulled":"__n__ note(s) were pulled from IsThereAnyDeal","userNote_syncPushed":"__n__ note(s) were pushed to IsThereAnyDeal","userNote_syncFailed":"__n__ note(s) failed to sync","userNote_syncError":"Your note failed to sync","userNote_syncErrorEmpty":"Note is empty","userNote_syncErrorUnknown":"ITAD does not know this game","userNote_syncErrorLength":"Note is too long (__length__, max: __max__)","queue_new":"開始新佇列","queue_newTooltip":"將此產品從你的佇列中移除，並開始新佇列","workshop_workshop":"工作坊","workshop_subscriptions":"訂閱項目","workshop_subscribeAll":"訂閱全部","workshop_subscribeConfirm":"你確定要套用這些篩選條件訂閱全部 __count__ 個工作坊物品？","workshop_subscribeLoading":"正在訂閱第 __i__ / __count__ 個工作坊物品，請稍候…","workshop_unsubscribeAll":"取消訂閱全部","workshop_unsubscribeConfirm":"你確定要套用這些篩選條件取消訂閱全部 __count__ 個工作坊物品？","workshop_unsubscribeLoading":"正在取消訂閱第 __i__ / __count__ 個工作坊物品，請稍候…","workshop_finished":"完成！__success__ 個操作成功，__fail__ 個操作失敗。點擊確定以重新整理頁面。","workshop_failed":"__n__ 個操作失敗。","originalAuthors":"原版作者","acknowledgements":"致謝","countries_ad":"Andorra","countries_ae":"United Arab Emirates","countries_af":"Afghanistan","countries_ag":"Antigua and Barbuda","countries_ai":"Anguilla","countries_al":"Albania","countries_am":"Armenia","countries_an":"Netherlands Antilles","countries_ao":"Angola","countries_ar":"Argentina","countries_as":"American Samoa","countries_at":"Austria","countries_au":"Australia","countries_aw":"Aruba","countries_az":"Azerbaijan","countries_ba":"Bosnia and Herzegovina","countries_bb":"Barbados","countries_bd":"Bangladesh","countries_be":"Belgium","countries_bf":"Burkina Faso","countries_bg":"Bulgaria","countries_bh":"Bahrain","countries_bi":"Burundi","countries_bj":"Benin","countries_bm":"Bermuda","countries_bn":"Brunei","countries_bo":"Bolivia","countries_br":"Brazil","countries_bs":"Bahamas","countries_bt":"Bhutan","countries_bv":"Bouvet Island","countries_bw":"Botswana","countries_by":"Belarus","countries_bz":"Belize","countries_ca":"Canada","countries_cd":"Congo - Kinshasa","countries_cf":"Central African Republic","countries_cg":"Congo - Brazzaville","countries_ch":"Switzerland","countries_ci":"Côte d’Ivoire","countries_ck":"Cook Islands","countries_cl":"Chile","countries_cm":"Cameroon","countries_cn":"China","countries_co":"Colombia","countries_cr":"Costa Rica","countries_cu":"Cuba","countries_cv":"Cape Verde","countries_cy":"Cyprus","countries_cz":"Czech Republic","countries_de":"Germany","countries_dj":"Djibouti","countries_dk":"Denmark","countries_dm":"Dominica","countries_do":"Dominican Republic","countries_dz":"Algeria","countries_ec":"Ecuador","countries_ee":"Estonia","countries_eg":"Egypt","countries_eh":"Western Sahara","countries_er":"Eritrea","countries_es":"Spain","countries_et":"Ethiopia","countries_fi":"Finland","countries_fj":"Fiji","countries_fk":"Falkland Islands","countries_fm":"Micronesia","countries_fo":"Faroe Islands","countries_fr":"France","countries_ga":"Gabon","countries_gb":"United Kingdom","countries_gd":"Grenada","countries_ge":"Georgia","countries_gf":"French Guiana","countries_gg":"Guernsey","countries_gh":"Ghana","countries_gi":"Gibraltar","countries_gl":"Greenland","countries_gm":"Gambia","countries_gn":"Guinea","countries_gp":"Guadeloupe","countries_gq":"Equatorial Guinea","countries_gr":"Greece","countries_gs":"South Georgia","countries_gt":"Guatemala","countries_gu":"Guam","countries_gw":"Guinea-Bissau","countries_gy":"Guyana","countries_hk":"Hong Kong SAR China","countries_hm":"Heard Island and McDonald Islands","countries_hn":"Honduras","countries_hr":"Croatia","countries_ht":"Haiti","countries_hu":"Hungary","countries_id":"Indonesia","countries_ie":"Ireland","countries_il":"Israel","countries_im":"Isle of Man","countries_in":"India","countries_io":"British Indian Ocean Territory","countries_iq":"Iraq","countries_ir":"Iran","countries_is":"Iceland","countries_it":"Italy","countries_je":"Jersey","countries_jm":"Jamaica","countries_jo":"Jordan","countries_jp":"Japan","countries_ke":"Kenya","countries_kg":"Kyrgyzstan","countries_kh":"Cambodia","countries_ki":"Kiribati","countries_km":"Comoros","countries_kn":"Saint Kitts and Nevis","countries_kp":"North Korea","countries_kr":"South Korea","countries_kw":"Kuwait","countries_ky":"Cayman Islands","countries_kz":"Kazakhstan","countries_la":"Laos","countries_lb":"Lebanon","countries_lc":"Saint Lucia","countries_li":"Liechtenstein","countries_lk":"Sri Lanka","countries_lr":"Liberia","countries_ls":"Lesotho","countries_lt":"Lithuania","countries_lu":"Luxembourg","countries_lv":"Latvia","countries_ly":"Libya","countries_ma":"Morocco","countries_mc":"Monaco","countries_md":"Moldova","countries_me":"Montenegro","countries_mg":"Madagascar","countries_mh":"Marshall Islands","countries_mk":"Macedonia","countries_ml":"Mali","countries_mm":"Myanmar [Burma]","countries_mn":"Mongolia","countries_mo":"Macau SAR China","countries_mp":"Northern Mariana Islands","countries_mq":"Martinique","countries_mr":"Mauritania","countries_ms":"Montserrat","countries_mt":"Malta","countries_mu":"Mauritius","countries_mv":"Maldives","countries_mw":"Malawi","countries_mx":"Mexico","countries_my":"Malaysia","countries_mz":"Mozambique","countries_na":"Namibia","countries_nc":"New Caledonia","countries_ne":"Niger","countries_nf":"Norfolk Island","countries_ng":"Nigeria","countries_ni":"Nicaragua","countries_nl":"Netherlands","countries_no":"Norway","countries_np":"Nepal","countries_nr":"Nauru","countries_nu":"Niue","countries_nz":"New Zealand","countries_om":"Oman","countries_pa":"Panama","countries_pe":"Peru","countries_pf":"French Polynesia","countries_pg":"Papua New Guinea","countries_ph":"Philippines","countries_pk":"Pakistan","countries_pl":"Poland","countries_pm":"Saint Pierre and Miquelon","countries_pn":"Pitcairn Islands","countries_pr":"Puerto Rico","countries_ps":"Palestinian Territories","countries_pt":"Portugal","countries_pw":"Palau","countries_py":"Paraguay","countries_qa":"Qatar","countries_re":"Réunion","countries_ro":"Romania","countries_rs":"Serbia","countries_ru":"Russia","countries_rw":"Rwanda","countries_sa":"Saudi Arabia","countries_sb":"Solomon Islands","countries_sc":"Seychelles","countries_sd":"Sudan","countries_se":"Sweden","countries_sg":"Singapore","countries_sh":"Saint Helena","countries_si":"Slovenia","countries_sk":"Slovakia","countries_sl":"Sierra Leone","countries_sm":"San Marino","countries_sn":"Senegal","countries_so":"Somalia","countries_sr":"Suriname","countries_st":"São Tomé and Príncipe","countries_sv":"El Salvador","countries_sy":"Syria","countries_sz":"Swaziland","countries_tc":"Turks and Caicos Islands","countries_td":"Chad","countries_tf":"French Southern Territories","countries_tg":"Togo","countries_th":"Thailand","countries_tj":"Tajikistan","countries_tk":"Tokelau","countries_tl":"Timor-Leste","countries_tm":"Turkmenistan","countries_tn":"Tunisia","countries_to":"Tonga","countries_tr":"Turkey","countries_tt":"Trinidad and Tobago","countries_tv":"Tuvalu","countries_tw":"Taiwan","countries_tz":"Tanzania","countries_ua":"Ukraine","countries_ug":"Uganda","countries_um":"U.S. Minor Outlying Islands","countries_us":"United States","countries_uy":"Uruguay","countries_uz":"Uzbekistan","countries_va":"Vatican City","countries_vc":"Saint Vincent and the Grenadines","countries_ve":"Venezuela","countries_vg":"British Virgin Islands","countries_vi":"U.S. Virgin Islands","countries_vn":"Vietnam","countries_vu":"Vanuatu","countries_wf":"Wallis and Futuna","countries_ws":"Samoa","countries_ye":"Yemen","countries_yt":"Mayotte","countries_za":"South Africa","countries_zm":"Zambia","countries_zw":"Zimbabwe"}}